tree
version=v4
num_class=1
num_tree_per_iteration=1
label_index=0
max_feature_idx=6
objective=regression
feature_names=Column_0 Column_1 Column_2 Column_3 Column_4 Column_5 Column_6
feature_infos=[15373:15390] [118051:118224] [6:17] [0:6] none [0:27526.458424502078] none
tree_sizes=1424 1360 1448 1588 1363 1589 1587 1584 1582 1581 1670 1746 1662 1653 1648 1651 1573 1572 1573 1498 1408 1490 1419 1491 1659 1423 1416 1422 1410 1411 1493 1575 1579 1411 1492 1646 1568 1565 1634 1639 1482 1410 1564 1331 1477 1558 1560 1479 1484 1487 1484 1562 1564 1483 1645 1732 1734 1732 1725 1566 1489 1490 1572 1566 1569 1421 1491 1488 1340 1489 1735 1735 1737 1577 1663 1582 1663 1582 1506 1671 1432 1512 1511 1584 1506 1586 1671 1516 1591 1518 1593 1600 1599 1595 1514 1666 1676 1671 1679 1672 1679 1679 1679 1684 1682 1602 1600 1601 1604 1600 1600 1597 1692 1605 1684 1677 1680 1687 1689 1692 1693 1772 1687 1696 1693 1691 1601 1773 1606 1694 1608 1611 1530 1527 1686 1529 1605 1686 1603 1608 1608 1770 1610 1691 1775 1532 1531 1687 1531 1609 1611 1607 1535 1609 1533 1531 1687 1533 1773 1598 1610 1610 1611 1691 1612 1614 1616 1617 1615 1620 1617 1699 1614 1613 1615 1688 1530 1699 1693 1623 1702 1617 1620 1615 1626 1624 1614 1623 1618 1624 1613 1616 1617 1540 1621 1612 1545 1615 1545 1618

Tree=0
num_leaves=16
num_cat=0
split_feature=2 2 2 1 5 5 1 1 0 2 0 0 0 2 0
split_gain=1.32497e+08 1.66287e+07 1.50325e+07 7.20168e+06 3.55492e+06 4.28977e+06 2.28609e+06 2.09056e+06 3.08758e+06 1.85082e+06 1.08054e+06 891537 1.63345e+06 545308 69189.5
threshold=11.500000000000002 14.500000000000002 8.5000000000000018 118189.50000000001 744.26634190647655 2207.9776246180054 118118.50000000001 118164.00000000001 15379.500000000002 7.5000000000000009 15383.500000000002 15386.000000000002 15379.500000000002 6.5000000000000009 15381.500000000002
decision_type=2 2 2 2 2 2 2 2 2 2 2 2 2 2 2
left_child=2 4 9 7 -2 -6 -4 8 -3 13 -7 12 -8 14 -1
right_child=1 3 6 -5 5 10 11 -9 -10 -11 -12 -13 -14 -15 -16
leaf_value=941.00514100588907 1021.6201604219443 1046.265444929516 988.93541914660284 1012.6839150982339 986.4023365323352 1014.6663720761451 966.04644490590294 1052.2883400900241 1022.7695327571571 960.28720584181076 1000.2616616337817 965.14791958256819 983.63276932427982 951.13551703409121 944.97470622328046
leaf_weight=23 22 27 28 38 38 30 23 22 29 36 23 28 31 37 21
leaf_count=23 22 27 28 38 38 30 23 22 29 36 23 28 31 37 21
internal_value=990.401 1017.23 963.33 1030.53 1003.58 999.223 976.6 1039.23 1034.1 950.854 1008.42 972.388 976.142 946.662 942.9
internal_weight=456 229 227 116 113 91 110 78 56 117 53 82 54 81 44
internal_count=456 229 227 116 113 91 110 78 56 117 53 82 54 81 44
is_linear=0
shrinkage=1


Tree=1
num_leaves=15
num_cat=0
split_feature=2 2 2 1 5 5 2 1 0 2 5 0 2 0
split_gain=1.19579e+08 1.50074e+07 1.35668e+07 6.49952e+06 3.20831e+06 3.87152e+06 2.0763e+06 1.88673e+06 2.78654e+06 1.67036e+06 1.51571e+06 975190 492141 62443.5
threshold=11.500000000000002 14.500000000000002 8.5000000000000018 118189.50000000001 744.26634190647655 2207.9776246180054 10.500000000000002 118164.00000000001 15379.500000000002 7.5000000000000009 7700.6418778170964 15383.500000000002 6.5000000000000009 15381.500000000002
decision_type=2 2 2 2 2 2 2 2 2 2 2 2 2 2
left_child=2 4 9 7 -2 -6 10 8 -3 12 -4 -7 13 -1
right_child=1 3 6 -5 5 11 -8 -9 -10 -11 -12 -13 -14 -15
leaf_value=-46.46982156504756 30.11444618918679 53.52746717664931 -10.818068509224133 21.625014288801896 -3.3424854479337998 23.508347574869791 -3.0056253072377799 59.249219859730118 31.206351023706898 -28.151860851711696 -25.261414628870348 9.8238734867261801 -36.845964091532942 -42.698736572265631
leaf_weight=23 22 27 39 38 38 30 37 22 29 36 34 23 37 21
leaf_count=23 22 27 39 38 38 30 37 22 29 36 34 23 37 21
internal_value=0.455952 25.9483 -25.261 38.5815 12.9797 8.8372 -12.6546 46.8424 41.9683 -37.1132 -17.5451 17.5698 -41.096 -44.67
internal_weight=456 229 227 116 113 91 110 78 56 117 73 53 81 44
internal_count=456 229 227 116 113 91 110 78 56 117 73 53 81 44
is_linear=0
shrinkage=0.05


Tree=2
num_leaves=16
num_cat=0
split_feature=2 2 2 1 0 0 1 1 0 2 2 0 0 2 0
split_gain=1.0792e+08 1.35441e+07 1.22441e+07 5.86581e+06 2.90507e+06 2.88539e+06 1.97292e+06 1.70277e+06 2.51485e+06 1.5075e+06 1.10812e+06 797750 1.45019e+06 444157 56355.4
threshold=11.500000000000002 14.500000000000002 8.5000000000000018 118189.50000000001 15386.000000000002 15374.500000000002 118118.50000000001 118164.00000000001 15379.500000000002 7.5000000000000009 13.500000000000002 15386.000000000002 15379.500000000002 6.5000000000000009 15381.500000000002
decision_type=2 2 2 2 2 2 2 2 2 2 2 2 2 2 2
left_child=2 4 9 7 5 -2 -4 8 -3 13 -7 12 -8 14 -1
right_child=1 3 6 -5 -6 10 11 -9 -10 -11 -12 -13 -14 -15 -16
leaf_value=-44.146332185164745 2.2453321456909179 50.851093885633681 -0.56256248610360282 20.543764134457238 -1.6374714340482439 17.282776693395668 -21.896196879511294 56.286757590553975 29.646033030542835 -26.744266764322919 31.077760442097983 -22.78354345049177 -5.3257205593970518 -35.003666728251687 -40.563796997070312
leaf_weight=23 24 27 28 38 28 37 23 22 29 36 24 28 31 37 21
leaf_count=23 24 27 28 38 28 37 23 22 29 36 24 28 31 37 21
internal_value=0.433155 24.6509 -23.998 36.6525 12.3307 16.932 -12.0218 44.5003 39.8699 -35.2576 22.7103 -15.9347 -12.3835 -39.0412 -42.4365
internal_weight=456 229 227 116 113 85 110 78 56 117 61 82 54 81 44
internal_count=456 229 227 116 113 85 110 78 56 117 61 82 54 81 44
is_linear=0
shrinkage=0.05


Tree=3
num_leaves=18
num_cat=0
split_feature=2 2 0 2 0 2 5 0 0 2 2 1 2 2 0 0 0
split_gain=9.75689e+07 1.66944e+07 8.13814e+06 7.94242e+06 3.31384e+06 2.92732e+06 2.41551e+06 2.16726e+06 2.30502e+06 1.30592e+06 726638 577791 400852 345711 224321 50860.7 683.183
threshold=12.500000000000002 9.5000000000000018 15386.000000000002 15.500000000000002 15374.500000000002 7.5000000000000009 4724.1976418737149 15386.000000000002 15374.500000000002 13.500000000000002 14.500000000000002 118153.00000000001 6.5000000000000009 14.500000000000002 15381.500000000002 15381.500000000002 15379.500000000002
decision_type=2 2 2 2 2 2 2 2 2 2 2 2 2 2 2 2 2
left_child=1 5 3 4 -2 12 -5 8 -3 -6 -4 16 15 -11 -10 -1 -7
right_child=2 7 10 6 9 11 -8 -9 14 13 -12 -13 -14 -15 -16 -17 -18
leaf_value=-41.939014069930373 8.3242832325122986 -13.198577451705933 0.46580312252044681 55.449469364050664 19.181788237198543 -19.099067840576172 35.071676166240984 -16.3803112819277 2.8433976829051972 29.523872502644856 13.49699765910273 -28.529959790459994 -33.253483622782937 38.10226772142493 9.493963414146787 -38.535607910156251 -19.507392665318079
leaf_weight=23 27 24 20 33 23 20 26 29 32 24 23 29 37 23 21 21 21
leaf_count=23 27 24 20 33 23 20 26 29 32 24 23 29 37 23 21 21 21
internal_value=0.411497 -19.9403 26.695 32.0036 23.2048 -30.6174 46.4694 -4.7305 -0.342908 28.9444 7.43598 -23.1286 -37.0892 33.7218 5.47853 -40.3147 -19.3082
internal_weight=456 257 199 156 97 151 59 106 77 70 43 70 81 47 53 44 41
internal_count=456 257 199 156 97 151 59 106 77 70 43 70 81 47 53 44 41
is_linear=0
shrinkage=0.05


Tree=4
num_leaves=15
num_cat=0
split_feature=2 2 2 1 5 5 2 1 0 5 2 0 2 0
split_gain=8.82778e+07 1.09535e+07 9.96385e+06 4.977e+06 2.39445e+06 3.10251e+06 1.6969e+06 1.42757e+06 2.07285e+06 1.23783e+06 1.19746e+06 810618 361769 45901.7
threshold=11.500000000000002 14.500000000000002 8.5000000000000018 118189.50000000001 744.26634190647655 2207.9776246180054 10.500000000000002 118164.00000000001 15379.500000000002 7700.6418778170964 7.5000000000000009 15383.500000000002 6.5000000000000009 15381.500000000002
decision_type=2 2 2 2 2 2 2 2 2 2 2 2 2 2
left_child=2 4 10 7 -2 -6 9 8 -3 -4 12 -7 13 -1
right_child=1 3 6 -5 5 11 -8 -9 -10 -11 -12 -13 -14 -15
leaf_value=-39.842062775985056 26.017498501864345 46.04576382107205 -9.2437400084275474 18.248889225407652 -3.267101333015844 20.867708435058596 -2.1788017066749368 51.10797674005682 26.794162276695516 -22.296155615413891 -24.275015682644316 8.3912443824436362 -31.590809672587625 -36.608828735351565
leaf_weight=23 22 27 39 38 38 30 37 22 29 34 36 23 37 21
leaf_count=23 22 27 39 38 38 30 37 22 29 34 36 23 37 21
internal_value=0.390922 22.2942 -21.7053 33.0871 11.2147 7.63604 -10.9017 40.3159 36.0762 -15.3229 -31.8625 15.4534 -35.2347 -38.2989
internal_weight=456 229 227 116 113 91 110 78 56 73 117 53 81 44
internal_count=456 229 227 116 113 91 110 78 56 73 117 53 81 44
is_linear=0
shrinkage=0.05


Tree=5
num_leaves=18
num_cat=0
split_feature=2 2 0 2 2 0 0 5 0 2 2 1 2 2 1 2 0
split_gain=8.22543e+07 1.38084e+07 8.99153e+06 6.23154e+06 2.55746e+06 2.17297e+06 1.72099e+06 1.51447e+06 1.48108e+06 1.16481e+06 707389 445130 425070 312319 257752 211374 59931.8
threshold=12.500000000000002 9.5000000000000018 15386.000000000002 15.500000000000002 7.5000000000000009 15386.000000000002 15374.500000000002 4724.1976418737149 15374.500000000002 13.500000000000002 10.500000000000002 118153.00000000001 15.500000000000002 6.5000000000000009 118164.00000000001 8.5000000000000018 15381.500000000002
decision_type=2 2 2 2 2 2 2 2 2 2 2 2 2 2 2 2 2
left_child=1 4 3 6 13 8 -2 -5 -3 -8 -10 15 -4 16 -11 -6 -1
right_child=2 5 12 7 11 -7 9 -9 10 14 -12 -13 -14 -15 -16 -17 -18
leaf_value=-37.671304598721598 10.599245489211311 -10.071660677591961 2.2808716124066941 50.475195142957901 -20.307596705510065 -15.352139129638672 17.950719153362773 34.455884819030764 -2.1145182070524799 28.108854467218574 9.1734345681326737 -25.715248207423997 11.845167178199405 -29.637868941457647 35.853187343052461 -13.648446793989704 -33.980660178444602
leaf_weight=22 21 24 26 36 26 30 23 25 23 22 35 23 21 38 21 22 22
leaf_count=22 21 24 26 36 26 30 23 25 23 22 35 23 21 38 21 22 22
internal_value=0.959073 -17.1779 25.6068 31.6572 -26.9431 -3.83793 23.0662 43.9099 0.374591 27.033 4.69718 -19.996 6.55428 -32.9583 31.891 -17.2555 -35.826
internal_weight=460 265 195 148 153 112 87 61 82 66 58 71 47 82 43 48 44
internal_count=460 265 195 148 153 112 87 61 82 66 58 71 47 82 43 48 44
is_linear=0
shrinkage=0.05


Tree=6
num_leaves=18
num_cat=0
split_feature=2 2 0 2 2 0 0 5 0 2 2 1 2 2 1 2 0
split_gain=7.42345e+07 1.24621e+07 8.11486e+06 5.62397e+06 2.3081e+06 1.96111e+06 1.55319e+06 1.36681e+06 1.33667e+06 1.05124e+06 638418 401730 383626 281868 232621 190765 54088.4
threshold=12.500000000000002 9.5000000000000018 15386.000000000002 15.500000000000002 7.5000000000000009 15386.000000000002 15374.500000000002 4724.1976418737149 15374.500000000002 13.500000000000002 10.500000000000002 118153.00000000001 15.500000000000002 6.5000000000000009 118164.00000000001 8.5000000000000018 15381.500000000002
decision_type=2 2 2 2 2 2 2 2 2 2 2 2 2 2 2 2 2
left_child=1 4 3 6 13 8 -2 -5 -3 -8 -10 15 -4 16 -11 -6 -1
right_child=2 5 12 7 11 -7 9 -9 10 14 -12 -13 -14 -15 -16 -17 -18
leaf_value=-35.787738314541905 10.069283331008187 -9.5680778662363704 2.1668278918816495 47.951436275906033 -19.292217430701626 -14.58453239440918 17.053183646824049 32.73309055519104 -2.0087922966998555 26.703412697531963 8.7147629438127794 -24.429485088845961 11.252909342447918 -28.155975020559211 34.060527474539626 -12.966024641557173 -32.281627585671167
leaf_weight=22 21 24 26 36 26 30 23 25 23 22 35 23 21 38 21 22 22
leaf_count=22 21 24 26 36 26 30 23 25 23 22 35 23 21 38 21 22 22
internal_value=0.91112 -16.319 24.3264 30.0743 -25.596 -3.64603 21.9129 41.7144 0.355861 25.6814 4.46232 -18.9962 6.22657 -31.3104 30.2964 -16.3927 -34.0347
internal_weight=460 265 195 148 153 112 87 61 82 66 58 71 47 82 43 48 44
internal_count=460 265 195 148 153 112 87 61 82 66 58 71 47 82 43 48 44
is_linear=0
shrinkage=0.05


Tree=7
num_leaves=18
num_cat=0
split_feature=2 2 0 2 2 1 2 0 0 2 1 2 2 2 5 2 0
split_gain=6.69967e+07 1.1247e+07 7.32366e+06 5.23555e+06 2.08306e+06 1.96772e+06 2.39787e+06 1.7699e+06 1.20635e+06 576173 362561 346222 324160 254386 192655 172166 48814.9
threshold=12.500000000000002 9.5000000000000018 15386.000000000002 16.500000000000004 7.5000000000000009 118188.00000000001 13.500000000000002 15386.000000000002 15374.500000000002 10.500000000000002 118153.00000000001 15.500000000000002 15.500000000000002 6.5000000000000009 2782.7511815560647 8.5000000000000018 15381.500000000002
decision_type=2 2 2 2 2 2 2 2 2 2 2 2 2 2 2 2 2
left_child=1 4 3 5 13 6 -2 8 -3 -10 15 -4 14 16 -8 -6 -1
right_child=2 7 11 -5 10 -7 12 -9 9 -11 -12 -13 -14 -15 -16 -17 -18
leaf_value=-33.998352328213784 12.39433563232422 -9.0896734237670902 2.0584865533388577 46.126098205104022 -18.327605731670673 12.766806522492439 26.809304300944014 -13.855305964152018 -1.9083526445471723 8.2790250396728506 -23.20801056571629 10.690264093308222 37.506682586669925 -26.748177417955901 33.453858947753908 -12.317723222212358 -30.667543723366478
leaf_weight=22 20 24 26 33 26 31 24 30 23 35 23 21 20 38 20 22 22
leaf_count=22 20 24 26 33 26 31 24 30 23 35 23 21 20 38 20 22 22
internal_value=0.865564 -15.5031 23.1101 28.5706 -24.3162 23.533 27.5062 -3.46373 0.338068 4.2392 -18.0464 5.91524 32.2287 -29.7449 29.8296 -15.5731 -32.3329
internal_weight=460 265 195 148 153 115 84 112 82 58 71 47 64 82 44 48 44
internal_count=460 265 195 148 153 115 84 112 82 58 71 47 64 82 44 48 44
is_linear=0
shrinkage=0.05


Tree=8
num_leaves=18
num_cat=0
split_feature=2 2 0 2 0 2 2 0 0 2 1 1 2 2 2 5 0
split_gain=6.04645e+07 1.01504e+07 6.6096e+06 4.72509e+06 1.95129e+06 1.87996e+06 1.62145e+06 1.59733e+06 1.08873e+06 519996 354101 327211 312466 229583 155380 62795.6 44055.4
threshold=12.500000000000002 9.5000000000000018 15386.000000000002 16.500000000000004 15374.500000000002 7.5000000000000009 14.500000000000002 15386.000000000002 15374.500000000002 10.500000000000002 118166.00000000001 118153.00000000001 15.500000000000002 6.5000000000000009 8.5000000000000018 2207.9776246180054 15381.500000000002
decision_type=2 2 2 2 2 2 2 2 2 2 2 2 2 2 2 2 2
left_child=1 5 3 4 -2 13 15 8 -3 -10 -8 14 -4 16 -7 -6 -1
right_child=2 7 12 -5 6 11 10 -9 9 -11 -12 -13 -14 -15 -16 -17 -18
leaf_value=-32.298434725674717 11.39328094482422 -8.635190415382386 1.9555622385098386 43.81979382832845 21.076780853271487 -17.411225597675031 28.797173690795901 -13.16254037221273 -1.8129350579303243 7.8650737190246591 37.805401763916016 -22.04761017509129 10.155750565301805 -25.41076828806024 -11.70183729691939 17.162048775809151 -29.134167133678091
leaf_weight=22 30 24 26 33 20 26 24 30 23 35 20 23 21 38 22 21 22
leaf_count=22 30 24 26 33 20 26 24 30 23 35 20 23 21 38 22 21 22
internal_value=0.822286 -14.7279 21.9546 27.1421 22.3563 -23.1004 26.2256 -3.29054 0.321165 4.02724 32.8918 -17.144 5.61948 -28.2576 -14.7944 19.0717 -30.7163
internal_weight=460 265 195 148 115 153 85 112 82 58 44 71 47 82 48 41 44
internal_count=460 265 195 148 115 153 85 112 82 58 44 71 47 82 48 41 44
is_linear=0
shrinkage=0.05


Tree=9
num_leaves=18
num_cat=0
split_feature=2 2 0 2 0 2 2 0 0 2 1 1 2 2 2 5 0
split_gain=5.45692e+07 9.16076e+06 5.96517e+06 4.26439e+06 1.76104e+06 1.69667e+06 1.46336e+06 1.44159e+06 982578 469296 319576 295308 282000 207199 140230 56673.1 39760
threshold=12.500000000000002 9.5000000000000018 15386.000000000002 16.500000000000004 15374.500000000002 7.5000000000000009 14.500000000000002 15386.000000000002 15374.500000000002 10.500000000000002 118166.00000000001 118153.00000000001 15.500000000000002 6.5000000000000009 8.5000000000000018 2207.9776246180054 15381.500000000002
decision_type=2 2 2 2 2 2 2 2 2 2 2 2 2 2 2 2 2
left_child=1 5 3 4 -2 13 15 8 -3 -10 -8 14 -4 16 -7 -6 -1
right_child=2 7 12 -5 6 11 10 -9 9 -11 -12 -13 -14 -15 -16 -17 -18
leaf_value=-30.683511629971594 10.823617350260417 -8.2034307718276978 1.8577840291536771 41.628803253173828 20.022941360473634 -16.54066420335036 27.357314936319991 -12.504413528442385 -1.7222882478133492 7.4718199866158628 35.915132293701177 -20.945230003025223 9.6479628063383558 -24.140229957982115 -11.116745307228783 16.303945995512464 -27.677458884499288
leaf_weight=22 30 24 26 33 20 26 24 30 23 35 20 23 21 38 22 21 22
leaf_count=22 30 24 26 33 20 26 24 30 23 35 20 23 21 38 22 21 22
internal_value=0.781171 -13.9915 20.8569 25.785 21.2385 -21.9453 24.9144 -3.12601 0.305106 3.82588 31.2472 -16.2868 5.3385 -26.8448 -14.0547 18.1181 -29.1805
internal_weight=460 265 195 148 115 153 85 112 82 58 44 71 47 82 48 41 44
internal_count=460 265 195 148 115 153 85 112 82 58 44 71 47 82 48 41 44
is_linear=0
shrinkage=0.05


Tree=10
num_leaves=19
num_cat=0
split_feature=2 2 1 2 0 0 2 1 1 0 2 2 0 5 2 5 0 5
split_gain=5.15338e+07 8.51612e+06 5.87169e+06 4.16123e+06 3.6498e+06 3.40347e+06 1.72731e+06 1.29684e+06 1.25499e+06 1.18782e+06 1.03496e+06 901322 360277 307970 169123 80124.9 29093.3 1431.21
threshold=12.500000000000002 9.5000000000000018 118188.00000000001 14.500000000000002 15383.500000000002 15389.000000000002 7.5000000000000009 118168.50000000001 118185.50000000001 15379.500000000002 10.500000000000002 13.500000000000002 15374.500000000002 2564.0481931076879 6.5000000000000009 1196.6125449937485 15381.500000000002 2656.5557746335844
decision_type=2 2 2 2 2 2 2 2 2 2 2 2 2 2 2 2 2 2
left_child=1 6 3 11 -4 -6 14 9 10 -5 -3 -2 -8 -14 16 -16 -1 -12
right_child=2 8 4 7 5 -7 12 -9 -10 -11 17 -13 13 -15 15 -17 -18 -19
leaf_value=-29.168428955078127 7.8679571696690154 -6.6167913129252769 -10.745113699776788 34.362996564592635 28.428548119284894 0.2872519788287935 -21.792597351074221 42.926807098388679 -11.579253375145697 20.4049474645544 5.0124061516353065 20.444737822434 -9.7799279708862308 -16.925430468509074 -25.879928588867188 -21.45790477934338 -26.704357777471127 5.5833241960276734
leaf_weight=25 28 31 21 35 22 21 20 20 31 27 21 29 25 38 20 21 23 23
leaf_count=25 28 31 21 35 22 21 20 20 31 27 21 29 25 38 20 21 23 23
internal_value=-0.279324 -14.2645 18.8728 24.643 6.34083 14.6851 -21.1345 31.8558 -3.11698 28.2845 0.380753 14.2667 -15.946 -14.0899 -25.9733 -23.615 -27.9877 5.31084
internal_weight=481 278 203 139 64 43 172 82 106 62 75 57 83 63 89 41 48 44
internal_count=481 278 203 139 64 43 172 82 106 62 75 57 83 63 89 41 48 44
is_linear=0
shrinkage=0.05


Tree=11
num_leaves=20
num_cat=0
split_feature=2 1 2 2 0 0 0 1 0 1 0 2 0 2 1 1 1 2 3
split_gain=4.65325e+07 6.34455e+06 5.80052e+06 4.9402e+06 3.86305e+06 3.47322e+06 1.20651e+06 1.1704e+06 1.11293e+06 1.10793e+06 1.072e+06 648405 519081 507571 369613 184376 159615 258801 29.8992
threshold=11.500000000000002 118186.50000000001 8.5000000000000018 14.500000000000002 15383.500000000002 15389.000000000002 15386.000000000002 118168.50000000001 15374.500000000002 118160.00000000001 15379.500000000002 7.5000000000000009 15379.500000000002 10.500000000000002 118136.50000000001 118144.00000000001 118133.50000000001 6.5000000000000009 3.5000000000000004
decision_type=2 2 2 2 2 2 2 2 2 2 2 2 2 2 2 2 2 2 2
left_child=2 3 11 9 -3 -6 8 10 -4 12 -5 16 -2 15 -13 -10 17 -1 -18
right_child=1 4 6 7 5 -7 -8 -9 13 -11 -12 14 -14 -15 -16 -17 18 -19 -20
leaf_value=-26.094890535794772 13.27173707144601 -11.501464579655575 -13.300913516680399 32.644846627371656 27.007120652632281 -0.23266721153259279 -15.553181260631931 40.780466918945315 -7.4460431957244886 22.407430267333986 19.384699870921949 -13.07138729095459 3.3593861465454107 5.2687767687051199 -22.2748038482666 -0.81288266181945801 -26.924064054943269 -18.726455723155631 -27.009485473632811
leaf_weight=26 28 26 24 35 22 25 31 20 20 20 27 24 25 23 20 22 21 22 20
leaf_count=26 28 26 24 35 22 25 31 20 20 20 27 24 25 23 20 22 21 22 20
internal_value=-0.265357 16.1167 -15.0286 21.8407 3.96304 12.5179 -7.05827 30.263 -4.09937 12.38 26.8703 -22.22 8.5961 -0.701883 -17.2548 -3.97153 -24.6747 -22.7177 -26.9657
internal_weight=481 228 253 155 73 47 120 82 89 73 62 133 53 65 44 42 89 48 41
internal_count=481 228 253 155 73 47 120 82 89 73 62 133 53 65 44 42 89 48 41
is_linear=0
shrinkage=0.05


Tree=12
num_leaves=19
num_cat=0
split_feature=2 2 1 2 0 0 2 0 1 0 2 0 0 2 5 1 2 3
split_gain=4.20786e+07 6.98902e+06 4.77566e+06 3.37099e+06 2.95924e+06 2.76663e+06 1.38184e+06 1.0797e+06 1.05629e+06 967484 799708 666345 313788 257030 255260 144052 233568 26.9845
threshold=12.500000000000002 9.5000000000000018 118188.00000000001 14.500000000000002 15383.500000000002 15389.000000000002 7.5000000000000009 15386.000000000002 118168.50000000001 15379.500000000002 13.500000000000002 15374.500000000002 15374.500000000002 10.500000000000002 2564.0481931076879 118133.50000000001 6.5000000000000009 3.5000000000000004
decision_type=2 2 2 2 2 2 2 2 2 2 2 2 2 2 2 2 2 2
left_child=1 6 3 10 -4 -6 15 11 9 -5 -2 -3 -8 -13 -14 16 -1 -17
right_child=2 7 4 8 5 -7 12 -9 -10 -11 -12 13 14 -15 -16 17 -18 -19
leaf_value=-24.790146754338192 6.8914829662867962 -7.2320146972482862 -9.6327849251883375 31.012603498186383 25.656764672019268 0.2845227536701021 -19.92861640930176 -11.422430631849501 38.741443328857429 18.415465093542029 18.738125057878165 -1.0699249723683233 -8.8162006149291994 5.7738571526373139 -15.321543051067152 -25.577860005696618 -17.790133042769 -25.659011077880862
leaf_weight=26 28 22 21 35 22 21 20 27 20 27 29 23 25 34 38 21 22 20
leaf_count=26 28 22 21 35 22 21 20 27 20 27 29 23 25 34 38 21 22 20
internal_value=-0.25209 -12.8894 17.0541 22.2579 5.75211 13.2657 -19.113 -2.79063 28.7498 25.5268 12.9187 0.159475 -14.4722 3.01233 -12.7401 -23.4409 -21.5818 -25.6174
internal_weight=481 278 203 139 64 43 172 106 82 62 57 79 83 57 63 89 48 41
internal_count=481 278 203 139 64 43 172 106 82 62 57 79 83 57 63 89 48 41
is_linear=0
shrinkage=0.05


Tree=13
num_leaves=19
num_cat=0
split_feature=2 2 2 1 1 2 1 5 5 2 0 0 5 1 1 2 1 3
split_gain=3.80043e+07 5.44794e+06 4.75217e+06 3.13152e+06 1.94268e+06 1.54014e+06 1.04919e+06 662398 570786 510603 487175 771320 368942 317529 130007 210795 119258 24.3529
threshold=11.500000000000002 15.500000000000002 8.5000000000000018 118186.50000000001 118190.50000000001 13.500000000000002 118118.50000000001 1257.6678709053197 1882.6202788283297 7.5000000000000009 15386.000000000002 15379.500000000002 1774.0482549333872 118136.50000000001 118133.50000000001 6.5000000000000009 118142.00000000001 3.5000000000000004
decision_type=2 2 2 2 2 2 2 2 2 2 2 2 2 2 2 2 2 2
left_child=2 3 9 5 7 16 -4 -3 -5 14 11 -8 -7 -11 15 -1 -2 -16
right_child=1 4 6 8 -6 12 10 -9 -10 13 -12 -13 -14 -15 17 -17 -18 -19
leaf_value=-23.55063910851112 4.545372160275778 24.743146260579429 1.7305597178141277 -6.4232533331270574 13.521137237548828 15.363797664642334 -13.813954119248823 35.71929522923061 4.5677117075238911 -11.80704272588094 -14.141511806364983 -1.9916738233050788 23.480606515066967 -20.337397537231446 -24.298967779250376 -16.900626512007282 9.7731803131103518 -24.3760604095459
leaf_weight=26 24 27 30 27 25 28 22 28 21 24 31 37 28 20 21 22 20 20
leaf_count=26 24 27 30 27 25 28 22 28 21 24 31 37 28 20 21 22 20 20
internal_value=-0.239485 14.5655 -13.5815 8.88304 25.0779 13.922 -6.36724 30.331 -1.61471 -20.0906 -9.06651 -6.39998 19.4222 -15.6845 -22.2689 -20.5027 6.92165 -24.3366
internal_weight=481 228 253 148 80 100 120 55 48 133 90 59 56 44 89 48 44 41
internal_count=481 228 253 148 80 100 120 55 48 133 90 59 56 44 89 48 44 41
is_linear=0
shrinkage=0.05


Tree=14
num_leaves=19
num_cat=0
split_feature=2 2 2 1 1 2 1 5 5 2 0 0 5 1 1 2 1 3
split_gain=3.42989e+07 4.91677e+06 4.28883e+06 2.8262e+06 1.75327e+06 1.38997e+06 946894 597814 515135 460819 439675 696117 332971 286570 117331 190242 107630 21.9789
threshold=11.500000000000002 15.500000000000002 8.5000000000000018 118186.50000000001 118190.50000000001 13.500000000000002 118118.50000000001 1257.6678709053197 1882.6202788283297 7.5000000000000009 15386.000000000002 15379.500000000002 1774.0482549333872 118136.50000000001 118133.50000000001 6.5000000000000009 118142.00000000001 3.5000000000000004
decision_type=2 2 2 2 2 2 2 2 2 2 2 2 2 2 2 2 2 2
left_child=2 3 9 5 7 16 -4 -3 -5 14 11 -8 -7 -11 15 -1 -2 -16
right_child=1 4 6 8 -6 12 10 -9 -10 13 -12 -13 -14 -15 17 -17 -18 -19
leaf_value=-22.373106501652643 4.3181033472220101 23.505988594337747 1.6440317074457806 -6.102090694286205 12.845080764770509 14.595608002798897 -13.123255994103173 33.933330263410298 4.339325950259254 -11.216690270106 -13.434436207432903 -1.8920902072577865 22.306576483590263 -19.320527648925783 -23.084018816266742 -16.055594773726032 9.2845209693908686 -23.157257461547854
leaf_weight=26 24 27 30 27 25 28 22 28 21 24 31 37 28 20 21 22 20 20
leaf_count=26 24 27 30 27 25 28 22 28 21 24 31 37 28 20 21 22 20 20
internal_value=-0.227511 13.8372 -12.9024 8.43889 23.824 13.2259 -6.04888 28.8145 -1.53397 -19.086 -8.61318 -6.07998 18.4511 -14.9003 -21.1554 -19.4776 6.57557 -23.1197
internal_weight=481 228 253 148 80 100 120 55 48 133 90 59 56 44 89 48 44 41
internal_count=481 228 253 148 80 100 120 55 48 133 90 59 56 44 89 48 44 41
is_linear=0
shrinkage=0.05


Tree=15
num_leaves=19
num_cat=0
split_feature=2 2 0 0 0 2 1 1 1 2 0 0 1 1 2 2 5 2
split_gain=2.97714e+07 3.8748e+06 3.85915e+06 3.44709e+06 6.13401e+06 3.2425e+06 847864 689018 616507 362790 317043 685170 271543 241894 222468 167061 113291 38741.9
threshold=11.500000000000002 8.5000000000000018 15386.000000000002 15374.500000000002 15373.500000000002 15.500000000000002 118118.50000000001 118168.50000000001 118129.50000000001 7.5000000000000009 15386.000000000002 15381.500000000002 118136.50000000001 118153.00000000001 14.500000000000002 14.500000000000002 652.3442391312077 6.5000000000000009
decision_type=2 2 2 2 2 2 2 2 2 2 2 2 2 2 2 2 2 2
left_child=1 9 3 4 -2 8 -3 -7 -5 16 11 13 -11 -8 -4 -10 -1 -18
right_child=2 6 14 5 -6 7 10 -9 15 12 -12 -13 -14 -15 -16 -17 17 -19
leaf_value=-17.359442719959077 25.693195571899412 1.7587991510118759 -2.1126453330119452 8.925113254547119 -11.799599043528239 25.791485519409179 -6.1453007102012638 38.480873837678331 16.149695929165542 -10.936595847389915 -12.736937318024813 0.85728807015852504 -18.885418919154578 -13.828629323414393 4.5034383844446255 22.089764556884766 -22.734500660615808 -20.141652709960937
leaf_weight=21 20 28 24 25 24 20 20 23 29 22 27 22 21 21 27 20 34 25
leaf_count=21 20 28 24 25 24 20 20 23 29 22 27 22 21 21 27 20 34 25
internal_value=-0.290601 -12.3127 13.376 17.1728 5.24258 21.6594 -5.83981 32.5788 15.3144 -18.5225 -8.20382 -6.26106 -14.8186 -10.0807 1.38999 18.5742 -20.5133 -21.6358
internal_weight=453 241 212 161 44 117 118 43 74 123 90 63 43 41 51 49 80 59
internal_count=453 241 212 161 44 117 118 43 74 123 90 63 43 41 51 49 80 59
is_linear=0
shrinkage=0.05


Tree=16
num_leaves=18
num_cat=0
split_feature=2 2 0 2 0 2 1 0 1 2 0 0 1 1 2 5 5
split_gain=2.68687e+07 3.49701e+06 3.48288e+06 3.13437e+06 2.19096e+06 1.08153e+06 765197 711941 404487 327418 286132 618366 245068 218309 200777 102245 35575.3
threshold=11.500000000000002 8.5000000000000018 15386.000000000002 14.500000000000002 15374.500000000002 16.500000000000004 118118.50000000001 15374.500000000002 118160.00000000001 7.5000000000000009 15386.000000000002 15381.500000000002 118136.50000000001 118153.00000000001 14.500000000000002 652.3442391312077 1196.6125449937485
decision_type=2 2 2 2 2 2 2 2 2 2 2 2 2 2 2 2 2
left_child=1 9 3 7 -5 -6 -3 -2 -9 15 11 13 -11 -8 -4 -1 -17
right_child=2 6 14 4 5 -7 10 8 -10 12 -12 -13 -14 -15 -16 16 -18
leaf_value=-16.491470336914062 1.0623113112016158 1.6708590643746513 -2.007013010978699 8.8985910589044757 22.183278510684062 35.318339843750003 -5.8380356550216677 6.9832674067953366 16.006482668276188 -10.389765687422319 -12.100090394196688 0.81442370252175766 -17.941148085821244 -13.137198383467538 4.2782665023097293 -22.090095652704655 -19.572678629557291
leaf_weight=21 22 28 24 22 42 25 20 23 27 22 27 22 21 21 27 23 36
leaf_count=21 22 28 24 22 42 25 20 23 27 22 27 22 21 21 27 23 36
internal_value=-0.276071 -11.6971 12.7072 16.3142 22.589 27.0844 -5.54782 8.55779 11.8558 -17.5963 -7.79363 -5.94801 -14.0777 -9.57663 1.32049 -19.4876 -20.554
internal_weight=453 241 212 161 89 67 118 72 50 123 90 63 43 41 51 80 59
internal_count=453 241 212 161 89 67 118 72 50 123 90 63 43 41 51 80 59
is_linear=0
shrinkage=0.05


Tree=17
num_leaves=18
num_cat=0
split_feature=2 2 0 0 2 1 2 1 5 5 2 0 1 5 2 1 1
split_gain=2.44148e+07 4.67482e+06 2.50736e+06 1.97734e+06 1.43727e+06 1.42646e+06 976081 867514 732784 512449 295495 250804 221174 92276.5 35027.7 26014 20661.1
threshold=10.500000000000002 14.500000000000002 15386.000000000002 15374.500000000002 8.5000000000000018 118185.50000000001 16.500000000000004 118158.00000000001 7700.6418778170964 1485.2213415857179 7.5000000000000009 15379.500000000002 118136.50000000001 652.3442391312077 6.5000000000000009 118123.50000000001 118139.50000000001
decision_type=2 2 2 2 2 2 2 2 2 2 2 2 2 2 2 2 2
left_child=4 5 3 -3 10 7 -5 11 16 -7 13 -2 -12 -1 -15 -13 -6
right_child=1 2 -4 6 8 9 -8 -9 -10 -11 12 15 -14 14 -16 -17 -18
leaf_value=-15.66689678373791 8.2034842936197929 8.4536614504727456 4.064353073967828 21.074114735921228 -4.8189082021298617 -9.033025134693494 33.552423400878908 16.226661682128906 -13.727664642610762 1.7588981455022639 -9.8702775435014214 3.5656354188919068 -17.044090488978796 -20.571014673569625 -18.105587829589844 1.0999989551046621 -2.6497086434137254
leaf_weight=21 30 22 27 42 23 22 25 21 32 22 22 20 21 34 25 23 21
leaf_count=21 30 22 27 42 23 22 25 21 32 22 22 20 21 34 25 23 21
internal_value=-0.262268 10.0122 17.4107 21.4596 -13.3764 3.79309 25.7302 7.27103 -7.97058 -3.63706 -16.7165 4.69476 -13.3738 -18.5132 -19.5263 2.24681 -3.78361
internal_weight=453 254 116 89 199 138 67 94 76 44 123 73 43 80 59 43 44
internal_count=453 254 116 89 199 138 67 94 76 44 123 73 43 80 59 43 44
is_linear=0
shrinkage=0.05


Tree=18
num_leaves=18
num_cat=0
split_feature=2 2 0 0 2 1 2 1 5 5 2 0 1 5 5 1 1
split_gain=2.20344e+07 4.21903e+06 2.26289e+06 1.78455e+06 1.29713e+06 1.28738e+06 880913 782931 661338 462485 266684 226351 199609 83279.5 32166.7 23477.7 18646.6
threshold=10.500000000000002 14.500000000000002 15386.000000000002 15374.500000000002 8.5000000000000018 118185.50000000001 16.500000000000004 118158.00000000001 7700.6418778170964 1485.2213415857179 7.5000000000000009 15379.500000000002 118136.50000000001 652.3442391312077 1196.6125449937485 118123.50000000001 118139.50000000001
decision_type=2 2 2 2 2 2 2 2 2 2 2 2 2 2 2 2 2
left_child=4 5 3 -3 10 7 -5 11 16 -7 13 -2 -12 -1 -15 -13 -6
right_child=1 2 -4 6 8 9 -8 -9 -10 -11 12 15 -14 14 -16 -17 -18
leaf_value=-14.88355196998233 7.7933101399739586 8.030978150801225 3.8611354898523405 20.020408957345147 -4.5779627675595496 -8.5813740123401985 31.874802551269536 15.415328834170388 -13.041281348466875 1.6709534211592243 -9.3767638813365597 3.3873535013198857 -16.191885593959267 -20.010636570142665 -17.616856829325357 1.0449989816416865 -2.5172233581542969
leaf_weight=21 30 22 27 42 23 22 25 21 32 22 22 20 21 23 36 23 21
leaf_count=21 30 22 27 42 23 22 25 21 32 22 22 20 21 23 36 23 21
internal_value=-0.249154 9.51155 16.5402 20.3866 -12.7075 3.60343 24.4437 6.90748 -7.57205 -3.45521 -15.8807 4.46002 -12.7051 -17.5876 -18.55 2.13447 -3.59443
internal_weight=453 254 116 89 199 138 67 94 76 44 123 73 43 80 59 43 44
internal_count=453 254 116 89 199 138 67 94 76 44 123 73 43 80 59 43 44
is_linear=0
shrinkage=0.05


Tree=19
num_leaves=17
num_cat=0
split_feature=2 2 1 1 2 5 1 0 5 0 2 1 2 5 2 1
split_gain=1.9886e+07 3.85897e+06 2.337e+06 1.56238e+06 1.17066e+06 1.12579e+06 943841 771930 596857 452862 240682 180147 136882 75159.8 31669.5 16828.6
threshold=10.500000000000002 13.500000000000002 118188.00000000001 118204.00000000001 8.5000000000000018 1250.3765546007476 118166.00000000001 15379.500000000002 7700.6418778170964 15383.500000000002 7.5000000000000009 118136.50000000001 11.500000000000002 652.3442391312077 6.5000000000000009 118139.50000000001
decision_type=2 2 2 2 2 2 2 2 2 2 2 2 2 2 2 2
left_child=4 5 6 -4 10 -2 7 -3 15 12 13 -12 -7 -1 -15 -6
right_child=1 2 3 -5 8 9 -8 -9 -10 -11 11 -13 -14 14 -16 -17
leaf_value=-14.139374396914528 -6.7158353042602545 20.237510997493093 -5.0977819896879657 12.453839802742005 -4.3490646154984187 4.7899525242192409 26.673316896878756 10.047882458742928 -12.389217102527619 -0.70671289761861167 -8.9079255884343933 -15.382291884649369 10.265690883636475 -18.615857786290785 -16.271589721679685 -2.3913620608193535
leaf_weight=21 30 41 21 32 23 21 26 34 32 24 22 21 25 34 25 21
leaf_count=21 30 41 21 32 23 21 26 34 32 24 22 21 25 34 25 21
internal_value=-0.236697 9.03597 14.0022 5.49942 -12.0722 1.38795 18.4641 15.6182 -7.19345 4.861 -15.0867 -12.0698 7.7659 -16.7082 -17.6225 -3.41471
internal_weight=453 254 154 53 199 100 101 75 76 70 123 43 46 80 59 44
internal_count=453 254 154 53 199 100 101 75 76 70 123 43 46 80 59 44
is_linear=0
shrinkage=0.05


Tree=20
num_leaves=16
num_cat=0
split_feature=2 2 1 0 2 5 2 0 5 2 0 1 2 2 1
split_gain=1.73906e+07 3.18065e+06 2.27124e+06 2.78256e+06 986058 953108 813750 358840 346463 397072 211094 174139 66575 55911.9 30406
threshold=10.500000000000002 13.500000000000002 118188.00000000001 15383.500000000002 7.5000000000000009 1250.3765546007476 16.500000000000004 15383.500000000002 7359.1995284601899 8.5000000000000018 15379.500000000002 118087.50000000001 9.5000000000000018 6.5000000000000009 118125.00000000001
decision_type=2 2 2 2 2 2 2 2 2 2 2 2 2 2 2
left_child=4 5 6 -4 11 -2 10 14 9 -6 -3 -1 -11 -13 -7
right_child=1 2 3 -5 8 7 -8 -9 -10 12 -12 13 -14 -15 -16
leaf_value=-11.330898017883301 -6.0706181464656712 17.070239353179932 -9.4024437991055585 12.836484532478529 -10.400541471180164 5.8687564510565542 25.063384501139325 -0.22108272623132774 -12.539320155552456 -5.4805337385697799 11.866285349193372 -17.86350371531951 -1.672617154320081 -14.870136378361629 8.4267650967552559
leaf_weight=20 31 40 22 39 38 26 24 27 35 22 38 39 24 26 21
leaf_count=20 31 40 22 39 38 26 24 27 35 22 38 39 24 26 21
internal_value=-0.297287 8.07616 12.448 4.81589 -11.2977 1.28944 17.0123 4.37271 -8.35976 -6.61828 14.535 -15.4108 -3.49379 -16.6662 7.0117
internal_weight=472 268 163 61 204 105 102 74 119 84 78 85 46 65 47
internal_count=472 268 163 61 204 105 102 74 119 84 78 85 46 65 47
is_linear=0
shrinkage=0.05


Tree=21
num_leaves=17
num_cat=0
split_feature=2 2 1 0 2 5 2 0 0 0 1 1 0 1 2 1
split_gain=1.5695e+07 2.87054e+06 2.04979e+06 2.51126e+06 889917 860180 734409 331386 567055 323853 243047 193133 412627 157160 50460.6 27441.4
threshold=10.500000000000002 13.500000000000002 118188.00000000001 15383.500000000002 7.5000000000000009 1250.3765546007476 16.500000000000004 15386.000000000002 15374.500000000002 15383.500000000002 118144.00000000001 118162.00000000001 15379.500000000002 118087.50000000001 6.5000000000000009 118125.00000000001
decision_type=2 2 2 2 2 2 2 2 2 2 2 2 2 2 2 2
left_child=4 5 6 -4 13 -2 11 8 -6 15 -10 12 -3 -1 -15 -7
right_child=1 2 3 -5 7 9 -8 -9 10 -11 -12 -13 -14 14 -16 -17
leaf_value=-10.764352912902833 -5.7670872592156934 16.696862482141565 -8.9323216524991125 12.194660213666085 -12.39859955262925 5.5753186702728277 23.810214869181316 -12.698467608860561 -6.450211017196243 -0.21002854947690613 -0.14211854201096755 17.777713012695312 8.1074836994039607 -16.970328658666368 -14.126629169170673 8.0054270153953926
leaf_weight=20 31 27 22 39 28 26 24 28 37 27 26 22 29 39 26 21
leaf_count=20 31 27 22 39 28 26 24 28 37 27 26 22 29 39 26 21
internal_value=-0.282422 7.67235 11.8256 4.57509 -10.7328 1.22497 16.1616 -7.94177 -6.47817 4.15407 -3.84687 13.8082 12.2488 -14.6403 -15.8328 6.66111
internal_weight=472 268 163 61 204 105 102 119 91 74 63 78 56 85 65 47
internal_count=472 268 163 61 204 105 102 119 91 74 63 78 56 85 65 47
is_linear=0
shrinkage=0.05


Tree=22
num_leaves=16
num_cat=0
split_feature=2 0 2 0 1 2 2 0 0 1 2 1 5 2 5
split_gain=1.41648e+07 2.70184e+06 2.41769e+06 1.13548e+06 1.00311e+06 803150 780584 299076 511767 219350 212768 141837 92730.2 45540.6 20983.6
threshold=10.500000000000002 15386.000000000002 15.500000000000002 15377.000000000002 118185.50000000001 7.5000000000000009 13.500000000000002 15386.000000000002 15374.500000000002 118144.00000000001 13.500000000000002 118087.50000000001 2271.3520262664047 6.5000000000000009 2207.9776246180054
decision_type=2 2 2 2 2 2 2 2 2 2 2 2 2 2 2
left_child=5 2 4 -4 6 11 12 8 -7 -10 -3 -1 -2 -13 -8
right_child=1 10 3 -5 -6 7 14 -9 9 -11 -12 13 -14 -15 -16
leaf_value=-10.226135482788088 3.3214138169442458 -5.12255466249254 11.634633661905925 25.391308542887373 -0.39956142023990027 -11.778669251714435 12.789238525390626 -12.063544382367816 -6.1277004886317901 -0.13501264131986176 0.74909830888112383 -16.121812125964041 7.2910147121974411 -13.42029782808744 14.881889542289404
leaf_weight=20 31 27 30 30 38 28 25 28 37 26 36 39 28 26 23
leaf_count=20 31 27 30 30 38 28 25 28 37 26 36 39 28 26 23
internal_value=-0.268301 7.28873 10.0718 18.513 6.57892 -10.1962 9.05726 -7.54468 -6.15426 -3.65453 -1.76732 -13.9082 5.20529 -15.0412 13.792
internal_weight=472 268 205 60 145 204 107 119 91 63 63 85 59 65 48
internal_count=472 268 205 60 145 204 107 119 91 63 63 85 59 65 48
is_linear=0
shrinkage=0.05


Tree=23
num_leaves=17
num_cat=0
split_feature=2 0 2 0 1 2 2 5 2 2 5 1 5 2 2 5
split_gain=1.27837e+07 2.43841e+06 2.18197e+06 1.02477e+06 905309 724843 704477 274655 332234 192023 160946 128008 83689 64637.3 41100.4 18937.7
threshold=10.500000000000002 15386.000000000002 15.500000000000002 15377.000000000002 118185.50000000001 7.5000000000000009 13.500000000000002 6824.107509378854 8.5000000000000018 13.500000000000002 8477.7114377533453 118087.50000000001 2271.3520262664047 9.5000000000000018 6.5000000000000009 2207.9776246180054
decision_type=2 2 2 2 2 2 2 2 2 2 2 2 2 2 2 2
left_child=5 2 4 -4 6 11 12 8 -7 -3 -9 -1 -2 -10 -13 -8
right_child=1 9 3 -5 -6 7 15 10 13 -11 -12 14 -14 -15 -16 -17
leaf_value=-9.7148287200927754 3.155343144939792 -4.8664267910851375 11.052901891072592 24.121743214925132 -0.37958347922877267 -9.2864479267235964 12.149776489257812 -13.714834136962891 -4.6694511673667218 0.71164342761039734 -7.3716170120239255 -15.315721247746394 6.926463930947441 -0.91735932628313699 -12.749283130352314 14.137794892684273
leaf_weight=20 31 27 30 30 38 33 25 20 22 36 20 39 28 24 26 23
leaf_count=20 31 27 30 30 38 33 25 20 22 36 20 39 28 24 26 23
internal_value=-0.254886 6.9243 9.56822 17.5873 6.24997 -9.68636 8.6044 -7.16745 -5.45819 -1.67896 -10.5432 -13.2128 4.94503 -2.71184 -14.2891 13.1024
internal_weight=472 268 205 60 145 204 107 119 79 63 40 85 59 46 65 48
internal_count=472 268 205 60 145 204 107 119 79 63 40 85 59 46 65 48
is_linear=0
shrinkage=0.05


Tree=24
num_leaves=19
num_cat=0
split_feature=2 2 0 0 1 2 1 1 2 1 0 0 5 1 0 5 0 2
split_gain=1.15782e+07 2.08167e+06 1.95478e+06 1.47303e+06 2.93353e+06 1.24247e+06 563585 502351 377188 310973 288179 328727 220747 210821 161216 106156 20295.3 3287.32
threshold=12.500000000000002 9.5000000000000018 15386.000000000002 15374.500000000002 118188.00000000001 15.500000000000002 118120.50000000001 118168.50000000001 6.5000000000000009 118129.50000000001 15374.500000000002 15386.000000000002 8477.7114377533453 118155.50000000001 15381.500000000002 1226.104167096569 15379.500000000002 14.500000000000002
decision_type=2 2 2 2 2 2 2 2 2 2 2 2 2 2 2 2 2 2
left_child=1 8 3 4 -2 9 -3 -7 16 -5 -10 14 13 -8 -12 -4 -1 -11
right_child=2 6 15 5 -6 7 12 -9 10 17 11 -13 -14 -15 -16 -17 -18 -19
leaf_value=-15.242985269297726 16.787354833429511 4.5424735307693487 2.3588377123787292 6.2886614359342135 -9.0334153262051675 15.924044113159182 -2.3417256228129069 26.996424502418154 -13.553211212158203 12.807832767652428 -7.8969262374074836 -12.717082612410836 0.58812483007257643 -8.3202434539794918 -2.8968722215720586 -2.5089759985605879 -13.203997245201698 13.684322052001955
leaf_weight=23 22 28 21 26 22 20 30 21 26 23 38 23 22 29 28 24 26 20
leaf_count=23 22 28 21 26 22 20 30 21 26 23 38 23 22 29 28 24 26 20
internal_value=-0.242142 -6.92812 8.93007 11.6089 3.87697 14.7016 -1.57258 21.5953 -10.4876 10.6054 -8.92237 -7.56953 -3.68642 -5.28032 -5.77569 -0.23733 -14.1611 13.2155
internal_weight=472 273 199 154 44 110 109 41 164 69 115 89 81 59 66 45 49 43
internal_count=472 273 199 154 44 110 109 41 164 69 115 89 81 59 66 45 49 43
is_linear=0
shrinkage=0.05


Tree=25
num_leaves=16
num_cat=0
split_feature=2 2 0 0 1 0 0 2 0 0 2 0 2 0 2
split_gain=1.12537e+07 2.24288e+06 1.50695e+06 1.10042e+06 1.75753e+06 642845 914668 384109 365143 308254 250336 246229 167016 164344 4063.92
threshold=13.500000000000002 9.5000000000000018 15386.000000000002 15381.500000000002 118168.50000000001 15374.500000000002 15386.000000000002 15.500000000000002 15381.500000000002 15374.500000000002 6.5000000000000009 15386.000000000002 11.500000000000002 15381.500000000002 14.500000000000002
decision_type=2 2 2 2 2 2 2 2 2 2 2 2 2 2 2
left_child=1 9 3 4 7 -3 8 14 -7 -1 -11 13 -8 -12 -2
right_child=2 5 -4 -5 -6 6 12 -9 -10 10 11 -13 -14 -15 -16
leaf_value=-13.670890436417018 10.269741325378419 -8.0930289472852444 0.93826457731651536 21.30005002339681 -1.7295073467752209 0.56127604007720944 -8.1654493172963463 18.002149245318247 7.6664737181230027 -12.279830349192901 -7.8603901310970912 -11.320063018798828 -1.9788147568702699 -2.9098876834909122 11.277699356079102
leaf_weight=39 20 28 33 30 23 40 24 34 33 34 38 27 20 30 20
leaf_count=39 20 28 33 30 23 40 24 34 33 34 38 27 20 30 20
internal_value=-0.329412 -5.84351 10.4575 12.9311 10.3427 -1.28764 0.341005 14.0949 3.77321 -9.77567 -8.59804 -7.28035 -5.35334 -5.67634 10.7737
internal_weight=473 313 160 127 97 145 117 74 73 168 129 95 44 68 40
internal_count=473 313 160 127 97 145 117 74 73 168 129 95 44 68 40
is_linear=0
shrinkage=0.05


Tree=26
num_leaves=16
num_cat=0
split_feature=2 2 0 2 1 0 0 0 0 2 0 2 0 2 1
split_gain=1.01565e+07 2.0242e+06 1.36002e+06 1.02703e+06 716750 580168 825488 329542 278199 225928 222222 150732 148321 72922 29916.5
threshold=13.500000000000002 9.5000000000000018 15386.000000000002 16.500000000000004 118188.00000000001 15374.500000000002 15386.000000000002 15381.500000000002 15374.500000000002 6.5000000000000009 15386.000000000002 11.500000000000002 15381.500000000002 15.500000000000002 118129.50000000001
decision_type=2 2 2 2 2 2 2 2 2 2 2 2 2 2 2
left_child=1 8 3 4 13 -3 7 -7 -1 -10 12 -8 -11 14 -2
right_child=2 5 -4 -5 -6 6 11 -9 9 10 -12 -13 -14 -15 -16
leaf_value=-12.987345905793019 9.7780607472295351 -7.6883773939950135 0.89135137326789637 19.720896193560435 2.1231122970581056 0.53321223139762874 -7.7571768442789724 7.2831499908909656 -11.665838892319623 -7.4673706054687505 -10.754059685601129 -1.8798740839958192 -2.7643933006127677 14.612055605933779 12.276750640869141
leaf_weight=39 23 28 33 34 24 40 24 33 34 38 27 20 30 21 25
leaf_count=39 23 28 33 34 24 40 24 33 34 38 27 20 30 21 25
internal_value=-0.312941 -5.55134 9.93467 12.2845 9.56583 -1.22325 0.323955 3.58455 -9.28688 -8.16814 -6.91633 -5.08568 -5.39253 12.1546 11.0795
internal_weight=473 313 160 127 93 145 117 73 168 129 95 44 68 69 48
internal_count=473 313 160 127 93 145 117 73 168 129 95 44 68 69 48
is_linear=0
shrinkage=0.05


Tree=27
num_leaves=16
num_cat=0
split_feature=2 2 0 0 1 0 0 2 0 0 2 0 2 0 2
split_gain=9.1662e+06 1.82684e+06 1.22742e+06 1.00259e+06 1.53801e+06 523602 745003 316906 297412 251075 203900 200555 136035 133859 3340.36
threshold=13.500000000000002 9.5000000000000018 15386.000000000002 15381.500000000002 118168.50000000001 15374.500000000002 15386.000000000002 15.500000000000002 15381.500000000002 15374.500000000002 6.5000000000000009 15386.000000000002 11.500000000000002 15381.500000000002 14.500000000000002
decision_type=2 2 2 2 2 2 2 2 2 2 2 2 2 2 2
left_child=1 9 3 4 7 -3 8 14 -7 -1 -11 13 -8 -12 -2
right_child=2 5 -4 -5 -6 6 12 -9 -10 10 11 -13 -14 -15 -16
leaf_value=-12.337978578225162 9.2361177062988276 -7.3039585113525396 0.84678379206946408 19.658583475748699 -2.0934921928074051 0.50655157208442692 -7.3693179925282797 16.258744161269245 6.9189924586902967 -11.082546772676357 -7.0940021263925663 -10.216356743706598 -1.7858803319931031 -2.6261736945311229 10.149950714111329
leaf_weight=39 20 28 33 30 23 40 24 34 33 34 38 27 20 30 20
leaf_count=39 20 28 33 30 23 40 24 34 33 34 38 27 20 30 20
internal_value=-0.297294 -5.27377 9.43794 11.6703 9.19967 -1.16209 0.307757 12.7097 3.40533 -8.82254 -7.75973 -6.57051 -4.83139 -5.1229 9.69303
internal_weight=473 313 160 127 97 145 117 74 73 168 129 95 44 68 40
internal_count=473 313 160 127 97 145 117 74 73 168 129 95 44 68 40
is_linear=0
shrinkage=0.05


Tree=28
num_leaves=16
num_cat=0
split_feature=2 2 0 2 1 0 0 0 0 2 0 2 0 2 1
split_gain=8.27249e+06 1.64873e+06 1.10775e+06 917337 606944 472550 672365 268414 226595 184020 181001 122772 120808 55958 23211.8
threshold=13.500000000000002 9.5000000000000018 15386.000000000002 16.500000000000004 118188.00000000001 15374.500000000002 15386.000000000002 15381.500000000002 15374.500000000002 6.5000000000000009 15386.000000000002 11.500000000000002 15381.500000000002 15.500000000000002 118129.50000000001
decision_type=2 2 2 2 2 2 2 2 2 2 2 2 2 2 2
left_child=1 8 3 4 13 -3 7 -7 -1 -10 12 -8 -11 14 -2
right_child=2 5 -4 -5 -6 6 11 -9 9 10 -12 -13 -14 -15 -16
leaf_value=-11.721079684526494 8.8114590022874921 -6.9387605598994675 0.80444461401784795 18.114813546573416 1.6684629122416181 0.48122401714324953 -7.0008523782094318 6.573042701952386 -10.528419584386491 -6.7393018672340803 -9.7055388839156542 -1.6965864682197571 -2.4948649660746258 13.052326456705728 11.012415618896485
leaf_weight=39 23 28 33 34 24 40 24 33 34 38 27 20 30 21 25
leaf_count=39 23 28 33 34 24 40 24 33 34 38 27 20 30 21 25
internal_value=-0.28243 -5.01008 8.96604 11.0868 8.51738 -1.10399 0.292369 3.23506 -8.38141 -7.37175 -6.24199 -4.58982 -4.86676 10.8996 9.95779
internal_weight=473 313 160 127 93 145 117 73 168 129 95 44 68 69 48
internal_count=473 313 160 127 93 145 117 73 168 129 95 44 68 69 48
is_linear=0
shrinkage=0.05


Tree=29
num_leaves=16
num_cat=0
split_feature=2 2 0 0 1 0 0 1 0 0 2 2 5 5 0
split_gain=7.46593e+06 1.48798e+06 999741 913027 1.34703e+06 426477 606810 280197 242244 204502 171676 110802 81132.4 77231.3 53292.5
threshold=13.500000000000002 9.5000000000000018 15386.000000000002 15381.500000000002 118168.50000000001 15374.500000000002 15386.000000000002 118105.00000000001 15381.500000000002 15374.500000000002 7.5000000000000009 11.500000000000002 679.10714004389399 2564.0481931076879 15383.500000000002
decision_type=2 2 2 2 2 2 2 2 2 2 2 2 2 2 2
left_child=1 9 3 4 7 -3 8 -2 -7 -1 14 -8 -9 -12 -11
right_child=2 5 -4 -5 -6 6 11 12 -10 10 13 -13 -14 -15 -16
leaf_value=-11.135025728665866 16.347442408970423 -6.5918226855141784 0.76422237284255756 18.155593134562178 -2.394016929294752 0.45716280460357672 -6.6508096536000565 11.516497479952299 6.2443907044150615 -7.5259100110907298 -3.0978129695962977 -1.6117571413517 7.6032578644929103 -6.6569649069649834 -10.372005988811624
leaf_weight=39 21 28 33 30 23 40 24 26 33 38 27 20 27 35 29
leaf_count=39 21 28 33 30 23 40 24 26 33 38 27 20 27 35 29
internal_value=-0.268308 -4.75958 8.51774 10.5324 8.17475 -1.04879 0.277751 11.4596 3.07331 -7.96234 -7.00316 -4.36033 9.52296 -5.10701 -8.7578
internal_weight=473 313 160 127 97 145 117 74 73 168 129 44 53 62 67
internal_count=473 313 160 127 97 145 117 74 73 168 129 44 53 62 67
is_linear=0
shrinkage=0.05


Tree=30
num_leaves=17
num_cat=0
split_feature=2 1 2 2 1 1 1 5 0 0 1 1 5 0 5 5
split_gain=6.97014e+06 1.38494e+06 1.23328e+06 931615 759470 380066 292386 431124 282312 240556 232426 149529 89786.6 91878.6 46214.2 15389.6
threshold=12.500000000000002 118188.00000000001 8.5000000000000018 16.500000000000004 118202.00000000001 118096.00000000001 118160.00000000001 1250.3765546007476 15377.000000000002 15386.000000000002 118087.50000000001 118144.00000000001 4524.6463177215128 15377.000000000002 753.19013452455317 3600.5761705116997
decision_type=2 2 2 2 2 2 2 2 2 2 2 2 2 2 2 2
left_child=2 3 10 6 -3 -4 7 -2 -7 11 -1 -10 13 -12 -15 -9
right_child=1 4 5 -5 -6 8 -8 15 9 -11 12 -13 -14 14 -16 -17
leaf_value=-4.6642016569773359 1.7426182915182675 -6.1007509390513102 4.0269341002339898 17.472393749606223 5.2039141656496595 -7.2800838832197519 11.49522949667538 10.350251941680909 -3.0388571739196779 -5.0976705428092712 -13.418953632173084 2.3807164818899973 -7.4848916256066538 -7.9513272094726561 -10.934699023211444 8.4122617267426989
leaf_weight=30 34 24 23 31 39 29 34 20 20 31 21 35 33 25 27 21
leaf_count=30 34 24 23 31 39 29 34 20 20 31 21 35 33 25 27 21
internal_value=0.0318655 7.05383 -5.17054 9.82424 0.897375 -1.84046 7.64908 5.90549 -3.01393 -1.57535 -8.5496 0.409962 -9.64924 -10.6276 -9.50039 9.35762
internal_weight=477 203 274 140 63 138 109 75 115 86 136 55 106 73 52 41
internal_count=477 203 274 140 63 138 109 75 115 86 136 55 106 73 52 41
is_linear=0
shrinkage=0.05


Tree=31
num_leaves=18
num_cat=0
split_feature=2 0 0 0 2 2 1 1 1 5 5 0 5 0 2 5 1
split_gain=6.29946e+06 1.48254e+06 2.72976e+06 1.6162e+06 915797 823164 348516 346788 209765 101655 81032.4 82920.5 69877.9 97656.4 59383.4 41708.3 37955.6
threshold=11.500000000000002 15373.500000000002 15374.500000000002 15386.000000000002 16.500000000000004 8.5000000000000018 118118.50000000001 118160.00000000001 118087.50000000001 1226.104167096569 4524.6463177215128 15377.000000000002 1169.7525916775728 15386.000000000002 14.500000000000002 753.19013452455317 118123.50000000001
decision_type=2 2 2 2 2 2 2 2 2 2 2 2 2 2 2 2 2
left_child=5 -2 -3 4 7 8 -7 16 -1 -5 11 -10 -8 -14 -9 -13 -4
right_child=1 2 3 9 -6 6 12 14 10 -11 -12 15 13 -15 -16 -17 -18
leaf_value=-4.4309915033976237 18.027680936067 -10.178534924542463 6.0281350049105562 1.8026823114465786 18.331964463454025 2.0826759830117227 -6.6566335868835456 9.0690474748611454 -12.748005930582684 -2.5360876083374024 -7.1106469645644683 -7.5537609863281254 -1.7245300845095988 -5.9731218610491075 12.399818752122963 -10.387964008472585 3.1231823713883111
leaf_weight=30 23 27 22 27 26 32 20 32 21 27 33 25 38 21 23 27 23
leaf_count=30 23 27 22 27 26 32 20 32 21 27 33 25 38 21 23 27 23
internal_value=0.0302722 5.9848 4.6467 6.87048 9.97213 -5.51443 -2.31941 7.79858 -8.12212 -0.366703 -9.16678 -10.0963 -4.10254 -3.23674 10.4619 -9.02537 4.54338
internal_weight=477 230 207 180 126 247 111 100 136 54 106 73 79 59 55 52 45
internal_count=477 230 207 180 126 247 111 100 136 54 106 73 79 59 55 52 45
is_linear=0
shrinkage=0.05


Tree=32
num_leaves=18
num_cat=0
split_feature=2 0 0 0 2 2 1 0 1 0 1 1 5 5 0 1 5
split_gain=5.69312e+06 1.20252e+06 2.26766e+06 1.5631e+06 1.00019e+06 675018 320850 254884 228256 200534 189313 126955 86875.3 73131.7 74835.7 47991.2 37641.7
threshold=12.500000000000002 15373.500000000002 15374.500000000002 15386.000000000002 8.5000000000000018 16.500000000000004 118096.00000000001 15377.000000000002 118166.00000000001 15386.000000000002 118087.50000000001 118144.00000000001 1226.104167096569 4524.6463177215128 15377.000000000002 118129.50000000001 753.19013452455317
decision_type=2 2 2 2 2 2 2 2 2 2 2 2 2 2 2 2 2
left_child=4 -2 -3 5 10 8 -6 -8 15 11 -1 -9 -5 14 -12 -4 -16
right_child=1 2 3 12 6 -7 7 9 -10 -11 13 -13 -14 -15 16 -17 -18
leaf_value=-4.2094418541590377 17.413102167302913 -9.6351556860882308 4.8042520395914714 1.678032101284374 3.716912761978481 17.415366304837743 -6.8058619055254717 -2.7505227756500243 11.330893750871931 -4.6013269301383728 -12.110605548676991 2.2432295608520509 -2.6718764146169027 -6.7551147749929719 -7.1760728912353517 7.9207413083031071 -9.8685657925075958
leaf_weight=30 22 23 30 22 23 26 29 20 35 31 21 35 24 33 25 21 27
leaf_count=30 22 23 30 22 23 26 29 20 35 31 21 35 24 33 25 21 27
internal_value=0.0287586 6.37495 5.0333 7.16858 -4.67298 10.3557 -1.67405 -2.75225 8.22145 -1.38533 -7.71601 0.42732 -0.591485 -8.70844 -9.59145 6.08751 -8.5741
internal_weight=477 203 181 158 274 112 138 115 86 86 136 55 46 106 73 51 52
internal_count=477 203 181 158 274 112 138 115 86 86 136 55 46 106 73 51 52
is_linear=0
shrinkage=0.05


Tree=33
num_leaves=16
num_cat=0
split_feature=2 1 0 0 2 2 1 0 2 1 2 5 1 0 2
split_gain=5.17276e+06 1.4482e+06 1.05274e+06 1.00715e+06 968562 337006 302753 275180 216599 156818 120620 72816.7 72126 52249.7 52658.3
threshold=10.500000000000002 118185.50000000001 15383.500000000002 15389.000000000002 15.500000000000002 7.5000000000000009 118160.00000000001 15379.500000000002 13.500000000000002 118118.50000000001 8.5000000000000018 7700.6418778170964 118122.00000000001 15374.500000000002 6.5000000000000009
decision_type=2 2 2 2 2 2 2 2 2 2 2 2 2 2 2
left_child=5 4 -3 -4 6 13 8 -6 12 -7 -11 -12 -2 -1 -15
right_child=1 2 3 -5 7 9 -8 -9 -10 10 11 -13 -14 14 -16
leaf_value=-10.454447059631349 3.2596676026071822 -8.5255619706778685 11.256802326699962 -2.290465436262243 16.118511554173061 -1.5492368435248351 8.8525607022372164 9.0439616026701763 6.3000568183692733 -8.2948326759338382 -2.1241582946777342 -5.8690145421911168 -0.24125128099995274 -8.7946170806884769 -6.0579294852912433
leaf_weight=20 28 29 23 34 28 39 33 27 37 25 25 27 31 39 32
leaf_count=20 28 29 23 34 28 39 33 27 37 25 25 27 31 39 32
internal_value=0.0273207 4.58638 -0.769891 3.17598 7.08986 -5.91928 4.72115 12.6456 3.30098 -4.1324 -5.44076 -4.0686 1.4202 -8.19706 -7.56118
internal_weight=477 270 86 57 184 207 129 55 96 116 77 52 59 91 71
internal_count=477 270 86 57 184 207 129 55 96 116 77 52 59 91 71
is_linear=0
shrinkage=0.05


Tree=34
num_leaves=17
num_cat=0
split_feature=2 0 0 0 2 1 2 1 1 2 5 5 5 0 2 2
split_gain=4.66842e+06 1.32253e+06 2.37372e+06 1.33625e+06 868141 386629 304148 209796 141528 108859 75570 65717 64335.7 47155.4 47524.1 43728.4
threshold=10.500000000000002 15373.500000000002 15374.500000000002 15386.000000000002 15.500000000000002 118168.50000000001 7.5000000000000009 118160.00000000001 118118.50000000001 8.5000000000000018 1882.6202788283297 7700.6418778170964 2782.7511815560647 15374.500000000002 6.5000000000000009 13.500000000000002
decision_type=2 2 2 2 2 2 2 2 2 2 2 2 2 2 2 2
left_child=6 -2 -3 4 7 -6 13 15 -8 -10 -5 -11 -9 -1 -15 -4
right_child=1 2 3 10 5 -7 8 12 9 11 -12 -13 -14 14 -16 -17
leaf_value=-9.9317250823974614 14.855211074263961 -9.2756100625702835 2.1484115971459281 0.28191197812557223 8.8623883565266919 18.347241419011898 -1.471775014583881 9.3051600420916536 -7.8800911979675297 -2.0179504318237309 -3.3664600935849283 -5.5755637910630966 5.6626486518166281 -8.3548862457275401 -5.7550329050049189 5.0643579864501955
leaf_weight=20 27 33 36 40 21 22 39 27 25 25 22 27 22 39 32 20
leaf_count=20 27 33 36 40 21 22 39 27 25 25 22 27 22 39 32 20
internal_value=0.0259546 4.35706 3.1906 5.14958 7.73106 13.7151 -5.62332 5.28045 -3.92578 -5.16872 -1.01267 -3.86517 7.66975 -7.78721 -7.18312 3.18982
internal_weight=477 270 243 210 148 43 207 105 116 77 62 52 49 91 71 56
internal_count=477 270 243 210 148 43 207 105 116 77 62 52 49 91 71 56
is_linear=0
shrinkage=0.05


Tree=35
num_leaves=19
num_cat=0
split_feature=2 0 0 0 2 2 1 1 5 0 0 5 2 0 0 1 1 3
split_gain=4.4186e+06 953703 1.89081e+06 1.22203e+06 801789 650078 266718 222839 182079 140267 122016 94347.1 92044.5 89973.2 59272.9 34963 14408.1 77.3238
threshold=12.500000000000002 15373.500000000002 15374.500000000002 15386.000000000002 9.5000000000000018 16.500000000000004 118120.50000000001 118166.00000000001 8477.7114377533453 15374.500000000002 15379.500000000002 1226.104167096569 6.5000000000000009 15386.000000000002 15381.500000000002 118129.50000000001 118140.50000000001 2.5000000000000004
decision_type=2 2 2 2 2 2 2 2 2 2 2 2 2 2 2 2 2 2
left_child=4 -2 -3 5 9 7 -6 15 10 -1 -8 -5 -11 14 17 -4 -12 -14
right_child=1 2 3 11 6 -7 8 -9 -10 12 16 -13 13 -15 -16 -17 -18 -19
leaf_value=-8.9427541194817959 15.402383388172495 -7.8542270519115309 4.1530306209217427 2.3238002228736878 3.415207316620009 16.324686050415039 -6.8363500976562506 10.165659412584809 1.6713754047047009 -7.7465859846635299 -2.9874502272832966 -2.172556679589408 -4.6104878902435305 -7.11898921086238 -1.3744884479045869 6.7628150758289154 -1.1122773170471192 -4.7463270447470931
leaf_weight=39 22 27 33 20 28 25 20 38 22 33 21 28 20 26 20 21 20 22
leaf_count=39 22 27 33 20 28 25 20 38 22 33 21 28 20 26 20 21 20 22
internal_value=0.171101 5.54165 4.41178 6.41894 -4.06985 9.17505 -0.804621 7.23222 -2.22818 -6.33511 -3.63457 -0.299075 -5.49463 -4.65014 -3.61482 5.16795 -2.07273 -4.68164
internal_weight=485 214 192 165 271 117 111 92 83 160 61 48 121 88 62 54 41 42
internal_count=485 214 192 165 271 117 111 92 83 160 61 48 121 88 62 54 41 42
is_linear=0
shrinkage=0.05


Tree=36
num_leaves=18
num_cat=0
split_feature=2 0 0 0 2 1 2 1 5 1 5 0 0 1 0 2 0
split_gain=3.98859e+06 1.09168e+06 1.99379e+06 1.19744e+06 899458 381950 233292 199125 137553 126711 120419 87546.8 152548 57243 45911.9 42606.5 28003.3
threshold=10.500000000000002 15373.500000000002 15374.500000000002 15386.000000000002 15.500000000000002 118168.50000000001 7.5000000000000009 118129.50000000001 1098.5730955021293 118118.50000000001 6385.9000934115729 15379.500000000002 15386.000000000002 118122.00000000001 15374.500000000002 13.500000000000002 15383.500000000002
decision_type=2 2 2 2 2 2 2 2 2 2 2 2 2 2 2 2 2
left_child=6 -2 -3 4 7 -6 14 13 -5 -8 -9 -11 -13 -4 -1 -10 -16
right_child=1 2 3 8 5 -7 9 10 15 11 -12 12 -14 -15 16 -17 -18
leaf_value=-9.3547156524658206 13.408447837829591 -7.8922987196180561 3.8452559384432705 2.666728768348694 8.0508469200134272 17.321163085937499 -1.3977834613699662 8.3029299886603098 -3.8895108699798584 -6.9917759126232513 3.83479598236084 -0.95267530370641651 -6.0933983956613851 0.14927620887756349 -5.6535427247776706 -0.84322976271311445 -7.8842547098795581
leaf_weight=20 28 36 22 20 20 25 38 38 22 31 25 27 31 20 34 24 24
leaf_count=20 28 36 22 20 20 25 38 38 22 31 25 27 31 20 34 24 24
internal_value=0.162546 4.04232 3.00164 4.8173 7.28672 13.201 -5.13666 4.75202 -0.795033 -3.81479 6.52986 -4.84677 -3.7003 2.08527 -7.28893 -2.30015 -6.5766
internal_weight=485 280 252 216 150 45 205 105 66 127 63 89 58 42 78 46 58
internal_count=485 280 252 216 150 45 205 105 66 127 63 89 58 42 78 46 58
is_linear=0
shrinkage=0.05


Tree=37
num_leaves=18
num_cat=0
split_feature=2 0 0 0 2 2 1 1 5 0 1 5 2 0 0 1 3
split_gain=3.62097e+06 784919 1.53672e+06 995021 659400 537830 217801 186926 150961 119195 106412 78228.4 77145.1 74503.4 51217.9 26167.1 80.8837
threshold=12.500000000000002 15373.500000000002 15374.500000000002 15386.000000000002 9.5000000000000018 16.500000000000004 118120.50000000001 118166.00000000001 8477.7114377533453 15374.500000000002 118155.50000000001 1226.104167096569 6.5000000000000009 15386.000000000002 15381.500000000002 118129.50000000001 2.5000000000000004
decision_type=2 2 2 2 2 2 2 2 2 2 2 2 2 2 2 2 2
left_child=4 -2 -3 5 9 7 -6 15 10 -1 -8 -5 -11 14 16 -4 -14
right_child=1 2 3 11 6 -7 8 -9 -10 12 -12 -13 13 -15 -16 -17 -18
leaf_value=-8.1428137852595395 13.961841895363548 -7.0669008325647429 3.7517670465238169 2.1269231057167057 3.0896964456353868 14.790718826293947 -1.3669427365967721 9.207087556939376 1.5407261501659049 -7.025881588097775 -5.5577226230076384 -1.9673694678715297 -4.1678991127014156 -6.4377061110276443 -1.1664358234405519 6.009528005690802 -4.3068299900401721
leaf_weight=39 22 27 33 20 28 25 33 38 22 33 28 28 20 26 20 21 22
leaf_count=39 22 27 33 20 28 25 33 38 22 33 28 28 20 26 20 21 22
internal_value=0.154419 5.01613 3.9911 5.80059 -3.68472 8.28757 -0.723584 6.52041 -2.00999 -5.73901 -3.29058 -0.261414 -4.96423 -4.19111 -3.24898 4.62979 -4.24067
internal_weight=485 214 192 165 271 117 111 92 83 160 61 48 121 88 62 54 42
internal_count=485 214 192 165 271 117 111 92 83 160 61 48 121 88 62 54 42
is_linear=0
shrinkage=0.05


Tree=38
num_leaves=19
num_cat=0
split_feature=2 0 0 0 2 2 1 1 1 1 0 5 2 0 5 1 1 2
split_gain=3.27731e+06 780862 1.57521e+06 858773 571258 444561 329161 187409 123892 107911 131263 84425.4 82625.5 69812.6 65778.5 63260 24210 5676.88
threshold=11.500000000000002 15373.500000000002 15374.500000000002 15386.000000000002 15.500000000000002 9.5000000000000018 118168.50000000001 118120.50000000001 118129.50000000001 118128.50000000001 15377.000000000002 1226.104167096569 6.5000000000000009 15386.000000000002 6086.837204332599 118138.00000000001 118092.00000000001 10.500000000000002
decision_type=2 2 2 2 2 2 2 2 2 2 2 2 2 2 2 2 2 2
left_child=5 -2 -3 4 8 9 -6 -7 -4 12 -11 -5 -1 17 -10 -12 -14 -9
right_child=1 2 3 11 6 7 -8 13 14 10 15 -13 16 -15 -16 -17 -18 -19
leaf_value=-6.8245292663574224 12.885881233215333 -6.8556627511978157 2.1883895063841785 2.1069999438065752 7.1990223312377939 2.748620923360189 15.80490673828125 -1.8208583745089446 7.7834959626197815 -10.030632539228961 -7.7915983581542978 -1.785721794764201 -1.7561367726325992 -4.7974097660609649 4.2319083300503824 -4.3328963891053816 -3.9053262409410978 -0.65693805694580076
leaf_weight=21 24 32 27 26 20 24 25 22 32 22 20 30 20 21 22 39 38 20
leaf_count=21 24 32 27 26 20 24 25 22 32 22 20 30 20 21 22 39 38 20
internal_value=0.146698 4.33384 3.37473 5.17348 7.4632 -3.88788 11.9801 -1.01122 4.95383 -5.45206 -6.73443 0.0216133 -4.13722 -2.44354 6.33655 -5.50534 -3.16423 -1.26661
internal_weight=485 238 214 182 126 247 45 87 81 160 81 56 79 63 54 59 58 42
internal_count=485 238 214 182 126 247 45 87 81 160 81 56 79 63 54 59 58 42
is_linear=0
shrinkage=0.05


Tree=39
num_leaves=19
num_cat=0
split_feature=2 0 0 0 2 1 2 5 1 5 1 5 2 5 1 2 0 0
split_gain=2.96274e+06 816751 1.49644e+06 881880 670358 297068 177649 171293 150371 110116 107509 88810 65374.5 54619.8 46615 33598.9 16629 7899.6
threshold=10.500000000000002 15373.500000000002 15374.500000000002 15386.000000000002 15.500000000000002 118168.50000000001 8.5000000000000018 7700.6418778170964 118129.50000000001 1098.5730955021293 118128.50000000001 6385.9000934115729 6.5000000000000009 4524.6463177215128 118122.00000000001 13.500000000000002 15377.000000000002 15379.500000000002
decision_type=2 2 2 2 2 2 2 2 2 2 2 2 2 2 2 2 2 2
left_child=6 -2 -3 4 8 -6 10 17 14 -5 12 -10 -1 -12 -4 -11 -14 -8
right_child=1 2 3 9 5 -7 7 -9 11 15 13 -13 16 -15 -16 -17 -18 -19
leaf_value=-6.4833027067638582 11.584535326276509 -6.854857688479953 3.3578369227322669 2.4369658374786378 6.8390712165832532 15.014661682128907 -0.2014326572418213 -5.3701641643748568 7.1546467630486745 -3.4184189449657092 -8.265049450214093 3.3174903450012212 -4.1100352287292479 -5.0512136125564577 0.022565527856349948 -0.71325141588846852 -2.1179775151339446 -1.4843007314772834
leaf_weight=21 28 36 22 20 20 25 28 34 38 22 39 25 20 20 20 24 22 21
leaf_count=21 28 36 22 20 20 25 28 34 38 22 39 25 20 20 20 24 22 21
internal_value=0.139363 3.48319 2.58304 4.15603 6.27524 11.3811 -4.42782 -2.64333 4.08702 -0.660363 -5.64186 5.63197 -4.20549 -7.17561 1.76961 -2.00703 -3.06658 -0.751233
internal_weight=485 280 252 216 150 45 205 83 105 66 122 63 63 59 42 46 42 49
internal_count=485 280 252 216 150 45 205 83 105 66 122 63 63 59 42 46 42 49
is_linear=0
shrinkage=0.05


Tree=40
num_leaves=17
num_cat=0
split_feature=2 0 0 0 2 2 1 0 0 1 1 5 5 0 5 0
split_gain=2.58891e+06 553481 1.23899e+06 646548 477327 334835 218766 150130 178943 149653 116651 45516 32516.2 26328.2 48108.6 8274.51
threshold=11.500000000000002 15373.500000000002 15374.500000000002 15386.000000000002 16.500000000000004 7.5000000000000009 118094.00000000001 15377.000000000002 15386.000000000002 118166.00000000001 118122.00000000001 679.10714004389399 1226.104167096569 15379.500000000002 1924.2724972738763 15383.500000000002
decision_type=2 2 2 2 2 2 2 2 2 2 2 2 2 2 2 2
left_child=5 -2 -3 4 9 13 -7 -8 10 11 -9 -4 -5 -1 -15 -12
right_child=1 2 3 12 -6 6 7 8 -10 -11 15 -13 -14 14 -16 -17
leaf_value=-6.8678188610076907 11.236517969767254 -6.5565953527178085 5.3797687348865324 1.3859934135719583 12.795956905071552 2.0671739154391822 -5.8523694545030596 -3.2006917155307271 -4.8392346704707432 7.5806781392348448 1.9760264205932618 2.4507077283329437 -1.0913678352649396 -3.586147530873617 -6.906521396636963 0.55497971773147581
leaf_weight=40 24 28 21 27 26 27 32 23 34 38 20 36 26 24 20 21
leaf_count=40 24 28 21 27 26 27 32 23 34 38 20 36 26 24 20 21
internal_value=0.213601 4.05796 3.20506 4.77591 6.79307 -3.39148 -2.02826 -2.87885 -1.90791 5.15017 -0.350638 3.52984 0.170684 -5.93941 -5.09541 1.24817
internal_weight=467 226 202 174 121 241 157 130 98 95 64 57 53 84 44 41
internal_count=467 226 202 174 121 241 157 130 98 95 64 57 53 84 44 41
is_linear=0
shrinkage=0.05


Tree=41
num_leaves=16
num_cat=0
split_feature=2 0 0 0 2 2 1 1 1 0 0 5 5 5 2
split_gain=2.33649e+06 499516 1.11819e+06 583510 430787 307655 138452 135062 98150.3 49402.2 142111 49057.5 43260.8 41078.2 30156.7
threshold=11.500000000000002 15373.500000000002 15374.500000000002 15386.000000000002 16.500000000000004 8.5000000000000018 118118.50000000001 118166.00000000001 118087.50000000001 15381.500000000002 15386.000000000002 4524.6463177215128 721.83204897877943 679.10714004389399 15.500000000000002
decision_type=2 2 2 2 2 2 2 2 2 2 2 2 2 2 2
left_child=5 -2 -3 4 7 8 -7 13 -1 -8 -11 12 -10 -4 -5
right_child=1 2 3 14 -6 6 9 -9 11 10 -12 -13 -14 -15 -16
leaf_value=-2.1918037818028377 10.674692185719808 -6.228765651157925 5.1107804252987821 -0.76634998899517637 12.156158931438739 1.6356327591271236 -3.7717078010241192 7.2016442747492535 -5.0362497985363008 1.4319220582644145 -3.903598169180063 -3.9879638256565215 -7.5467816842568896 2.3281723287370468 1.6941746711730958
leaf_weight=26 24 28 21 33 26 29 36 38 32 24 26 31 37 36 20
leaf_count=26 24 28 21 33 26 29 36 38 32 24 26 31 37 36 20
internal_value=0.202921 3.85506 3.04481 4.53711 6.45341 -3.22191 -1.35196 4.89266 -4.92861 -2.35941 -1.34255 -5.64018 -6.38248 3.35334 0.16215
internal_weight=467 226 202 174 121 241 115 95 126 86 50 100 69 57 53
internal_count=467 226 202 174 121 241 115 95 126 86 50 100 69 57 53
is_linear=0
shrinkage=0.05


Tree=42
num_leaves=18
num_cat=0
split_feature=2 0 0 0 2 2 1 0 2 1 5 1 0 5 5 2 5
split_gain=2.11285e+06 412739 960195 561400 366622 335154 150583 100626 105890 94533.1 67023.7 65119.5 51240.3 52455.7 56021.8 39094.3 19166.8
threshold=12.500000000000002 15373.500000000002 15374.500000000002 15386.000000000002 9.5000000000000018 16.500000000000004 118120.50000000001 15374.500000000002 6.5000000000000009 118166.00000000001 8477.7114377533453 118155.50000000001 15386.000000000002 1074.2402374938872 4524.6463177215128 15.500000000000002 679.10714004389399
decision_type=2 2 2 2 2 2 2 2 2 2 2 2 2 2 2 2 2
left_child=4 -2 -3 5 7 9 -6 -1 -9 16 11 -8 13 -10 -15 -5 -4
right_child=1 2 3 15 6 -7 10 8 12 -11 -12 -13 -14 14 -16 -17 -18
leaf_value=-6.555019081963434 10.48011325489391 -5.8716171264648445 4.8552413940429693 -1.3563757171630861 2.8178977304034767 11.548351009075459 -0.92023491178240102 -5.8618014017740885 -3.8696826338768009 7.0710679674148569 0.81673313322521401 -4.5108397691146189 -4.7070344126742816 0.99726490050554273 -2.5530728178024291 1.6094660568237307 2.8857265186309817
leaf_weight=36 22 25 21 25 27 26 28 36 24 35 21 23 23 20 25 20 30
leaf_count=36 22 25 21 25 27 26 28 36 24 35 21 23 23 20 25 20 30
internal_value=0.192775 4.01141 3.22948 4.6787 -2.76921 6.5739 -0.366477 -4.21964 -3.56282 5.06999 -1.56062 -2.53953 -2.66321 -1.98194 -0.975145 -0.0382238 3.6967
internal_weight=467 204 182 157 263 112 99 164 128 86 72 51 92 69 45 45 51
internal_count=467 204 182 157 263 112 99 164 128 86 72 51 92 69 45 45 51
is_linear=0
shrinkage=0.05


Tree=43
num_leaves=15
num_cat=0
split_feature=2 2 0 0 1 1 0 2 2 1 1 5 0 0
split_gain=1.92427e+06 467361 310518 402123 654256 112020 90815 95566.1 80496.6 77250.4 85902.2 48863.3 46244.4 47891.3
threshold=13.500000000000002 9.5000000000000018 15386.000000000002 15381.500000000002 118188.00000000001 118185.50000000001 15374.500000000002 6.5000000000000009 15.500000000000002 118146.50000000001 118120.50000000001 8477.7114377533453 15386.000000000002 15381.500000000002
decision_type=2 2 2 2 2 2 2 2 2 2 2 2 2 2
left_child=1 6 3 4 8 9 -1 -8 -2 10 -3 -7 13 -9
right_child=2 5 -4 -5 -6 11 7 12 -10 -11 -12 -13 -14 -15
leaf_value=-6.2272682613796668 4.5580619008917562 1.5881106037842601 0.44355979610133817 10.12869504292806 -3.8631575538998564 -4.014999084472656 -5.5687113444010414 -3.0381625690521341 7.8815527016775953 3.1493062549167212 -1.9585854238079443 -0.51988549947738649 -4.471682795234349 -0.38092900753021242
leaf_weight=36 38 38 37 36 21 20 36 39 35 27 31 20 23 30
leaf_count=36 38 38 37 36 21 20 36 39 35 27 31 20 23 30
internal_value=0.183136 -2.21152 4.4849 5.63513 3.9142 -0.0443704 -4.00866 -3.38468 6.15152 0.88191 -0.00533254 -2.26744 -2.53005 -1.88284
internal_weight=467 300 167 130 94 136 164 128 73 96 69 40 92 69
internal_count=467 300 167 130 94 136 164 128 73 96 69 40 92 69
is_linear=0
shrinkage=0.05


Tree=44
num_leaves=17
num_cat=0
split_feature=2 0 0 0 2 2 1 0 0 1 1 2 1 0 5 0
split_gain=1.73691e+06 395313 848462 420826 330010 231768 174042 129722 138991 102290 85405.8 35755.5 32152.5 21504.8 36980.3 6982.73
threshold=11.500000000000002 15373.500000000002 15374.500000000002 15386.000000000002 16.500000000000004 7.5000000000000009 118094.00000000001 15377.000000000002 15386.000000000002 118129.50000000001 118122.00000000001 14.500000000000002 118219.50000000001 15379.500000000002 1924.2724972738763 15383.500000000002
decision_type=2 2 2 2 2 2 2 2 2 2 2 2 2 2 2 2
left_child=5 -2 -3 4 9 13 -7 -8 10 -4 -9 -11 -5 -1 -15 -12
right_child=1 2 3 12 -6 6 7 8 -10 11 15 -13 -14 14 -16 -17
leaf_value=-5.7377792930603029 9.3895961443583182 -5.476002625056676 2.0151391683306015 1.1842313915491105 10.520677060347339 2.008166994871917 -5.1674369126558304 -2.5670670180217083 -4.0843188247259929 4.274647171795368 1.9082557821273802 6.721248803819929 -1.3336241131737119 -2.8126929163932801 -5.7238189697265627 0.60283662023998452
leaf_weight=40 24 28 35 32 26 27 32 23 34 32 20 28 21 24 20 21
leaf_count=40 24 28 35 32 26 27 32 23 34 32 20 28 21 24 20 21
internal_value=0.173979 3.32284 2.60204 3.90196 5.52935 -2.7789 -1.64473 -2.40341 -1.50086 4.1633 -0.128404 5.41639 0.186591 -4.89872 -4.13593 1.23963
internal_weight=467 226 202 174 121 241 157 130 98 95 64 60 53 84 44 41
internal_count=467 226 202 174 121 241 157 130 98 95 64 60 53 84 44 41
is_linear=0
shrinkage=0.05


Tree=45
num_leaves=18
num_cat=0
split_feature=2 0 0 0 2 1 2 1 5 1 5 1 2 0 2 0 5
split_gain=1.5792e+06 491379 859709 473972 240206 204838 109458 81167.8 78266.4 58627.2 52656.3 35663.7 25496 17875 14892.6 14795.2 8216.57
threshold=10.500000000000002 15373.500000000002 15374.500000000002 15386.000000000002 15.500000000000002 118168.50000000001 7.5000000000000009 118153.00000000001 1098.5730955021293 118129.50000000001 6385.9000934115729 118193.50000000001 8.5000000000000018 15374.500000000002 13.500000000000002 15383.500000000002 4300.5272142674821
decision_type=2 2 2 2 2 2 2 2 2 2 2 2 2 2 2 2 2
left_child=6 -2 -3 4 9 -6 13 12 -5 -4 -11 -9 -8 -1 -10 -15 -14
right_child=1 2 3 8 5 -7 7 11 14 10 -12 -13 16 15 -16 -17 -18
leaf_value=-6.0024310718883171 8.9573532397930435 -5.6374920059652887 1.5940907702726479 2.0150923824310305 4.3903272537958058 11.460708198547364 -2.5350922380174912 -5.5008875586769799 -2.6770824042233556 5.4022760603162983 2.378749140103658 -2.7888963637528601 0.048172830498736836 -3.61073366800944 -0.83733420805497605 -5.119616532325745 -1.3375319576263429
leaf_weight=22 26 34 34 20 21 20 28 22 22 36 24 27 23 33 22 32 20
leaf_count=22 26 34 34 20 21 20 28 22 22 36 24 27 23 33 22 32 20
internal_value=-0.164372 2.43777 1.71027 2.96566 4.64579 7.83929 -3.4202 -2.44121 -0.578364 3.25288 4.19287 -4.00653 -1.36092 -4.77052 -1.75721 -4.35357 -0.596341
internal_weight=466 259 233 199 135 41 207 120 64 94 60 49 71 87 44 65 43
internal_count=466 259 233 199 135 41 207 120 64 94 60 49 71 87 44 65 43
is_linear=0
shrinkage=0.05


Tree=46
num_leaves=18
num_cat=0
split_feature=2 0 0 0 2 1 2 1 5 1 5 1 2 0 2 0 5
split_gain=1.42523e+06 443469 775887 427760 216786 184867 98785.5 73253.9 70635.4 52911.1 47522.3 32186.5 23010.2 16132.2 13440.5 13352.7 7415.46
threshold=10.500000000000002 15373.500000000002 15374.500000000002 15386.000000000002 15.500000000000002 118168.50000000001 7.5000000000000009 118153.00000000001 1098.5730955021293 118129.50000000001 6385.9000934115729 118193.50000000001 8.5000000000000018 15374.500000000002 13.500000000000002 15383.500000000002 4300.5272142674821
decision_type=2 2 2 2 2 2 2 2 2 2 2 2 2 2 2 2 2
left_child=6 -2 -3 4 9 -6 13 12 -5 -4 -11 -9 -8 -1 -10 -15 -14
right_child=1 2 3 8 5 -7 7 11 14 10 -12 -13 16 15 -16 -17 -18
leaf_value=-5.7023096604780719 8.50948561154879 -5.3556173997766834 1.514386266820571 1.9143377590179445 4.1708108175368537 10.887672615051271 -2.4083376135144916 -5.2258432821793992 -2.5432282707907938 5.1321622795528841 2.2598116477330525 -2.6494515851691922 0.04576421561448471 -3.4301969268105248 -0.7954675240950152 -4.8636356949806219 -1.2706553554534912
leaf_weight=22 26 34 34 20 21 20 28 22 22 36 24 27 23 33 22 32 20
leaf_count=22 26 34 34 20 21 20 28 22 22 36 24 27 23 33 22 32 20
internal_value=-0.156153 2.31588 1.62475 2.81738 4.4135 7.44733 -3.24919 -2.31915 -0.549446 3.09024 3.98322 -3.8062 -1.29287 -4.532 -1.66935 -4.13589 -0.566524
internal_weight=466 259 233 199 135 41 207 120 64 94 60 49 71 87 44 65 43
internal_count=466 259 233 199 135 41 207 120 64 94 60 49 71 87 44 65 43
is_linear=0
shrinkage=0.05


Tree=47
num_leaves=17
num_cat=0
split_feature=2 0 0 0 2 1 2 5 5 2 1 5 0 2 2 0
split_gain=1.28627e+06 400231 700238 386054 195649 166842 89154 70621.8 63748.5 51051.2 47752.3 42888.9 14559.3 13366 12130.1 3182.16
threshold=10.500000000000002 15373.500000000002 15374.500000000002 15386.000000000002 15.500000000000002 118168.50000000001 7.5000000000000009 7359.1995284601899 1098.5730955021293 8.5000000000000018 118129.50000000001 6385.9000934115729 15374.500000000002 6.5000000000000009 13.500000000000002 15379.500000000002
decision_type=2 2 2 2 2 2 2 2 2 2 2 2 2 2 2 2
left_child=6 -2 -3 4 10 -6 12 9 -5 -8 -4 -12 -1 -14 -10 -11
right_child=1 2 3 8 5 -7 7 -9 14 15 11 -13 13 -15 -16 -17
leaf_value=-5.4171941757202156 8.0840112979595471 -5.0878365011776197 1.4386669215034038 1.8186208057403566 3.962270218985422 10.343288993835451 -2.6968083318911105 -3.9512610019781658 -2.4160668654875326 0.25873848937806632 4.8755541271633582 2.146821077664693 -4.5145174148755194 -3.050962418776292 -0.7556941205804999 -0.60174778158014475
leaf_weight=22 26 34 34 20 21 20 38 39 22 21 36 24 39 26 22 22
leaf_count=22 26 34 34 20 21 20 38 39 22 21 36 24 39 26 22 22
internal_value=-0.148345 2.20009 1.54352 2.67651 4.19283 7.07496 -3.08673 -2.20319 -0.521974 -1.36153 2.93573 3.78406 -4.3054 -3.9291 -1.58588 -0.18151
internal_weight=466 259 233 199 135 41 207 120 64 81 94 60 87 65 44 43
internal_count=466 259 233 199 135 41 207 120 64 81 94 60 87 65 44 43
is_linear=0
shrinkage=0.05


Tree=48
num_leaves=17
num_cat=0
split_feature=2 0 0 0 1 2 2 5 5 2 5 1 0 0 2 0
split_gain=1.16086e+06 361209 631965 348413 179246 145999 80461.4 63736.2 57533 46073.7 37693 13356.5 13139.8 12066.8 10947.4 2871.9
threshold=10.500000000000002 15373.500000000002 15374.500000000002 15386.000000000002 118166.00000000001 15.500000000000002 7.5000000000000009 7359.1995284601899 1098.5730955021293 8.5000000000000018 679.10714004389399 118129.50000000001 15374.500000000002 15383.500000000002 13.500000000000002 15379.500000000002
decision_type=2 2 2 2 2 2 2 2 2 2 2 2 2 2 2 2
left_child=6 -2 -3 4 10 -6 12 9 -5 -8 -4 -12 -1 -14 -10 -11
right_child=1 2 3 8 5 -7 7 -9 14 15 11 -13 13 -15 -16 -17
leaf_value=-5.1463343706997966 7.6798107147216799 -4.8334447860717775 4.045896053314209 1.7276898002624514 3.9747678644516888 9.0682473818461116 -2.5619678986699959 -3.7536979235135592 -2.2952635700052437 0.24580157030196417 0.96252560933430997 2.5640379656916079 -3.0617888190529565 -4.4244564831256872 -0.7179093881086871 -0.57166046229275791
leaf_weight=22 26 34 24 20 34 24 38 39 22 21 30 23 33 32 22 22
leaf_count=22 26 34 24 20 34 24 38 39 22 21 30 23 33 32 22 22
internal_value=-0.140928 2.09009 1.46634 2.54268 3.98319 6.08241 -2.93239 -2.09303 -0.495875 -1.29345 2.40195 1.65752 -4.09013 -3.73264 -1.50659 -0.172435
internal_weight=466 259 233 199 135 58 207 120 64 81 77 53 87 65 44 43
internal_count=466 259 233 199 135 58 207 120 64 81 77 53 87 65 44 43
is_linear=0
shrinkage=0.05


Tree=49
num_leaves=17
num_cat=0
split_feature=2 0 0 0 1 2 1 0 2 5 0 5 1 0 1 2
split_gain=1.04768e+06 325991 570348 314443 161770 131765 73816.2 160397 92366.9 51923.5 48630.2 34018 22180.1 21874.8 12054.3 9880.03
threshold=10.500000000000002 15373.500000000002 15374.500000000002 15386.000000000002 118166.00000000001 15.500000000000002 118087.50000000001 15374.500000000002 8.5000000000000018 1098.5730955021293 15386.000000000002 679.10714004389399 118150.50000000001 15383.500000000002 118129.50000000001 13.500000000000002
decision_type=2 2 2 2 2 2 2 2 2 2 2 2 2 2 2 2
left_child=6 -2 -3 4 11 -6 -1 -8 12 -5 -10 -4 13 -9 -13 -11
right_child=1 2 3 9 5 -7 7 8 10 15 -12 14 -14 -15 -16 -17
leaf_value=-0.69266571181161074 7.2958201775184053 -4.591772354350371 3.8436012268066406 1.6413052845001221 3.7760295671575208 8.6148352940877277 -6.7500896030002169 -3.3036190823146279 0.11146527230739595 -2.1805003437128936 -2.7941755294799808 0.9143993345896404 -2.3254137257734935 -5.2182569357065063 2.4358361492986269 -0.68201396248557355
leaf_weight=35 26 34 24 20 34 24 27 35 36 22 24 30 24 26 23 22
leaf_count=35 26 34 24 20 34 24 27 35 36 22 24 30 24 26 23 22
internal_value=-0.133882 1.98558 1.39302 2.41555 3.78403 5.77829 -2.78577 -3.21169 -2.55282 -0.471081 -1.05079 2.28185 -3.61307 -4.11969 1.57465 -1.43126
internal_weight=466 259 233 199 135 58 207 172 145 64 60 77 85 61 53 44
internal_count=466 259 233 199 135 58 207 172 145 64 60 77 85 61 53 44
is_linear=0
shrinkage=0.05


Tree=50
num_leaves=17
num_cat=0
split_feature=2 2 0 2 0 1 5 0 0 1 1 2 5 5 1 5
split_gain=928817 222343 175576 127401 75502.2 58330.5 79340.7 52918.3 111289 52778.5 45515.6 38795.4 29254.9 35305.3 9760.54 3686.2
threshold=13.500000000000002 9.5000000000000018 15386.000000000002 16.500000000000004 15381.500000000002 118120.50000000001 1250.3765546007476 15381.500000000002 15386.000000000002 118087.50000000001 118164.00000000001 8.5000000000000018 4524.6463177215128 721.83204897877943 118155.50000000001 2207.9776246180054
decision_type=2 2 2 2 2 2 2 2 2 2 2 2 2 2 2 2
left_child=1 9 3 4 10 6 -3 14 -9 -1 15 12 13 -11 -7 -2
right_child=2 5 -4 -5 -6 7 -8 8 -10 11 -12 -13 -14 -15 -16 -17
leaf_value=-1.0197491270123107 3.6166320800781251 -0.99805135250091548 0.063746204376220708 6.7358915757049225 5.6051467563795008 -1.3079070613497781 3.1908032857454742 2.4311146045553276 -1.8453702807426453 -3.0589908409118656 0.5380164225896199 -1.7339771712979966 -2.3841886555707013 -5.3671501881367458 -2.7988451418669329 2.7137379622459417
leaf_weight=33 26 20 35 33 23 21 26 29 32 30 24 31 27 37 23 20
leaf_count=33 26 20 35 33 23 21 26 29 32 30 24 31 27 37 23 20
internal_value=0.117302 -1.48712 3.19661 4.06684 3.11976 -0.11516 1.36956 -0.76561 0.187713 -2.79831 2.30314 -3.26785 -3.7737 -4.33365 -2.08726 3.22407
internal_weight=470 309 161 126 93 151 46 105 61 158 70 125 94 67 44 46
internal_count=470 309 161 126 93 151 46 105 61 158 70 125 94 67 44 46
is_linear=0
shrinkage=0.05


Tree=51
num_leaves=18
num_cat=0
split_feature=2 2 0 2 0 1 5 0 0 1 1 0 2 1 5 1 1
split_gain=838258 200665 158457 114980 68140.7 52643.3 71605 47758.8 100438 47632.6 41077.8 37357.9 33766.3 21265 16049.2 8808.88 3557.67
threshold=13.500000000000002 9.5000000000000018 15386.000000000002 16.500000000000004 15381.500000000002 118120.50000000001 1250.3765546007476 15381.500000000002 15386.000000000002 118087.50000000001 118164.00000000001 15377.000000000002 8.5000000000000018 118150.50000000001 1924.2724972738763 118155.50000000001 118107.00000000001
decision_type=2 2 2 2 2 2 2 2 2 2 2 2 2 2 2 2 2
left_child=1 9 3 4 10 6 -3 15 -9 -1 16 -11 13 14 -13 -7 -2
right_child=2 5 -4 -5 -6 7 -8 8 -10 11 -12 12 -14 -15 -16 -17 -18
leaf_value=-0.96876167528557056 3.5426375934055878 -0.94814889669418345 0.060558861323765346 6.3990971399076066 5.3248893820721177 -1.2425117174784344 3.0312631694170147 2.3095588223687535 -1.7531017720699311 -4.4635484774907432 0.51111571788787846 -2.8911134860732339 -0.99645731449127206 -1.9041072628714824 -4.8481301689147953 -2.6589029063349185 2.659857849121094
leaf_weight=33 21 20 35 33 23 21 26 29 32 36 24 22 25 22 20 23 25
leaf_count=33 21 20 35 33 23 21 26 29 32 36 24 22 25 22 20 23 25
internal_value=0.111437 -1.41277 3.03678 3.8635 2.96377 -0.109402 1.30108 -0.727329 0.178327 -2.65839 2.18798 -3.10445 -2.55471 -3.1634 -3.82303 -1.9829 3.06287
internal_weight=470 309 161 126 93 151 46 105 61 158 70 125 89 64 42 44 46
internal_count=470 309 161 126 93 151 46 105 61 158 70 125 89 64 42 44 46
is_linear=0
shrinkage=0.05


Tree=52
num_leaves=18
num_cat=0
split_feature=2 2 0 0 0 0 0 1 1 1 1 0 0 2 1 5 5
split_gain=758854 240620 147966 382311 116638 107568 74581.1 105707 53350.6 42988.4 38084.6 33715.5 32653.3 30474.1 19191.7 14484.4 2768.04
threshold=14.500000000000002 9.5000000000000018 15373.500000000002 15374.500000000002 15386.000000000002 15386.000000000002 15381.500000000002 118129.50000000001 118146.50000000001 118087.50000000001 118120.50000000001 15377.000000000002 15383.500000000002 8.5000000000000018 118150.50000000001 1924.2724972738763 2441.8897727593335
decision_type=2 2 2 2 2 2 2 2 2 2 2 2 2 2 2 2 2
left_child=1 9 -3 -4 6 8 7 -2 10 -1 -5 -11 -10 14 15 -13 -7
right_child=4 2 3 5 -6 16 -8 -9 12 11 -12 13 -14 -15 -16 -17 -18
leaf_value=-0.92032362042051374 5.3112099622425291 4.1832651519775395 -6.3577998368636424 1.5750379754946782 0.52836627960205085 -1.0604195451736451 6.7174782037734992 1.4736262994654039 3.5233675581036197 -4.2403711027569244 -1.2180986445883049 -2.74655777649446 1.0012602579025995 -0.94663439941406247 -1.8089019211855804 -4.6057236576080323 -1.8568762352069219
leaf_weight=33 38 20 23 26 26 20 24 34 33 36 23 22 21 25 22 20 24
leaf_count=33 38 20 23 26 26 20 24 34 33 36 23 22 21 25 22 20 24
internal_value=0.105865 -1.08371 0.115236 -0.363356 3.49907 0.57455 4.30363 3.49902 1.45857 -2.52547 0.263974 -2.94923 2.54255 -2.42697 -3.00523 -3.63187 -1.49485
internal_weight=470 348 190 170 122 147 96 72 103 158 49 125 54 89 64 42 44
internal_count=470 348 190 170 122 147 96 72 103 158 49 125 54 89 64 42 44
is_linear=0
shrinkage=0.05


Tree=53
num_leaves=17
num_cat=0
split_feature=2 2 2 0 0 0 0 1 0 1 2 1 1 5 1 5
split_gain=689680 161429 135149 95364.1 55276 46375.1 67312.6 41400.7 41051.7 31064.1 28487.3 18924.7 22729.7 15071.3 5090.51 3184.58
threshold=13.500000000000002 9.5000000000000018 16.500000000000004 15386.000000000002 15381.500000000002 15374.500000000002 15386.000000000002 118146.50000000001 15374.500000000002 118164.00000000001 6.5000000000000009 118118.50000000001 118138.00000000001 2308.8240637146364 118173.00000000001 1257.6678709053197
decision_type=2 2 2 2 2 2 2 2 2 2 2 2 2 2 2 2
left_child=1 8 3 4 9 -3 7 -7 -1 15 -10 -12 -13 -4 -9 -2
right_child=2 5 13 -5 -6 6 -8 14 10 -11 11 12 -14 -15 -16 -17
leaf_value=-3.8070218110695864 2.2748881476266045 -1.7081667055402485 6.1679034641810828 -0.70870632595486116 4.7933083824489433 -0.012970951275947768 -1.4639427774293083 2.7998383749099007 -3.2702781279881799 0.50977134704589844 -0.35372258608157819 -2.9853931459887275 -1.0799375477959128 4.250061705112457 1.698917561485654 3.1100979700088502
leaf_weight=39 21 35 21 27 23 39 35 21 30 24 26 29 34 20 21 25
leaf_count=39 21 35 21 27 23 39 35 21 30 24 26 29 34 20 21 25
internal_value=0.100572 -1.28197 2.75402 1.90726 2.66673 -0.112952 0.368362 1.1601 -2.3992 1.96799 -1.93781 -1.48866 -1.95705 5.23237 2.24938 2.72881
internal_weight=470 309 161 120 93 151 116 81 158 70 119 89 63 41 42 46
internal_count=470 309 161 120 93 151 116 81 158 70 119 89 63 41 42 46
is_linear=0
shrinkage=0.05


Tree=54
num_leaves=19
num_cat=0
split_feature=2 2 0 0 0 0 0 1 1 1 1 0 0 2 1 1 5 5
split_gain=624210 194393 138879 335331 99329.9 87241.5 63966.9 91746.3 43713.2 40052 34681.6 29660.7 28882.5 26768.3 23866.6 16102.7 12479.8 2387.21
threshold=14.500000000000002 9.5000000000000018 15373.500000000002 15374.500000000002 15386.000000000002 15386.000000000002 15381.500000000002 118131.00000000001 118146.50000000001 118087.50000000001 118120.50000000001 15377.000000000002 15383.500000000002 8.5000000000000018 118107.00000000001 118150.50000000001 1924.2724972738763 2441.8897727593335
decision_type=2 2 2 2 2 2 2 2 2 2 2 2 2 2 2 2 2 2
left_child=1 9 -3 -4 6 8 7 14 10 -1 -5 -11 -10 15 -2 16 -13 -7
right_child=4 2 3 5 -6 17 -8 -9 12 11 -12 13 -14 -15 -16 -17 -18 -19
leaf_value=-0.72988073031107592 5.9288783785700803 4.0354189300537113 -5.9834311112113623 1.474935977275555 0.43158925129817088 -0.95119415283203124 6.1509932676951093 1.058496452967326 3.2087951660156251 -3.8992838303248085 -1.1904915394990341 -2.4926093610850248 0.83678094318934859 -0.81100762367248547 3.5423683599992231 -1.6445477355610241 -4.218333425521851 -1.6908352834482987
leaf_weight=33 20 20 23 26 26 20 24 30 33 36 23 22 21 25 22 22 20 24
leaf_count=33 20 20 23 26 26 20 24 30 33 36 23 22 21 25 22 22 20 24
internal_value=0.0955433 -0.983346 0.0942905 -0.369372 3.17303 0.509019 3.9155 3.17034 1.30514 -2.27924 0.223817 -2.68827 2.28635 -2.19842 4.6788 -2.74038 -3.31438 -1.35463
internal_weight=470 348 190 170 122 147 96 72 103 158 49 125 54 89 42 64 42 44
internal_count=470 348 190 170 122 147 96 72 103 158 49 125 54 89 42 64 42 44
is_linear=0
shrinkage=0.05


Tree=55
num_leaves=20
num_cat=0
split_feature=2 2 2 0 1 1 0 1 0 2 1 0 2 0 0 2 1 0 5
split_gain=597510 140093 97570.2 74142.6 68081.5 72601.6 56615.1 54975.7 97078.8 50075.3 33835.3 30304 24918.2 19710.4 13639.8 9658.98 7472.09 6166.77 1311.37
threshold=13.500000000000002 16.500000000000004 10.500000000000002 15386.000000000002 118185.50000000001 118156.50000000001 15381.500000000002 118087.50000000001 15374.500000000002 8.5000000000000018 118164.00000000001 15381.500000000002 11.500000000000002 15386.000000000002 15377.000000000002 6.5000000000000009 118068.50000000001 15383.500000000002 1169.7525916775728
decision_type=2 2 2 2 2 2 2 2 2 2 2 2 2 2 2 2 2 2 2
left_child=2 3 7 6 5 12 10 16 -9 15 14 -3 -4 18 -2 -10 -1 -17 -11
right_child=1 11 4 -5 -6 -7 -8 8 9 13 -12 -13 -14 -15 -16 17 -18 -19 -20
leaf_value=-0.92421209335327148 3.2033924406225034 3.7091151078542079 1.0421523425890054 -0.81822039794921886 -1.9816078278326221 3.2964441753569105 4.2824155731201179 -5.4824695768810461 -3.348437746109501 -0.39328972339630131 -0.0091312368710835777 6.3443882846832276 -1.1616200221413426 -1.9986609186444964 1.3992426609992981 -1.6471387167771656 0.44254372835159306 -2.7585929980644814 0.17928640842437746
leaf_weight=20 22 24 23 25 31 21 25 21 31 20 24 20 29 21 20 24 20 26 20
leaf_count=20 22 24 23 25 31 21 25 21 31 20 24 20 29 21 20 24 20 26 20
internal_value=0.0273153 2.5047 -1.26383 1.59349 -0.0184807 0.815176 2.25605 -1.90184 -2.30945 -1.8402 1.48849 4.90697 -0.186875 -0.758229 2.34427 -2.65502 -0.240834 -2.22509 -0.107002
internal_weight=467 160 307 116 104 73 91 203 163 142 66 44 52 61 42 81 40 50 40
internal_count=467 160 307 116 104 73 91 203 163 142 66 44 52 61 42 81 40 50 40
is_linear=0
shrinkage=0.05


Tree=56
num_leaves=20
num_cat=0
split_feature=2 2 2 0 5 0 1 0 2 0 1 0 0 0 1 2 1 0 5
split_gain=539252 126434 88057.1 66913.7 62287.2 51095.1 49615.6 87613.6 45193 43777.5 30536.3 27349.4 17788.6 12309.9 10011.1 8717.23 6743.56 5565.51 1183.51
threshold=13.500000000000002 16.500000000000004 10.500000000000002 15386.000000000002 1250.3765546007476 15381.500000000002 118087.50000000001 15374.500000000002 8.5000000000000018 15383.500000000002 118164.00000000001 15381.500000000002 15386.000000000002 15377.000000000002 118125.00000000001 6.5000000000000009 118068.50000000001 15383.500000000002 1169.7525916775728
decision_type=2 2 2 2 2 2 2 2 2 2 2 2 2 2 2 2 2 2 2
left_child=2 3 6 5 -4 10 16 -8 15 14 13 -3 18 -2 -6 -9 -1 -17 -10
right_child=1 11 4 -5 9 -7 7 8 12 -11 -12 -13 -14 -15 -16 17 -18 -19 -20
leaf_value=-0.87800152063369752 3.0432228175076572 3.5236592451731363 -1.8123932636145392 -0.77730936431884778 1.0933530864715577 4.0682947082519538 -5.2083461488996239 -3.1810158575734788 -0.37362521886825562 -0.81671197918745198 -0.0086746414502461757 6.0271689033508302 -1.8987278120858329 1.3292805159091952 2.5941884064674379 -1.5647818436225256 0.42041656494140628 -2.6206633457770714 0.17032206058502197
leaf_weight=20 22 24 33 25 25 25 21 31 20 26 24 20 21 20 20 24 20 26 20
leaf_count=20 22 24 33 25 25 25 21 31 20 26 24 20 21 20 20 24 20 26 20
internal_value=0.0259496 2.37946 -1.20064 1.51382 -0.0175567 2.14325 -1.80675 -2.19398 -1.74819 0.816663 1.41407 4.66162 -0.720317 2.22706 1.76039 -2.52227 -0.228792 -2.11384 -0.101652
internal_weight=467 160 307 116 104 91 203 163 142 71 66 44 61 42 45 81 40 50 40
internal_count=467 160 307 116 104 91 203 163 142 71 66 44 61 42 45 81 40 50 40
is_linear=0
shrinkage=0.05


Tree=57
num_leaves=20
num_cat=0
split_feature=2 2 2 0 1 1 0 1 0 2 1 0 2 0 0 2 1 0 5
split_gain=486675 114107 79471.6 60389.6 56887.8 62300.6 46113.3 44778 79071.3 40786.7 27559 24682.8 22202.7 16054.2 11109.7 7867.3 6086.06 5022.87 1068.12
threshold=13.500000000000002 16.500000000000004 10.500000000000002 15386.000000000002 118185.50000000001 118156.50000000001 15381.500000000002 118087.50000000001 15374.500000000002 8.5000000000000018 118164.00000000001 15381.500000000002 11.500000000000002 15386.000000000002 15377.000000000002 6.5000000000000009 118068.50000000001 15383.500000000002 1169.7525916775728
decision_type=2 2 2 2 2 2 2 2 2 2 2 2 2 2 2 2 2 2 2
left_child=2 3 7 6 5 12 10 16 -9 15 14 -3 -4 18 -2 -10 -1 -17 -11
right_child=1 11 4 -5 -6 -7 -8 8 9 13 -12 -13 -14 -15 -16 17 -18 -19 -20
leaf_value=-0.83410141944885263 2.8910616484555334 3.3474763592084251 0.97725370241248088 -0.7384439086914063 -1.8111790287879206 3.0438799540201824 3.8648798599243168 -4.9479287647065666 -3.0219651068410567 -0.35494399309158325 -0.0082409103711446122 5.7258106040954591 -1.1029780879102906 -1.8037914412362235 1.2628164792060854 -1.4865427156289419 0.39939572811126711 -2.4896301709688626 0.16180595874786377
leaf_weight=20 22 24 23 25 31 21 25 21 31 20 24 20 29 21 20 24 20 26 20
leaf_count=20 22 24 23 25 31 21 25 21 31 20 24 20 29 21 20 24 20 26 20
internal_value=0.0246521 2.26049 -1.14061 1.43813 -0.0166788 0.745369 2.03609 -1.71641 -2.08428 -1.66078 1.34336 4.42854 -0.182876 -0.684301 2.11571 -2.39615 -0.217353 -2.00815 -0.096569
internal_weight=467 160 307 116 104 73 91 203 163 142 66 44 52 61 42 81 40 50 40
internal_count=467 160 307 116 104 73 91 203 163 142 66 44 52 61 42 81 40 50 40
is_linear=0
shrinkage=0.05


Tree=58
num_leaves=20
num_cat=0
split_feature=2 2 2 1 1 1 0 2 1 5 0 0 0 0 1 1 0 1 5
split_gain=442042 110926 67356.1 58716.3 70092.8 40412.2 71361.8 36810 27803.8 25496.9 44120.1 22276.2 14489 11431.3 10670.3 7143.27 9816.39 5492.67 963.98
threshold=14.500000000000002 10.500000000000002 16.500000000000004 118185.50000000001 118160.00000000001 118087.50000000001 15374.500000000002 8.5000000000000018 118189.50000000001 1250.3765546007476 15379.500000000002 15381.500000000002 15386.000000000002 15379.500000000002 118202.00000000001 118150.50000000001 15383.500000000002 118068.50000000001 1169.7525916775728
decision_type=2 2 2 2 2 2 2 2 2 2 2 2 2 2 2 2 2 2 2
left_child=1 5 8 4 9 17 -7 15 13 -3 -11 -4 18 -2 -5 16 -8 -1 -9
right_child=2 3 11 14 -6 6 7 12 -10 10 -12 -13 -14 -15 -16 -17 -18 -19 -20
leaf_value=-0.79239633798599252 3.2765534964474767 -1.3811890912055969 3.1801024675369263 -1.9938974647521974 3.3549406398426407 -4.700532386416481 -2.0319450285699632 -0.33719676733016968 0.38145141601562504 2.5858256793022161 -0.32898205003222908 5.4395199489593509 -1.7136019434247698 1.7535086461475917 -0.46507420312790643 -1.4826708839053202 -3.3374083677927651 0.3794259381294251 0.1537156677246094
leaf_weight=20 22 20 24 25 22 21 36 20 25 20 37 20 21 28 21 21 24 20 20
leaf_count=20 22 20 24 25 22 21 36 20 25 20 37 20 21 28 21 21 24 20 20
internal_value=0.0234195 -0.876134 2.65405 0.180104 0.86595 -1.63059 -1.98006 -1.57774 1.74292 0.15481 0.693758 4.20711 -0.650086 2.42365 -1.29596 -2.27634 -2.55413 -0.206485 -0.0917405
internal_weight=467 348 119 145 99 203 163 142 75 77 57 44 61 50 46 81 60 40 40
internal_count=467 348 119 145 99 203 163 142 75 77 57 44 61 50 46 81 60 40 40
is_linear=0
shrinkage=0.05


Tree=59
num_leaves=18
num_cat=0
split_feature=2 2 0 0 2 0 0 0 1 0 5 5 1 0 0 1 2
split_gain=399636 92161.7 65248.4 232887 56700.1 52166.3 41811.8 26286.8 36313.6 25683.8 58709.9 36610.5 23416.8 20104.3 9660.06 8462.05 3620.59
threshold=13.500000000000002 16.500000000000004 15374.500000000002 15373.500000000002 10.500000000000002 15386.000000000002 15381.500000000002 15383.500000000002 118156.50000000001 15386.000000000002 814.94179593592901 3272.4235136537195 118164.00000000001 15381.500000000002 15377.000000000002 118119.50000000001 8.5000000000000018
decision_type=2 2 2 2 2 2 2 2 2 2 2 2 2 2 2 2 2
left_child=2 5 3 -1 9 6 12 8 -6 10 15 -12 14 -3 -2 -4 -11
right_child=1 13 4 -5 7 -7 -8 -9 -10 16 11 -13 -14 -15 -16 -17 -18
leaf_value=0.54350631020285867 2.6403193083676424 3.0210972944895431 -1.4490858183966744 -5.3966822999896422 -0.083600299835205089 -0.71371143341064458 3.6064135208129886 -0.58623111119141447 2.7367575509207591 -2.4839230728149415 1.6545844696186209 -0.86381270039466129 -0.04051262537638347 5.167544012069702 1.1220170855522156 -2.7701154795559972 -1.6279218219575426
leaf_weight=33 22 24 27 33 25 25 25 37 21 30 27 31 24 20 20 22 21
leaf_count=33 22 24 27 33 25 25 25 37 21 30 27 31 24 20 20 22 21
internal_value=0.0222485 2.04831 -1.03368 -2.42659 -0.65222 1.30925 1.865 0.40592 1.20395 -1.20808 -0.767965 0.308545 1.20538 3.99675 1.91732 -2.0422 -2.13145
internal_weight=467 160 307 66 241 116 91 83 46 158 107 58 66 44 42 49 51
internal_count=467 160 307 66 241 116 91 83 46 158 107 58 66 44 42 49 51
is_linear=0
shrinkage=0.05


Tree=60
num_leaves=17
num_cat=0
split_feature=2 0 0 5 1 0 0 1 0 0 2 1 5 5 1 1
split_gain=329999 188035 300713 85473.4 79274.5 86493.9 50993.6 56747.9 38195.5 35084.5 66522.8 42354.9 24714.4 23498.4 8186.29 6489.92
threshold=11.500000000000002 15373.500000000002 15374.500000000002 8805.6179094126655 118087.50000000001 15374.500000000002 15386.000000000002 118166.00000000001 15381.500000000002 15386.000000000002 7.5000000000000009 118144.00000000001 2067.4523568457666 1226.104167096569 118118.50000000001 118213.50000000001
decision_type=2 2 2 2 2 2 2 2 2 2 2 2 2 2 2 2
left_child=4 -2 -3 6 8 -6 7 12 -1 10 -7 14 -4 -8 -12 -11
right_child=1 2 3 -5 5 9 13 -9 -10 15 11 -13 -14 -15 -16 -17
leaf_value=-0.71678890559984287 5.714547856648764 -3.6733002827085302 2.0718636186499348 4.9105036354064948 -4.268289118546706 -2.6508068339029949 1.1962357719739278 3.8070535123348237 2.1647668175075365 -1.7643591554541338 -0.18235684091394599 1.4482480441822725 0.11416153822626388 -1.0163402487834297 -1.5176464319229126 -2.8596113477434435
leaf_weight=23 24 29 38 20 26 30 24 32 23 38 22 34 28 24 24 21
leaf_count=23 24 29 38 20 26 30 24 32 23 38 22 34 28 24 24 21
internal_value=0.133512 1.53837 1.02438 1.84506 -1.14311 -1.58355 1.42514 2.07911 0.723989 -1.17051 -0.642901 0.110063 1.24132 0.0899478 -0.87903 -2.15419
internal_weight=460 219 195 166 241 195 146 98 46 169 110 80 66 48 46 59
internal_count=460 219 195 166 241 195 146 98 46 169 110 80 66 48 46 59
is_linear=0
shrinkage=0.05


Tree=61
num_leaves=17
num_cat=0
split_feature=2 0 0 5 1 0 0 1 0 0 2 1 5 5 1 1
split_gain=297824 169701 271393 77139.7 71545.2 78060.8 46021.8 51215 34471.4 31663.8 60036.8 38225.3 22304.8 21207.3 7388.12 5857.15
threshold=11.500000000000002 15373.500000000002 15374.500000000002 8805.6179094126655 118087.50000000001 15374.500000000002 15386.000000000002 118166.00000000001 15381.500000000002 15386.000000000002 7.5000000000000009 118144.00000000001 2067.4523568457666 1226.104167096569 118118.50000000001 118213.50000000001
decision_type=2 2 2 2 2 2 2 2 2 2 2 2 2 2 2 2
left_child=4 -2 -3 6 8 -6 7 12 -1 10 -7 14 -4 -8 -12 -11
right_child=1 2 3 -5 5 9 13 -9 -10 15 11 -13 -14 -15 -16 -17
leaf_value=-0.68094945990520983 5.4288204669952398 -3.4896353047469568 1.9682704448699953 4.6649783611297613 -4.0548745192014257 -2.5182665157318116 1.1364239891370138 3.6167008727788925 2.0565285765606425 -1.6761412118610584 -0.17323899269104004 1.3758356487049777 0.10845344918114799 -0.96552326679229739 -1.4417641063531241 -2.7166307721819201
leaf_weight=23 24 29 38 20 26 30 24 32 23 38 22 34 28 24 24 21
leaf_count=23 24 29 38 20 26 30 24 32 23 38 22 34 28 24 24 21
internal_value=0.126836 1.46146 0.973165 1.75281 -1.08595 -1.50437 1.35388 1.97516 0.68779 -1.11199 -0.610756 0.10456 1.17926 0.0854504 -0.835078 -2.04648
internal_weight=460 219 195 166 241 195 146 98 46 169 110 80 66 48 46 59
internal_count=460 219 195 166 241 195 146 98 46 169 110 80 66 48 46 59
is_linear=0
shrinkage=0.05


Tree=62
num_leaves=18
num_cat=0
split_feature=2 0 0 5 1 0 0 1 0 0 2 1 5 1 1 1 2
split_gain=268786 153155 244933 69618.6 64569.5 70449.8 42987.1 55172.6 31110.5 28576.6 54183.2 34498.3 25025.3 9408.89 6667.78 5286.08 1856.67
threshold=11.500000000000002 15373.500000000002 15374.500000000002 8805.6179094126655 118087.50000000001 15374.500000000002 15389.000000000002 118166.00000000001 15381.500000000002 15386.000000000002 7.5000000000000009 118144.00000000001 1226.104167096569 118129.50000000001 118118.50000000001 118213.50000000001 14.500000000000002
decision_type=2 2 2 2 2 2 2 2 2 2 2 2 2 2 2 2 2
left_child=4 -2 -3 6 8 -6 7 12 -1 10 -7 14 16 -14 -12 -11 -4
right_child=1 2 3 -5 5 9 -8 -9 -10 15 11 -13 13 -15 -16 -17 -18
leaf_value=-0.64690204495969028 5.1573795239130655 -3.3151535371254237 1.4880104732513428 4.4317294597625736 -3.8521308568807751 -2.3923531627655032 -0.75067413503473457 3.4358657896518707 1.9537021471106488 -1.5923341675808556 -0.16457704630765049 1.3070438469157502 -0.57931773321969171 0.85629897880554207 -1.3696758707364403 -2.5807992026919413 2.1287992330697869
leaf_weight=23 24 29 20 20 26 30 22 32 23 38 22 34 21 25 24 21 26
leaf_count=23 24 29 20 20 26 30 22 32 23 38 22 34 21 25 24 21 26
internal_value=0.120494 1.38838 0.924507 1.66517 -1.03165 -1.42915 1.28619 1.64757 0.6534 -1.05639 -0.580218 0.0993322 1.02555 0.200909 -0.793324 -1.94416 1.8502
internal_weight=460 219 195 166 241 195 146 124 46 169 110 80 92 46 46 59 46
internal_count=460 219 195 166 241 195 146 124 46 169 110 80 92 46 46 59 46
is_linear=0
shrinkage=0.05


Tree=63
num_leaves=18
num_cat=0
split_feature=2 2 1 0 0 5 1 0 5 1 5 1 0 0 1 2 2
split_gain=246048 103299 77731.1 27671.5 26008.7 45687.6 24563.7 67937.1 17947 17217.7 33656.7 48554.5 16214 10035.5 8768.65 5554.87 2288.63
threshold=15.500000000000002 10.500000000000002 118185.50000000001 15374.500000000002 15386.000000000002 814.94179593592901 118131.00000000001 15381.500000000002 3272.4235136537195 118144.00000000001 1250.3765546007476 118100.00000000001 15373.500000000002 15383.500000000002 118119.50000000001 8.5000000000000018 13.500000000000002
decision_type=2 2 2 2 2 2 2 2 2 2 2 2 2 2 2 2 2
left_child=1 3 9 12 5 14 -2 -8 -7 10 -3 -12 -1 -4 -5 -6 -11
right_child=6 2 13 4 15 8 7 -9 -10 16 11 -13 -14 -15 -16 -17 -18
leaf_value=-1.3721969962120057 4.0891964478926228 -0.7667311120916297 -1.9624831134622749 -1.0439522647857666 -2.3301064082554408 1.2811325470606487 -0.13088414328438897 3.4663918140956334 -0.40860124067826709 2.3065281486511231 3.0967383166154225 0.17681747164045061 -3.3855254316329955 -0.58383889053807114 -2.4298644928705126 -1.2390841484069826 1.5823194265365601
leaf_weight=20 22 27 22 25 28 30 21 35 33 20 24 35 20 33 21 20 24
leaf_count=20 22 27 22 25 28 30 21 35 33 20 24 35 20 33 21 20 24
internal_value=0.11447 -0.408067 0.440397 -1.20485 -0.905736 -0.478677 2.67356 2.11741 0.396034 1.10704 0.695449 1.36458 -2.37886 -1.1353 -1.67665 -1.87551 1.91151
internal_weight=460 382 185 197 157 109 78 56 63 130 86 59 40 55 46 48 44
internal_count=460 382 185 197 157 109 78 56 63 130 86 59 40 55 46 48 44
is_linear=0
shrinkage=0.05


Tree=64
num_leaves=18
num_cat=0
split_feature=2 2 1 0 2 0 5 5 1 5 1 0 0 0 1 2 0
split_gain=222058 93227.2 70152.3 24973.5 24618.3 23472.9 41233.1 16197.1 15539 30375.2 43820.4 14633.1 9057.03 8335.46 7913.71 5013.27 2289.63
threshold=15.500000000000002 10.500000000000002 118185.50000000001 15374.500000000002 16.500000000000004 15386.000000000002 814.94179593592901 3272.4235136537195 118144.00000000001 1250.3765546007476 118100.00000000001 15373.500000000002 15383.500000000002 15381.500000000002 118119.50000000001 8.5000000000000018 15381.500000000002
decision_type=2 2 2 2 2 2 2 2 2 2 2 2 2 2 2 2 2
left_child=1 3 8 11 -2 6 14 -8 9 -3 -11 -1 -4 -6 -5 -7 -10
right_child=4 2 12 5 13 15 7 -9 16 10 -12 -13 -14 -15 -16 -17 -18
leaf_value=-1.3035871648788453 1.5804240716828239 -0.72839460549531165 -1.8643590314821765 -0.99175463867187497 2.6906648462468929 -2.213601068087987 1.2170758771896364 -0.38817118731412026 1.4384618395850772 2.9419013977050783 0.16797658988407682 -3.2162491083145142 -0.55464692549272021 4.1010349559783936 -2.308371271405901 -1.1771299648284914 2.1605747285096544
leaf_weight=20 36 27 22 25 22 28 30 33 21 24 35 20 33 20 21 20 23
leaf_count=20 36 27 22 25 22 28 30 33 21 24 35 20 33 20 21 20 23
internal_value=0.108746 -0.387663 0.418377 -1.14461 2.53988 -0.860449 -0.454743 0.376232 1.05169 0.660676 1.29635 -2.25992 -1.07853 3.36227 -1.59282 -1.78174 1.81593
internal_weight=460 382 185 197 78 157 109 63 130 86 59 40 55 42 46 48 44
internal_count=460 382 185 197 78 157 109 63 130 86 59 40 55 42 46 48 44
is_linear=0
shrinkage=0.05


Tree=65
num_leaves=16
num_cat=0
split_feature=2 0 0 0 0 2 1 1 1 1 5 1 1 1 5
split_gain=233778 77182.6 68023.8 54459 181929 47739.1 39612.2 46719.5 40117.5 34710.1 36505.8 25141.2 7297.12 10289.9 6461.66
threshold=13.500000000000002 15386.000000000002 15381.500000000002 15374.500000000002 15373.500000000002 6.5000000000000009 118199.50000000001 118170.50000000001 118092.00000000001 118168.50000000001 1774.0482549333872 118144.00000000001 118118.50000000001 118138.00000000001 1924.2724972738763
decision_type=2 2 2 2 2 2 2 2 2 2 2 2 2 2 2
left_child=3 2 9 4 -1 -5 7 8 -7 10 -2 12 -10 14 -14
right_child=1 -3 -4 5 -6 6 -8 -9 11 -11 -12 -13 13 -15 -16
leaf_value=0.8212884306907654 3.0592101799475184 -0.57014603181318801 4.0206936665943696 -2.0576541069391614 -4.2654929919120592 1.8642784364521505 -1.5255434334278108 2.3187622650809909 -0.21491039594014488 -0.30061285008083694 0.78966099234188303 0.78364471312492123 -1.0314730561297873 -0.25275325548081173 -2.2603190255165102
leaf_weight=32 37 33 35 37 39 22 40 23 30 22 34 31 23 21 20
leaf_count=32 37 33 35 37 39 22 40 23 30 22 34 31 23 21 20
internal_value=0.0335293 1.58593 2.1418 -0.752436 -1.97286 -0.401626 -0.10985 0.223254 -0.104614 1.43469 1.97238 -0.451139 -0.858355 -1.15997 -1.60303
internal_weight=479 161 128 318 71 247 210 170 147 93 71 125 94 64 43
internal_count=479 161 128 318 71 247 210 170 147 93 71 125 94 64 43
is_linear=0
shrinkage=0.05


Tree=66
num_leaves=17
num_cat=0
split_feature=2 0 0 0 1 2 0 1 2 5 0 5 5 1 1 3
split_gain=215512 161614 216614 91415 76722.7 86449.2 43558.3 35461.3 26084.5 25470.8 24133.8 23434.7 22995 21025 3853.81 67.4806
threshold=10.500000000000002 15373.500000000002 15374.500000000002 15386.000000000002 118166.00000000001 15.500000000000002 15374.500000000002 118153.00000000001 6.5000000000000009 2067.4523568457666 15386.000000000002 913.14439240147408 5330.0045916609661 118219.50000000001 118122.00000000001 3.5000000000000004
decision_type=2 2 2 2 2 2 2 2 2 2 2 2 2 2 2 2
left_child=6 -2 -3 4 9 -6 7 -1 -8 14 11 -10 -13 15 -4 -5
right_child=1 2 3 13 5 -7 8 -9 10 -11 -12 12 -14 -15 -16 -17
leaf_value=-1.2878074132479156 4.4850637830536941 -3.5192322488488821 1.8757754588127136 0.085397983491420748 1.5427563793565098 5.2843964356642505 -1.9547714040086079 -4.0502934592110771 -1.1212378700574239 -0.2111148634472409 -1.5294024195935991 1.5579723326365154 -0.45334996470698607 -1.7740452332930134 0.99263427371070501 0.21528307676315306
leaf_weight=26 29 29 30 20 38 26 37 21 30 37 36 30 27 22 21 20
leaf_count=26 29 29 30 20 38 26 37 21 30 37 36 30 27 22 21 20
internal_value=0.0318529 0.957059 0.536022 1.08557 1.74557 3.0628 -1.18388 -2.52211 -0.790772 0.787583 -0.440625 0.00990327 0.605241 -0.532506 1.51213 0.150341
internal_weight=479 272 243 214 152 64 207 47 160 88 123 87 57 62 51 40
internal_count=479 272 243 214 152 64 207 47 160 88 123 87 57 62 51 40
is_linear=0
shrinkage=0.05


Tree=67
num_leaves=17
num_cat=0
split_feature=2 0 0 0 1 2 0 1 2 5 0 5 5 1 5 3
split_gain=194500 145857 195494 82502 69242.2 78020.4 39311.4 32003.8 23541.3 22987.4 21780.8 21149.8 20753 18975 3625.43 60.9012
threshold=10.500000000000002 15373.500000000002 15374.500000000002 15386.000000000002 118166.00000000001 15.500000000000002 15374.500000000002 118153.00000000001 6.5000000000000009 2067.4523568457666 15386.000000000002 913.14439240147408 5330.0045916609661 118219.50000000001 679.10714004389399 3.5000000000000004
decision_type=2 2 2 2 2 2 2 2 2 2 2 2 2 2 2 2
left_child=6 -2 -3 4 9 -6 7 -1 -8 14 11 -10 -13 15 -4 -5
right_child=1 2 3 13 5 -7 8 -9 10 -11 -12 12 -14 -15 -16 -17
leaf_value=-1.22341701067411 4.2608106284305967 -3.3432706553360512 1.8836596702535946 0.081128100454807284 1.4656184899179561 5.0201765940739556 -1.8570328641582181 -3.8477788107735771 -1.0651759608586628 -0.20055913216358909 -1.4529322624206544 1.4800737047195436 -0.43068248254281505 -1.6853429967706857 1.0390673981772529 0.20451890230178835
leaf_weight=26 29 29 24 20 38 26 37 21 30 37 36 30 27 22 27 20
leaf_count=26 29 29 24 20 38 26 37 21 30 37 36 30 27 22 27 20
internal_value=0.0302602 0.909206 0.509221 1.03129 1.65829 2.90966 -1.12468 -2.396 -0.751233 0.748204 -0.418594 0.00940811 0.574979 -0.505881 1.43652 0.142824
internal_weight=479 272 243 214 152 64 207 47 160 88 123 87 57 62 51 40
internal_count=479 272 243 214 152 64 207 47 160 88 123 87 57 62 51 40
is_linear=0
shrinkage=0.05


Tree=68
num_leaves=15
num_cat=0
split_feature=2 0 0 0 0 2 0 0 5 2 1 1 5 1
split_gain=179079 56332.7 51177.1 41720.8 136702 34710.5 32878.7 60879.7 26557.5 71962.6 11355.9 9681.86 26489.6 7401.07
threshold=13.500000000000002 15386.000000000002 15381.500000000002 15374.500000000002 15373.500000000002 6.5000000000000009 15383.500000000002 15381.500000000002 2207.9776246180054 15.500000000000002 118125.00000000001 118199.50000000001 4524.6463177215128 118118.50000000001
decision_type=2 2 2 2 2 2 2 2 2 2 2 2 2 2
left_child=3 2 8 4 -1 -5 7 10 9 -2 13 12 -8 -7
right_child=1 -3 -4 5 -6 6 11 -9 -10 -11 -12 -13 -14 -15
leaf_value=0.69471466839313512 0.39485337955336419 -0.45453023477034132 3.4920468337195261 -1.7641812253642728 -3.7146837589068293 -0.15594075679779054 -1.4286960295268469 2.1336342811584474 0.25477477831718248 4.0861214181651242 0.64090307734229357 -1.3878910034894945 0.78765821204735686 -1.2970106601715088
leaf_weight=32 31 33 35 37 39 30 28 37 39 23 22 40 26 27
leaf_count=32 31 33 35 37 39 30 28 37 39 23 22 40 26 27
internal_value=0.0287472 1.38745 1.86234 -0.65915 -1.72735 -0.352097 -0.103301 0.459886 1.249 1.96706 -0.324021 -0.798298 -0.361563 -0.696448
internal_weight=479 161 128 318 71 247 210 116 93 54 79 94 54 57
internal_count=479 161 128 318 71 247 210 116 93 54 79 94 54 57
is_linear=0
shrinkage=0.05


Tree=69
num_leaves=17
num_cat=0
split_feature=2 0 0 0 1 2 0 1 5 2 0 5 1 5 5 3
split_gain=162557 127665 167478 66568.8 57389.4 68587.3 32488.5 25087.6 19436 18751.9 17611 17621.3 17384 14176.9 2712.8 63.9439
threshold=10.500000000000002 15373.500000000002 15374.500000000002 15386.000000000002 118166.00000000001 15.500000000000002 15374.500000000002 118153.00000000001 2067.4523568457666 6.5000000000000009 15386.000000000002 814.94179593592901 118219.50000000001 5330.0045916609661 679.10714004389399 3.5000000000000004
decision_type=2 2 2 2 2 2 2 2 2 2 2 2 2 2 2 2
left_child=6 -2 -3 4 8 -6 7 -1 14 -8 11 -11 15 -13 -4 -5
right_child=1 2 3 12 5 -7 9 -9 -10 10 -12 13 -14 -15 -16 -17
leaf_value=-1.1461042413344751 3.9664773250448295 -3.1091342761598786 1.6942246758689483 0.1167612874507904 1.2883685701771788 4.6211232332082899 -1.6759721552197999 -3.469655672709147 -0.19787973970980258 -1.1279194412231446 -1.322240733769205 1.1086227560043336 -1.5698642470619895 -0.41627554363674585 0.96363011863496573 0.24319696187973025
leaf_weight=26 29 29 24 20 38 26 37 21 37 25 36 35 22 27 27 20
leaf_count=26 29 29 24 20 38 26 37 21 37 25 36 35 22 27 27 20
internal_value=0.0273099 0.830846 0.456635 0.939847 1.50306 2.6423 -1.02854 -2.18429 0.674521 -0.689045 -0.392165 -0.00730608 -0.440933 0.444554 1.30744 0.179979
internal_weight=479 272 243 214 152 64 207 47 88 160 123 87 62 62 51 40
internal_count=479 272 243 214 152 64 207 47 88 160 123 87 62 62 51 40
is_linear=0
shrinkage=0.05


Tree=70
num_leaves=20
num_cat=0
split_feature=2 1 1 0 2 1 2 1 1 0 0 1 0 1 5 0 1 1 5
split_gain=143378 87924.7 83948 50808.7 32205.4 31274.2 30109.4 24675.5 45710.7 18561.2 11723.4 7023.71 6529.87 15036.8 6145.3 5702.42 4492.04 1563.94 681.3
threshold=13.500000000000002 118067.50000000001 118087.50000000001 15374.500000000002 16.500000000000004 118072.00000000001 8.5000000000000018 118199.50000000001 118146.50000000001 15386.000000000002 15381.500000000002 118150.50000000001 15379.500000000002 118125.00000000001 2308.8240637146364 15383.500000000002 118162.00000000001 118107.00000000001 6433.8010711332272
decision_type=2 2 2 2 2 2 2 2 2 2 2 2 2 2 2 2 2 2 2
left_child=1 -1 5 -4 9 -3 11 8 12 10 16 15 -8 -14 -6 -5 17 -2 -10
right_child=4 2 3 6 14 -7 7 -9 18 -11 -12 -13 13 -15 -16 -17 -18 -19 -20
leaf_value=-3.8997517144680027 0.75457469125588739 0.27771316369374593 -2.6429265571363043 -1.1981865113122123 2.9699847102165222 3.0403918504714968 0.21195543493543353 -1.4536909032751013 1.7603268768106188 -0.52245666583379113 1.9392524169041563 -0.56751841824987659 -1.8213522932746196 -0.087858588942166027 1.7453436715262278 -2.211668006233547 0.23324443340301515 1.3532418322563171 1.3525651204586031
leaf_weight=20 24 21 33 35 20 20 21 27 21 24 26 23 22 29 21 23 30 20 20
leaf_count=20 24 21 33 35 20 20 21 27 21 24 26 23 22 29 21 23 30 20 20
internal_value=-0.0660879 -0.691516 -0.474009 -0.812884 1.12791 1.62536 -0.539619 -0.0957005 0.228775 0.726238 1.02593 -1.30689 -0.530091 -0.83564 2.34273 -1.60008 0.705027 1.0267 1.56142
internal_weight=480 315 295 254 165 41 221 140 113 124 100 81 72 51 41 58 74 44 41
internal_count=480 315 295 254 165 41 221 140 113 124 100 81 72 51 41 58 74 44 41
is_linear=0
shrinkage=0.05


Tree=71
num_leaves=20
num_cat=0
split_feature=2 1 1 0 2 1 2 1 1 0 0 0 1 1 5 0 1 2 1
split_gain=129399 79352.1 75763 45854.8 29065.3 28225 27173.8 22269.7 41349.3 16751.5 10580.4 6752.38 11923.1 6338.9 5546.13 5146.44 4054.06 2296.29 1411.45
threshold=13.500000000000002 118067.50000000001 118087.50000000001 15374.500000000002 16.500000000000004 118072.00000000001 8.5000000000000018 118199.50000000001 118144.00000000001 15386.000000000002 15381.500000000002 15379.500000000002 118125.00000000001 118150.50000000001 2308.8240637146364 15383.500000000002 118162.00000000001 10.500000000000002 118107.00000000001
decision_type=2 2 2 2 2 2 2 2 2 2 2 2 2 2 2 2 2 2 2
left_child=1 -1 5 -4 9 -3 13 8 11 10 16 -8 -13 15 -6 -5 18 -10 -2
right_child=4 2 3 6 14 -7 7 -9 17 -11 -12 12 -14 -15 -16 -17 -18 -19 -20
leaf_value=-3.7047641706466679 0.71684591422478361 0.26382749648321246 -2.510780263917916 -1.1382771822384425 2.8214855003356938 2.8883722066879276 0.20135766211010162 -1.381006364469175 1.0193949675559997 -0.49633385340372727 1.8422898182502161 -1.7302846811034465 -0.14871882842137263 -0.5391424845094267 1.6580764407203312 -2.1010846220928694 0.22158218065897628 1.7448144082600874 1.2855797600746155
leaf_weight=20 24 21 33 35 20 20 21 27 20 24 26 22 26 23 21 23 30 24 20
leaf_count=20 24 21 33 35 20 20 21 27 20 24 26 22 26 23 21 23 30 24 20
internal_value=-0.0627835 -0.656941 -0.450309 -0.77224 1.07152 1.54409 -0.512638 -0.0909155 0.217336 0.689926 0.974629 -0.546441 -0.873603 -1.24154 2.22559 -1.52008 0.669775 1.41508 0.975361
internal_weight=480 315 295 254 165 41 221 140 113 124 100 69 48 81 41 58 74 44 44
internal_count=480 315 295 254 165 41 221 140 113 124 100 69 48 81 41 58 74 44 44
is_linear=0
shrinkage=0.05


Tree=72
num_leaves=20
num_cat=0
split_feature=2 1 1 0 2 1 2 1 1 0 0 1 0 1 5 0 1 1 5
split_gain=116782 71615.2 68376.2 41384 26231.5 25473 24524.3 20098.4 37353.5 15118.2 9548.8 5720.85 5336.41 12204.1 5005.39 4644.66 3658.79 1273.84 618.168
threshold=13.500000000000002 118067.50000000001 118087.50000000001 15374.500000000002 16.500000000000004 118072.00000000001 8.5000000000000018 118199.50000000001 118146.50000000001 15386.000000000002 15381.500000000002 118150.50000000001 15379.500000000002 118125.00000000001 2308.8240637146364 15383.500000000002 118162.00000000001 118107.00000000001 6433.8010711332272
decision_type=2 2 2 2 2 2 2 2 2 2 2 2 2 2 2 2 2 2 2
left_child=1 -1 5 -4 9 -3 11 8 12 10 16 15 -8 -14 -6 -5 17 -2 -10
right_child=4 2 3 6 14 -7 7 -9 18 -11 -12 -13 13 -15 -16 -17 -18 -19 -20
leaf_value=-3.5195258355140688 0.68100367387135829 0.25063611779894152 -2.3852412480296512 -1.0813633155822753 2.6804111719131472 2.7439536476135253 0.19128975414094473 -1.3119560806839556 1.600614496355965 -0.47151712576548266 1.7501753192681535 -0.51218535485474959 -1.6437704834071074 -0.08207168907954776 1.5751725696382071 -1.9960303783416748 0.21050308227539061 1.2213007760047914 1.2122045160830022
leaf_weight=20 24 21 33 35 20 20 21 27 21 24 26 23 22 29 21 23 30 20 20
leaf_count=20 24 21 33 35 20 20 21 27 21 24 26 23 22 29 21 23 30 20 20
internal_value=-0.0596444 -0.624094 -0.427793 -0.733628 1.01794 1.46689 -0.487007 -0.0863697 0.206469 0.65543 0.925898 -1.17947 -0.479527 -0.755746 2.11431 -1.44408 0.636286 0.926593 1.41115
internal_weight=480 315 295 254 165 41 221 140 113 124 100 81 72 51 41 58 74 44 41
internal_count=480 315 295 254 165 41 221 140 113 124 100 81 72 51 41 58 74 44 41
is_linear=0
shrinkage=0.05


Tree=73
num_leaves=18
num_cat=0
split_feature=2 1 1 0 0 0 1 1 2 1 1 2 2 1 5 2 1
split_gain=105396 64632.7 61709.5 37349 23704.9 33267 68494.8 22989.4 22251.8 20245 44207.2 19575 5595.05 6860.33 8464.31 4088.85 2491.56
threshold=13.500000000000002 118067.50000000001 118087.50000000001 15374.500000000002 15386.000000000002 15381.500000000002 118188.00000000001 118072.00000000001 9.5000000000000018 118199.50000000001 118146.50000000001 15.500000000000002 6.5000000000000009 118138.00000000001 1924.2724972738763 14.500000000000002 118123.50000000001
decision_type=2 2 2 2 2 2 2 2 2 2 2 2 2 2 2 2 2
left_child=1 -1 7 -4 5 6 11 -3 12 10 16 15 -5 14 -14 -2 -10
right_child=4 2 3 8 -6 -7 -8 -9 9 -11 -12 -13 13 -15 -16 -17 -18
leaf_value=-3.3435496973991392 0.39147286862134933 0.23810430594852994 -2.2659791830814249 -1.5148648030830154 -0.23156501090887824 2.5881182854516167 -1.6633027835325764 2.6067559552192687 -0.18941293287277222 -1.2549335559209189 1.730224802551998 2.4718547421116988 -0.47764509449834408 -0.17813506536185741 -1.8660573520830699 1.3594750404357911 -0.88212887622691971
leaf_weight=20 24 21 33 33 33 35 22 20 25 24 36 31 23 32 21 20 27
leaf_count=20 24 21 33 33 33 35 22 20 25 24 36 31 23 32 21 20 27
internal_value=-0.0566622 -0.592889 -0.406403 -0.696946 0.967044 1.2667 0.789894 1.39354 -0.462656 0.0322936 0.383356 1.5095 -0.971228 -0.735176 -1.1403 0.831474 -0.549092
internal_weight=480 315 295 254 165 132 97 41 221 112 88 75 109 76 44 44 52
internal_count=480 315 295 254 165 132 97 41 221 112 88 75 109 76 44 44 52
is_linear=0
shrinkage=0.05


Tree=74
num_leaves=19
num_cat=0
split_feature=2 1 1 0 2 1 2 1 1 5 1 2 2 1 5 5 1 3
split_gain=95120 58331.1 55692.8 33707.5 22925.8 20747.9 20082.3 18271.1 39897 12652.9 11534 8742.68 5049.53 6191.45 7639.04 4553.96 2248.63 1928.15
threshold=13.500000000000002 118067.50000000001 118087.50000000001 15374.500000000002 16.500000000000004 118072.00000000001 9.5000000000000018 118199.50000000001 118146.50000000001 616.23280529935437 118177.00000000001 14.500000000000002 6.5000000000000009 118138.00000000001 1924.2724972738763 2308.8240637146364 118123.50000000001 3.5000000000000004
decision_type=2 2 2 2 2 2 2 2 2 2 2 2 2 2 2 2 2 2
left_child=1 -1 5 -4 9 -3 12 8 16 -2 11 -11 -5 14 -14 -6 -8 -12
right_child=4 2 3 6 15 -7 7 -9 -10 10 17 -13 13 -15 -16 -17 -18 -19
leaf_value=-3.1763721823692324 1.6673253059387207 0.22619911034901941 -2.1526802604848689 -1.4391215411099523 2.4836247801780704 2.476418137550354 -0.17994227552413941 -1.1921869357426962 1.643713559044732 0.20918190727524202 0.039563127517700199 1.4478408711297173 -0.45376282982204269 -0.16922831875272096 -1.7727544915108453 1.429403577532087 -0.83802241660930488 -0.61909765720367438
leaf_weight=20 22 21 33 33 20 20 25 24 36 29 25 28 23 32 21 21 27 20
leaf_count=20 22 21 33 33 20 20 25 24 36 29 25 28 23 32 21 21 27 20
internal_value=-0.053829 -0.563244 -0.386083 -0.662099 0.918691 1.32387 -0.439523 0.0306789 0.364188 0.579791 0.345225 0.817646 -0.922667 -0.698417 -1.08328 1.94366 -0.521638 -0.253175
internal_weight=480 315 295 254 165 41 221 112 88 124 102 57 109 76 44 41 52 45
internal_count=480 315 295 254 165 41 221 112 88 124 102 57 109 76 44 41 52 45
is_linear=0
shrinkage=0.05


Tree=75
num_leaves=18
num_cat=0
split_feature=2 0 0 1 1 1 5 5 5 0 1 5 0 5 5 1 5
split_gain=91286.6 93943.1 84864 41549.1 44298.3 12432 22351.8 12091.8 41716.8 23179.8 15669.1 13626.6 9181.1 5201.27 3439.74 2658.92 1652.58
threshold=10.500000000000002 15373.500000000002 15374.500000000002 118219.50000000001 118204.00000000001 118144.00000000001 6385.9000934115729 1964.4091643664879 4524.6463177215128 15381.500000000002 118149.00000000001 7359.1995284601899 15379.500000000002 1169.7525916775728 11561.002038697343 118115.00000000001 2441.8897727593335
decision_type=2 2 2 2 2 2 2 2 2 2 2 2 2 2 2 2 2
left_child=7 -2 -3 4 5 12 13 9 -9 10 15 -10 -4 -7 -13 -1 -14
right_child=1 2 3 -5 -6 6 -8 8 11 -11 -12 14 16 -15 -16 -17 -18
leaf_value=-0.83380312987736294 3.2765316700113232 -2.1329016909003258 0.88859152001915165 -1.3636297661325205 2.9952553402293813 1.1295360017705847 -0.14168726338280574 -3.0088592847188314 0.2349610653416864 0.59484734847839627 -2.127400150299072 -1.5281864129579985 -0.54304524278640753 2.1109624120924209 -0.65599880695343016 -0.20320795848965645 0.031860363006591799
leaf_weight=35 29 32 27 23 22 27 27 24 29 37 20 26 25 27 20 32 25
leaf_count=35 29 32 27 23 22 27 27 24 29 37 20 26 25 27 20 32 25
internal_value=-0.0375709 0.591587 0.260253 0.637499 0.893199 0.600508 1.03294 -0.782404 -1.19446 -0.453423 -0.899239 -0.613853 0.145615 1.62025 -1.14897 -0.532623 -0.255592
internal_weight=487 264 235 203 180 158 81 223 99 124 87 75 77 54 46 67 50
internal_count=487 264 235 203 180 158 81 223 99 124 87 75 77 54 46 67 50
is_linear=0
shrinkage=0.05


Tree=76
num_leaves=19
num_cat=0
split_feature=2 0 0 1 1 1 5 0 0 0 1 0 0 5 5 0 0 5
split_gain=82386.2 84783.6 76589.8 37498.1 39979.2 11219.9 20172.5 11004.5 11299.8 27910.7 16444.4 12876.8 8285.94 5431.71 4694.14 2119.73 1797.7 1491.46
threshold=10.500000000000002 15373.500000000002 15374.500000000002 118219.50000000001 118204.00000000001 118144.00000000001 6385.9000934115729 15374.500000000002 15383.500000000002 15381.500000000002 118138.00000000001 15389.000000000002 15379.500000000002 716.5140672993208 1169.7525916775728 15377.000000000002 15373.500000000002 2441.8897727593335
decision_type=2 2 2 2 2 2 2 2 2 2 2 2 2 2 2 2 2 2
left_child=7 -2 -3 4 5 12 14 16 9 13 -10 -12 -4 -9 -7 -15 -1 -14
right_child=1 2 3 -5 -6 6 -8 8 10 -11 11 -13 17 15 -16 -17 -18 -19
leaf_value=-1.1328912878036499 3.112705095883074 -2.0262566134333611 0.84416194315309889 -1.2954482990762461 2.8454926143993031 1.0730592047726668 -0.1346029180067557 -1.256470626134139 -1.9826658964157104 1.3176418636156166 0.39808186240818189 -1.2260481868798916 -0.51589298439025877 -0.67826278714033272 2.0054143128571691 -0.026629950602849325 -1.7526122266596016 0.030267346382141114
leaf_weight=25 29 32 27 23 22 27 27 26 28 23 23 26 25 26 27 24 22 25
leaf_count=25 29 32 27 23 22 27 27 26 28 23 23 26 25 26 27 24 22 25
internal_value=-0.0356924 0.562008 0.247241 0.605624 0.848539 0.570483 0.98129 -0.743283 -0.561775 -0.208449 -1.01605 -0.463701 0.138334 -0.670292 1.53924 -0.365479 -1.42297 -0.242813
internal_weight=487 264 235 203 180 158 81 223 176 99 77 49 77 76 54 50 47 50
internal_count=487 264 235 203 180 158 81 223 176 99 77 49 77 76 54 50 47 50
is_linear=0
shrinkage=0.05


Tree=77
num_leaves=18
num_cat=0
split_feature=2 0 0 1 1 5 5 0 1 5 1 5 0 5 5 1 5
split_gain=74353.5 76517.2 69122.2 33842 36081.2 10626.9 36858.7 19208.6 13553.9 12104.3 10125.9 18205.7 7478.06 4236.47 2967.32 2474.41 1346.04
threshold=10.500000000000002 15373.500000000002 15374.500000000002 118219.50000000001 118204.00000000001 1964.4091643664879 4524.6463177215128 15381.500000000002 118149.00000000001 7359.1995284601899 118144.00000000001 6385.9000934115729 15379.500000000002 1169.7525916775728 11561.002038697343 118115.00000000001 2441.8897727593335
decision_type=2 2 2 2 2 2 2 2 2 2 2 2 2 2 2 2 2
left_child=5 -2 -3 4 10 7 -7 8 15 -8 12 13 -4 -12 -11 -1 -14
right_child=1 2 3 -5 -6 6 9 -9 -10 14 11 -13 16 -15 -16 -17 -18
leaf_value=-0.75311230455126088 2.9570698421576931 -1.9249437469989061 0.8019538437878645 -1.2306758839151133 2.70321795723655 -2.7978941996892295 0.25334327344236701 0.55654887540920361 -1.9458030676841738 -1.4032128297365629 1.0194062497880725 -0.12787275358482644 -0.49009832763671879 1.9051436318291559 -0.59313045740127568 -0.14478895589709281 0.028753993034362792
leaf_weight=35 29 32 27 23 22 24 29 37 20 26 27 27 25 27 20 32 25
leaf_count=35 29 32 27 23 22 24 29 37 20 26 27 27 25 27 20 32 25
internal_value=-0.0339078 0.533907 0.234879 0.575343 0.806112 -0.706119 -1.09241 -0.397709 -0.803543 -0.546656 0.541958 0.932226 0.131417 1.46227 -1.051 -0.46257 -0.230672
internal_weight=487 264 235 203 180 223 99 124 87 75 158 81 77 54 46 67 50
internal_count=487 264 235 203 180 223 99 124 87 75 158 81 77 54 46 67 50
is_linear=0
shrinkage=0.05


Tree=78
num_leaves=17
num_cat=0
split_feature=2 2 0 0 0 5 5 5 0 1 5 2 0 1 5 1
split_gain=70660 38053.6 30270 35348.7 23407.4 13245.7 9590.82 33265 17335.8 12232.4 10924.2 7721.75 4858.08 4250.14 2678 2233.16
threshold=16.500000000000004 10.500000000000002 15373.500000000002 15374.500000000002 15389.000000000002 616.23280529935437 1964.4091643664879 4524.6463177215128 15381.500000000002 118149.00000000001 7359.1995284601899 14.500000000000002 15383.500000000002 118127.00000000001 11561.002038697343 118115.00000000001
decision_type=2 2 2 2 2 2 2 2 2 2 2 2 2 2 2 2
left_child=1 6 -3 -4 5 -5 8 -8 9 15 -9 12 13 -7 -12 -1
right_child=-2 2 3 4 -6 11 7 10 -10 -11 14 -13 -14 -15 -16 -17
leaf_value=-0.71545668670109341 2.038041555567792 1.9285889436180395 -1.5651345886033159 1.4701653629541398 -1.0312763708609123 -0.063652395760571509 -2.6579995195070905 0.24067611982082499 0.52872142301167591 -1.8485129380226135 -1.3330521913675162 1.0075299326578777 -0.41168977916240695 0.84108301258087159 -0.56347397565841673 -0.13754952847957611
leaf_weight=35 38 24 29 32 27 27 24 29 37 20 26 30 32 25 20 32
leaf_count=35 38 24 29 32 27 27 24 29 37 20 26 30 32 25 20 32
internal_value=-0.0322124 -0.207423 0.249816 0.0503575 0.321163 0.571271 -0.670813 -1.03779 -0.377824 -0.763366 -0.519323 0.31895 0.0730284 0.371317 -0.998453 -0.439441
internal_weight=487 449 226 202 173 146 223 99 124 87 75 114 84 52 46 67
internal_count=487 449 226 202 173 146 223 99 124 87 75 114 84 52 46 67
is_linear=0
shrinkage=0.05


Tree=79
num_leaves=19
num_cat=0
split_feature=2 2 0 0 0 1 5 5 1 5 1 1 1 2 1 3 5 0
split_gain=63770.6 34967.5 28381.3 42159.5 32450.1 22164.6 11430.5 16930 12944.6 11289.8 6339.47 4570.78 3875.87 3289.54 3277.43 1180.67 514.684 398.331
threshold=16.500000000000004 9.5000000000000018 15373.500000000002 15374.500000000002 15389.000000000002 118144.00000000001 1964.4091643664879 5737.6880176849982 118149.00000000001 2782.7511815560647 118070.50000000001 118117.00000000001 118166.00000000001 12.500000000000002 118109.00000000001 3.5000000000000004 2067.4523568457666 15383.500000000002
decision_type=2 2 2 2 2 2 2 2 2 2 2 2 2 2 2 2 2 2
left_child=1 6 -3 -4 5 13 8 -8 10 12 -1 -12 -7 16 -15 -9 -5 -11
right_child=-2 2 3 4 -6 9 7 15 -10 17 11 -13 -14 14 -16 -17 -18 -19
leaf_value=0.55237672948837291 1.9361394660253275 1.6386759262146624 -1.7071926174685359 -0.19831830149605162 -1.1984139413544626 1.1996544229573218 -2.2190002971225318 -0.86499165445566184 -1.4111123070120812 0.29030422687530522 -0.96734968315471304 -0.047625882966177806 2.1044257020950319 -0.1639592321022697 0.71120979309082033 -0.34482802331447604 -0.5443799593231895 0.59861622290177785
leaf_weight=25 38 29 32 21 33 29 27 24 25 20 22 35 20 23 20 20 22 22
leaf_count=25 38 29 32 21 33 29 27 24 25 20 22 35 20 23 20 20 22 22
internal_value=-0.0306018 -0.197052 0.160554 -0.0165769 0.241041 0.509414 -0.741496 -1.23337 -0.415112 1.05334 -0.111453 -0.402607 1.56895 -0.0661385 0.243096 -0.628554 -0.375373 0.451801
internal_weight=487 449 271 242 210 177 178 71 107 91 82 57 49 86 43 44 43 42
internal_count=487 449 271 242 210 177 178 71 107 91 82 57 49 86 43 44 43 42
is_linear=0
shrinkage=0.05


Tree=80
num_leaves=16
num_cat=0
split_feature=2 0 1 1 2 1 2 0 1 5 2 5 0 0 1
split_gain=75304.8 29380.8 16342.2 18650.8 24143.8 9930.01 9508.11 7274.13 9198.28 19262.6 4222.25 3589.3 6431.42 7733.67 2063.14
threshold=15.500000000000002 15386.000000000002 118068.50000000001 118213.50000000001 9.5000000000000018 118080.00000000001 16.500000000000004 15374.500000000002 118144.00000000001 2782.7511815560647 12.500000000000002 4524.6463177215128 15383.500000000002 15379.500000000002 118147.50000000001
decision_type=2 2 2 2 2 2 2 2 2 2 2 2 2 2 2
left_child=2 6 -1 4 11 -6 -2 -7 10 -10 -9 12 13 14 -4
right_child=1 -3 3 -5 5 7 -8 8 9 -11 -12 -13 -14 -15 -16
leaf_value=-1.5208244762420655 1.216972319285075 -0.28198499560356138 -0.58814073944091794 -1.3129243156489205 1.1756291389465332 -0.51600474140473773 2.4657843944004605 -0.55615065405445718 1.6777553139061763 -0.0060234700761190273 0.24515621730259488 -0.21679348792785255 -1.5337825976989485 0.27501168608665466 -1.2520401770418341
leaf_weight=25 27 20 25 34 26 35 35 31 29 41 35 39 22 20 22
leaf_count=25 27 20 25 34 26 35 35 31 29 41 35 39 22 20 22
internal_value=0.00894542 1.3844 -0.284772 -0.198696 -0.0821305 0.265248 1.92195 0.126828 0.292263 0.691542 -0.131215 -0.616768 -0.792038 -0.54848 -0.898902
internal_weight=466 82 384 359 325 197 62 171 136 70 66 128 89 67 47
internal_count=466 82 384 359 325 197 62 171 136 70 66 128 89 67 47
is_linear=0
shrinkage=0.05


Tree=81
num_leaves=17
num_cat=0
split_feature=2 0 1 1 2 5 1 2 0 1 1 5 0 0 5 1
split_gain=67962.6 26516.2 14748.8 16832.4 21789.8 9628.55 8961.83 6625.65 6284.07 11245.6 4477.58 3239.34 5804.35 6979.64 2186.88 1861.99
threshold=15.500000000000002 15386.000000000002 118068.50000000001 118213.50000000001 9.5000000000000018 2308.8240637146364 118080.00000000001 13.500000000000002 15377.000000000002 118146.50000000001 118127.00000000001 4524.6463177215128 15383.500000000002 15379.500000000002 1774.0482549333872 118147.50000000001
decision_type=2 2 2 2 2 2 2 2 2 2 2 2 2 2 2 2
left_child=2 5 -1 4 11 -2 -6 8 -8 -10 -9 12 13 15 -12 -4
right_child=1 -3 3 -5 6 -7 7 10 9 -11 14 -13 -14 -15 -16 -17
leaf_value=-1.4447832469940187 2.4693797528743744 -0.26788572907447816 -0.55873370361328123 -1.2472780977978426 1.1168476975881136 1.2225399017333984 -0.80846205668953752 -0.077310089961342199 -0.59711921865289863 0.63629906291053417 1.0940239086151125 -0.20595381259918213 -1.4570934593677523 0.26126111626625059 0.4105053034695712 -1.1894381458109076
leaf_weight=25 30 20 25 34 26 32 26 23 33 42 25 39 22 20 22 22
leaf_count=25 30 20 25 34 26 32 26 23 33 42 25 39 22 20 22 22
internal_value=0.00849815 1.31518 -0.270533 -0.188761 -0.0780239 1.82585 0.251986 0.120487 -0.138618 0.093595 0.494337 -0.58593 -0.752436 -0.521056 0.774079 -0.853957
internal_weight=466 82 384 359 325 62 197 171 101 75 70 128 89 67 47 47
internal_count=466 82 384 359 325 62 197 171 101 75 70 128 89 67 47 47
is_linear=0
shrinkage=0.05


Tree=82
num_leaves=17
num_cat=0
split_feature=2 0 1 1 2 2 5 1 2 2 5 0 5 0 0 1
split_gain=61336.2 23930.9 13310.8 15191.2 19665.3 8815.51 8736.29 5827.21 8812.16 6375.65 4773.64 6705.03 2923.51 5238.43 6299.12 1680.44
threshold=15.500000000000002 15386.000000000002 118068.50000000001 118213.50000000001 9.5000000000000018 16.500000000000004 7700.6418778170964 118080.00000000001 12.500000000000002 10.500000000000002 2441.8897727593335 15377.000000000002 4524.6463177215128 15383.500000000002 15379.500000000002 118147.50000000001
decision_type=2 2 2 2 2 2 2 2 2 2 2 2 2 2 2 2
left_child=2 5 -1 4 12 -2 7 -6 9 -9 11 -10 13 14 15 -4
right_child=1 -3 3 -5 6 -7 -8 8 10 -11 -12 -13 -14 -15 -16 -17
leaf_value=-1.3725440873354673 1.0557443597802409 -0.25449143648147582 -0.53079702377319338 -1.1849141815129449 1.0610052888210004 2.2582125881740027 -0.5961064877333464 0.42379259154910137 0.26739317818924235 -0.69066204257083674 0.08333320442368003 1.3623161899632423 -0.19565612719609188 -1.3842387665401805 0.24819806694984436 -1.1299662449143149
leaf_weight=25 27 20 25 34 26 35 27 21 27 33 34 29 39 22 20 22
leaf_count=25 27 20 25 34 26 35 27 21 27 33 34 29 39 22 20 22
internal_value=0.00807325 1.24942 -0.257007 -0.179323 -0.0741227 1.73456 0.239387 0.372083 0.247694 -0.257263 0.550668 0.834407 -0.556633 -0.714814 -0.495003 -0.811259
internal_weight=466 82 384 359 325 62 197 170 144 54 90 56 128 89 67 47
internal_count=466 82 384 359 325 62 197 170 144 54 90 56 128 89 67 47
is_linear=0
shrinkage=0.05


Tree=83
num_leaves=18
num_cat=0
split_feature=2 0 1 1 2 5 0 1 5 1 2 5 1 5 0 1 5
split_gain=55355.9 21597.6 12013 13892.4 12804.6 16667.8 14160.7 12984.9 8915.42 8697.39 14723.2 12112.6 7561.99 7186.26 6956.9 2525.19 2112.34
threshold=15.500000000000002 15386.000000000002 118068.50000000001 118087.50000000001 11.500000000000002 1882.6202788283297 15374.500000000002 118177.00000000001 2308.8240637146364 118212.50000000001 8.5000000000000018 6433.8010711332272 118074.00000000001 4524.6463177215128 15377.000000000002 118128.50000000001 1801.054099104954
decision_type=2 2 2 2 2 2 2 2 2 2 2 2 2 2 2 2 2
left_child=2 8 -1 12 6 14 -5 -7 -2 10 13 16 -4 15 -6 -8 -12
right_child=1 -3 3 4 5 7 9 -9 -10 -11 11 -13 -14 -15 -16 -17 -18
leaf_value=-1.3039169082641602 2.267069937388102 -0.24176687061786653 -0.032931504042252251 -1.6339645477441644 0.22708152271807194 0.17851174804899428 -0.76374711513519289 -1.2571406756128585 1.0672909200191498 -1.2785587144934614 0.14723271274566649 1.2631328539414841 1.2233146944046021 -0.06330337157616249 1.3281899342170129 -1.5074784750030155 -0.5329903063674768
leaf_weight=25 30 20 23 26 32 36 25 28 32 23 25 22 25 26 26 21 21
leaf_count=25 30 20 23 26 32 36 25 28 32 23 25 22 25 26 26 21 21
internal_value=0.00766958 1.18695 -0.244156 -0.170357 -0.292552 0.106771 -0.550315 -0.449586 1.64783 -0.377463 -0.229426 0.29819 0.621363 -0.727731 0.720682 -1.10328 -0.163304
internal_weight=466 82 384 359 311 122 189 64 62 163 140 68 48 72 58 46 46
internal_count=466 82 384 359 311 122 189 64 62 163 140 68 48 72 58 46 46
is_linear=0
shrinkage=0.05


Tree=84
num_leaves=17
num_cat=0
split_feature=2 1 2 0 0 1 2 1 1 0 1 5 2 5 0 1
split_gain=51435.7 19926.4 19821.3 18760.8 36859 15187.3 11635.6 10281.5 9767.98 9436.58 8126.07 5361.42 10826.2 4606.45 2633.57 861.755
threshold=16.500000000000004 118213.50000000001 13.500000000000002 15374.500000000002 15373.500000000002 118087.50000000001 6.5000000000000009 118138.00000000001 118123.50000000001 15379.500000000002 118109.00000000001 2441.8897727593335 11.500000000000002 616.23280529935437 15379.500000000002 118102.50000000001
decision_type=2 2 2 2 2 2 2 2 2 2 2 2 2 2 2 2
left_child=1 2 3 4 -1 -5 -7 8 15 -2 -4 -9 -13 -12 -15 -8
right_child=9 -3 10 5 -6 6 7 11 -10 -11 13 12 -14 14 -16 -17
leaf_value=0.23697875084415562 2.3425568667325107 -1.2585006425255223 -0.097616423832045662 1.1912883433428678 -2.130568924290793 -1.0654868319630624 -0.31083270744843916 1.0058121598285179 -1.3674242456754051 0.90891982962687823 1.4253406871448864 0.62821427520952733 -0.74619988876840349 0.16396828319715417 0.89205296172036064 0.11073437311031201
leaf_weight=31 22 38 36 22 35 32 22 23 21 24 22 38 23 23 27 27
leaf_count=31 22 38 36 22 35 32 22 23 21 24 22 38 23 23 27 27
internal_value=0.0072861 -0.16656 -0.0579371 -0.284058 -1.01854 -0.051002 -0.19794 -0.01767 -0.465206 1.59457 0.515741 0.355276 0.109993 0.822419 0.557134 -0.0785406
internal_weight=466 420 382 274 66 208 186 154 70 46 108 84 61 72 50 49
internal_count=466 420 382 274 66 208 186 154 70 46 108 84 61 72 50 49
is_linear=0
shrinkage=0.05


Tree=85
num_leaves=18
num_cat=0
split_feature=2 2 5 5 0 0 0 5 0 1 0 5 1 1 0 2 5
split_gain=26665 13844.5 16195 34535.1 13380.9 12863.2 20678.6 12368.5 9992.91 9325.92 7933.24 6997.39 5237.08 3926.54 2939.82 2630.83 8197.64
threshold=16.500000000000004 10.500000000000002 877.14395724434758 1169.7525916775728 15381.500000000002 15381.500000000002 15383.500000000002 1882.6202788283297 15381.500000000002 118138.00000000001 15389.000000000002 6824.107509378854 118177.00000000001 118127.00000000001 15379.500000000002 8.5000000000000018 721.83204897877943
decision_type=2 2 2 2 2 2 2 2 2 2 2 2 2 2 2 2 2
left_child=1 5 8 -4 -2 11 -7 14 -3 -8 -11 15 13 -9 -5 16 -1
right_child=4 2 3 7 -6 6 9 12 -10 10 -12 -13 -14 -15 -16 -17 -18
leaf_value=-0.16408611668480769 0.32812157506528111 0.33252122595503525 -1.7180552752954619 1.3775038409233096 2.0738074949809486 1.227498878479004 -1.3301889325891223 -0.24014524261156722 1.6596923372019892 0.54658433151245123 -0.75527149547230121 -1.6235126279649279 -0.59614426528706266 0.55022009502757674 0.52020794510841373 -0.21776642018351061 -1.3557829064707603
leaf_weight=27 23 37 28 20 21 25 21 30 23 25 22 21 34 33 20 29 31
leaf_count=27 23 37 28 20 21 25 21 30 23 25 22 21 34 33 20 29 31
internal_value=-0.0105549 -0.13159 0.137817 -0.117984 1.16129 -0.433166 -0.00212753 0.209038 0.84127 -0.454196 -0.062795 -0.804339 -0.0960412 0.173856 0.948856 -0.606607 -0.801028
internal_weight=470 426 225 165 44 201 93 137 60 68 47 108 97 63 40 87 58
internal_count=470 426 225 165 44 201 93 137 60 68 47 108 97 63 40 87 58
is_linear=0
shrinkage=0.05


Tree=86
num_leaves=19
num_cat=0
split_feature=2 2 5 5 0 0 0 5 0 1 0 5 1 1 0 5 1 1
split_gain=24065.1 12494.6 14615.9 31167.9 12076.3 11609 18662.4 11162.6 9018.6 8416.64 7159.75 6315.14 4726.46 3543.71 2653.19 2607.57 4258.25 2079.34
threshold=16.500000000000004 10.500000000000002 877.14395724434758 1169.7525916775728 15381.500000000002 15381.500000000002 15383.500000000002 1882.6202788283297 15381.500000000002 118138.00000000001 15389.000000000002 6824.107509378854 118177.00000000001 118127.00000000001 15379.500000000002 1074.2402374938872 118149.00000000001 118115.00000000001
decision_type=2 2 2 2 2 2 2 2 2 2 2 2 2 2 2 2 2 2
left_child=1 5 8 -4 -2 11 -7 14 -3 -8 -11 15 13 -9 -5 16 17 -1
right_child=4 2 3 7 -6 6 9 12 -10 10 -12 -13 -14 -15 -16 -17 -18 -19
leaf_value=-0.79384157709453418 0.31171544116476313 0.31589515660260181 -1.6321525433233806 1.3086286520957948 1.9701171171097529 1.1661239471435547 -1.2636794762951988 -0.22813797275225323 1.5767076699630076 0.51925511550903314 -0.71750790856101299 -1.5423369986670359 -0.56633707355050478 0.52270909909046059 0.49419758077710868 -0.1196575807488483 -1.3453070330619814 -0.10568851402827673
leaf_weight=23 23 37 28 20 21 25 21 30 23 25 22 21 34 33 20 23 20 21
leaf_count=23 23 37 28 20 21 25 21 30 23 25 22 21 34 33 20 23 20 21
internal_value=-0.0100271 -0.125011 0.130926 -0.112085 1.10323 -0.411508 -0.00202114 0.198586 0.799207 -0.431486 -0.0596552 -0.764122 -0.0912392 0.165163 0.901413 -0.576277 -0.740374 -0.465405
internal_weight=470 426 225 165 44 201 93 137 60 68 47 108 97 63 40 87 64 44
internal_count=470 426 225 165 44 201 93 137 60 68 47 108 97 63 40 87 64 44
is_linear=0
shrinkage=0.05


Tree=87
num_leaves=17
num_cat=0
split_feature=2 5 1 2 0 0 2 5 2 5 5 5 0 1 1 5
split_gain=21718.8 11428.7 13408.7 13121.6 11166.2 10898.9 9561.95 8420.97 4639.52 4450.68 5239.43 5943.69 4026.88 3666.11 2895.95 1699.49
threshold=16.500000000000004 616.23280529935437 118068.50000000001 9.5000000000000018 15386.000000000002 15381.500000000002 12.500000000000002 7700.6418778170964 11.500000000000002 877.14395724434758 2782.7511815560647 6086.837204332599 15381.500000000002 118138.00000000001 118118.50000000001 1485.2213415857179
decision_type=2 2 2 2 2 2 2 2 2 2 2 2 2 2 2 2
left_child=1 6 -3 12 7 -2 -1 9 -6 -5 15 -12 14 -14 -4 -11
right_child=5 2 3 4 8 -7 -8 -9 -10 10 11 -13 13 -15 -16 -17
leaf_value=-0.057136911314886976 0.29612967449685801 -1.4886998623609544 -0.50983570739626882 -0.21702027171850205 -1.1125970795041038 1.8716112780429068 1.1440737247467041 -0.44916852674176622 -0.18211119267586118 1.2574102846058934 -0.37468529576840615 0.72874626563145561 -0.75585788177407309 0.061489448827855731 -1.1825108140707017 0.7052028525816767
leaf_weight=37 23 20 32 20 21 21 30 31 37 22 23 26 23 34 32 38
leaf_count=37 23 20 32 20 21 21 30 31 37 22 23 26 23 34 32 38
internal_value=-0.00952578 -0.11876 -0.230641 -0.156419 0.0753353 1.04806 0.480719 0.290786 -0.519011 0.468604 0.594407 0.210809 -0.57396 -0.268317 -0.846173 0.907679
internal_weight=470 426 359 339 218 44 67 160 58 129 109 49 121 57 64 60
internal_count=470 426 359 339 218 44 67 160 58 129 109 49 121 57 64 60
is_linear=0
shrinkage=0.05


Tree=88
num_leaves=18
num_cat=0
split_feature=2 5 2 0 2 0 0 1 0 0 5 0 5 2 1 5 2
split_gain=19601.2 10314.4 12471.7 9836.22 8629.66 6880.98 17077.9 13841.6 31655.7 11429.5 6772.68 8392.04 4756.84 4516.47 3324.63 819.047 70.0581
threshold=16.500000000000004 616.23280529935437 6.5000000000000009 15381.500000000002 12.500000000000002 15377.000000000002 15373.500000000002 118186.50000000001 15374.500000000002 15386.000000000002 1133.9706607793551 15389.000000000002 8805.6179094126655 11.500000000000002 118119.50000000001 2782.7511815560647 10.500000000000002
decision_type=2 2 2 2 2 2 2 2 2 2 2 2 2 2 2 2 2
left_child=1 4 -3 -2 -1 6 -4 8 -8 12 -11 16 13 14 -7 -15 -12
right_child=3 2 5 -5 -6 9 7 -9 -10 10 11 -13 -14 15 -16 -17 -18
leaf_value=-0.054280035560195505 0.2813232504803202 -1.130253388601191 0.47155806259675465 1.7780307037489758 1.0868700504302979 1.2577919778369724 -2.8357573531922839 0.15926413649604435 -0.24739487458158427 0.39170298577286305 -0.27493808496566047 -1.3594729845340436 -0.32068950434525811 0.30487619947504113 0.47746762984838242 -0.09229166698455811 -0.14418067038059235
leaf_weight=37 23 34 33 21 30 21 21 21 27 20 21 26 24 27 39 25 20
leaf_count=37 23 34 33 21 30 21 21 21 27 20 21 26 24 27 39 25 20
internal_value=-0.0090495 -0.112822 -0.219109 0.995661 0.456683 -0.123789 -0.463967 -0.911392 -1.3798 0.0318078 -0.415742 -0.65677 0.318108 0.454993 0.750581 0.11393 -0.211154
internal_weight=470 426 359 44 67 325 102 69 48 223 87 67 136 112 60 52 41
internal_count=470 426 359 44 67 325 102 69 48 223 87 67 136 112 60 52 41
is_linear=0
shrinkage=0.05


Tree=89
num_leaves=17
num_cat=0
split_feature=2 5 1 2 0 0 2 5 2 1 1 1 0 1 1 2
split_gain=17690.1 9308.77 12119.3 10900.7 9466.25 8877.19 7788.27 6901.56 4279.1 4040.74 6817.06 6125.71 3368.61 3344.03 2213.24 1807.48
threshold=16.500000000000004 616.23280529935437 118068.50000000001 9.5000000000000018 15386.000000000002 15381.500000000002 12.500000000000002 7700.6418778170964 11.500000000000002 118087.50000000001 118127.00000000001 118158.00000000001 15381.500000000002 118138.00000000001 118118.50000000001 14.500000000000002
decision_type=2 2 2 2 2 2 2 2 2 2 2 2 2 2 2 2
left_child=1 6 -3 12 7 -2 -1 9 -6 -5 -11 -12 14 -14 -4 -13
right_child=5 2 3 4 8 -7 -8 -9 -10 10 11 15 13 -15 -16 -17
leaf_value=-0.051566025695285282 0.26725701871125596 -1.404195342063904 -0.47309861928224567 0.95264021774818153 -1.0436601502554756 1.689129176593962 1.0325265328089397 -0.39786460707264565 -0.15004626166176152 -0.31949579734355216 1.3006852650642395 0.52975860966576471 -0.70424375534057626 0.076375344220329738 -1.0611628308892251 -0.088736627215430852
leaf_weight=37 23 20 32 29 21 21 30 31 37 32 20 27 23 34 32 21
leaf_count=37 23 20 32 29 21 21 30 31 37 32 20 27 23 34 32 21
internal_value=-0.00859702 -0.107181 -0.208153 -0.13759 0.0736424 0.945878 0.433849 0.272016 -0.473596 0.432995 0.282299 0.565496 -0.518159 -0.238611 -0.767131 0.259167
internal_weight=470 426 359 339 218 44 67 160 58 129 100 68 121 57 64 48
internal_count=470 426 359 339 218 44 67 160 58 129 100 68 121 57 64 48
is_linear=0
shrinkage=0.05


Tree=90
num_leaves=18
num_cat=0
split_feature=1 1 1 0 5 2 5 0 5 1 1 2 5 5 5 2 1
split_gain=42792.3 31565.9 27328.1 24161.3 48288.8 13423 9361.07 8955.57 12852.8 11641.9 13379.4 10080.5 3647.5 2885.06 2225.42 2139.15 2112.25
threshold=118067.50000000001 118087.50000000001 118078.00000000001 15374.500000000002 13332.505445196502 9.5000000000000018 1036.7112526218841 15379.500000000002 985.92874104382111 118199.50000000001 118144.00000000001 15.500000000000002 2564.0481931076879 716.5140672993208 5737.6880176849982 13.500000000000002 118127.00000000001
decision_type=2 2 2 2 2 2 2 2 2 2 2 2 2 2 2 2 2
left_child=-1 2 -2 6 5 12 -3 11 -9 10 16 15 13 -5 -14 -7 -10
right_child=1 3 -4 4 -6 7 -8 8 9 -11 -12 -13 14 -15 -16 -17 -18
leaf_value=-2.2044407140640985 0.32596548031537964 -0.35447701436501966 2.4703707486391071 -0.74257308298891245 2.1250927112720635 0.52506960272789005 -1.6482133709151172 0.84878333568572994 -0.83460098476636979 -1.0299235103945985 0.91242049591881891 1.5658355116844178 -1.2995726490020754 -0.0033756657080216846 -0.57083056352355266 -0.16869394898414614 -0.17615662278800176
leaf_weight=21 39 27 24 22 27 25 29 30 21 38 28 20 20 33 22 20 29
leaf_count=21 39 27 24 22 27 25 29 30 21 38 28 20 20 33 22 20 29
internal_value=0.00216335 0.104231 1.14288 -0.063122 0.0975772 -0.0801595 -1.02445 0.143643 -0.0737054 -0.31228 0.0373412 0.63184 -0.566987 -0.299055 -0.917851 0.21673 -0.452703
internal_weight=475 454 63 391 335 308 56 211 146 116 78 65 97 55 42 45 50
internal_count=475 454 63 391 335 308 56 211 146 116 78 65 97 55 42 45 50
is_linear=0
shrinkage=0.05


Tree=91
num_leaves=18
num_cat=0
split_feature=1 1 1 0 5 2 5 0 5 1 1 2 5 5 5 5 2
split_gain=38620.1 28488.3 24663.6 21805.6 43580.6 12114.3 8448.36 8082.4 11599.7 10506.8 12074.9 9097.62 3291.87 2603.77 2008.44 1969.23 1930.58
threshold=118067.50000000001 118087.50000000001 118078.00000000001 15374.500000000002 13332.505445196502 9.5000000000000018 1036.7112526218841 15379.500000000002 985.92874104382111 118199.50000000001 118144.00000000001 15.500000000000002 2564.0481931076879 716.5140672993208 5737.6880176849982 2441.8897727593335 13.500000000000002
decision_type=2 2 2 2 2 2 2 2 2 2 2 2 2 2 2 2 2
left_child=-1 2 -2 6 5 12 -3 11 -9 10 15 16 13 -5 -14 -10 -7
right_child=1 3 -4 4 -6 7 -8 8 9 -11 -12 -13 14 -15 -16 -17 -18
leaf_value=-2.094218749091739 0.30966722109378919 -0.33675316439734565 2.3468522648016612 -0.70544443049214101 2.0188380859516286 0.49881611871719367 -1.5658027542048487 0.80634417057037355 -0.79880960725602657 -0.97842734160980127 0.86679946354457327 1.4875436854362487 -1.2345940256118775 -0.0032068819710702606 -0.54228902567516679 -0.16304834053434175 -0.16025924921035767
leaf_weight=21 39 27 24 22 27 25 29 30 21 38 28 20 20 33 22 29 20
leaf_count=21 39 27 24 22 27 25 29 30 21 38 28 20 20 33 22 29 20
internal_value=0.00205518 0.0990194 1.08574 -0.0599659 0.0926983 -0.0761516 -0.973225 0.13646 -0.0700201 -0.296666 0.0354741 0.600248 -0.538638 -0.284102 -0.871958 -0.430068 0.205894
internal_weight=475 454 63 391 335 308 56 211 146 116 78 65 97 55 42 50 45
internal_count=475 454 63 391 335 308 56 211 146 116 78 65 97 55 42 50 45
is_linear=0
shrinkage=0.05


Tree=92
num_leaves=18
num_cat=0
split_feature=1 1 1 0 5 2 5 0 5 1 1 2 5 5 1 5 2
split_gain=34854.6 25710.7 22258.9 19679.6 39331.5 10933.1 7624.65 7294.37 10468.7 9482.41 10897.6 8210.61 2970.91 2349.9 1856.06 1812.61 1742.35
threshold=118067.50000000001 118087.50000000001 118078.00000000001 15374.500000000002 13332.505445196502 9.5000000000000018 1036.7112526218841 15379.500000000002 985.92874104382111 118199.50000000001 118144.00000000001 15.500000000000002 2564.0481931076879 716.5140672993208 118127.00000000001 5737.6880176849982 13.500000000000002
decision_type=2 2 2 2 2 2 2 2 2 2 2 2 2 2 2 2 2
left_child=-1 2 -2 6 5 12 -3 11 -9 10 14 16 13 -5 -10 -14 -7
right_child=1 3 -4 4 -6 7 -8 8 9 -11 -12 -13 15 -15 -16 -17 -18
leaf_value=-1.9895077569144115 0.29418384356376454 -0.31991550480877917 2.2295096139113109 -0.67017221288247553 1.9178961965772843 0.47387530422210694 -1.4875126049436371 0.7660269769032797 -0.76655391468888245 -0.92950598362245052 0.82345948730196283 1.4131665587425233 -1.1728642845153809 -0.0030465386130593044 -0.14933109694513783 -0.51517457338896666 -0.15224628686904906
leaf_weight=21 39 27 24 22 27 25 29 30 21 38 28 20 20 33 29 22 20
leaf_count=21 39 27 24 22 27 25 29 30 21 38 28 20 20 33 29 22 20
internal_value=0.00195242 0.0940684 1.03145 -0.0569676 0.0880634 -0.072344 -0.924564 0.129637 -0.0665191 -0.281833 0.0337004 0.570235 -0.511706 -0.269897 -0.408565 -0.82836 0.195599
internal_weight=475 454 63 391 335 308 56 211 146 116 78 65 97 55 50 42 45
internal_count=475 454 63 391 335 308 56 211 146 116 78 65 97 55 50 42 45
is_linear=0
shrinkage=0.05


Tree=93
num_leaves=18
num_cat=0
split_feature=1 1 1 0 5 2 5 0 5 1 1 2 5 5 5 5 2
split_gain=31456.3 23203.9 20088.6 17760.8 35496.7 9867.15 6881.24 6583.16 9448 8557.88 9835.11 7410.07 2681.25 2120.78 1730.12 1635.88 1572.47
threshold=118067.50000000001 118087.50000000001 118078.00000000001 15374.500000000002 13332.505445196502 9.5000000000000018 1036.7112526218841 15379.500000000002 985.92874104382111 118199.50000000001 118144.00000000001 15.500000000000002 2564.0481931076879 716.5140672993208 2441.8897727593335 5737.6880176849982 13.500000000000002
decision_type=2 2 2 2 2 2 2 2 2 2 2 2 2 2 2 2 2
left_child=-1 2 -2 6 5 12 -3 11 -9 10 14 16 13 -5 -10 -14 -7
right_child=1 3 -4 4 -6 7 -8 8 9 -11 -12 -13 15 -15 -16 -17 -18
leaf_value=-1.8900324094863166 0.27947466312310637 -0.30391971888365571 2.1180341770251592 -0.63666358999907979 1.8220013901039405 0.45018154144287109 -1.4131370063485771 0.72772560914357509 -0.73376767606962301 -0.88303069535054657 0.78228651285171513 1.34250816822052 -1.1142210865020752 -0.0028942165952740295 -0.13785179072412954 -0.4894158463586461 -0.14463399529457094
leaf_weight=21 39 27 24 22 27 25 29 30 21 38 28 20 20 33 29 22 20
leaf_count=21 39 27 24 22 27 25 29 30 21 38 28 20 20 33 29 22 20
internal_value=0.0018548 0.089365 0.979878 -0.0541192 0.0836602 -0.0687268 -0.878336 0.123156 -0.0631931 -0.267741 0.0320154 0.541723 -0.48612 -0.256402 -0.388136 -0.786942 0.185819
internal_weight=475 454 63 391 335 308 56 211 146 116 78 65 97 55 50 42 45
internal_count=475 454 63 391 335 308 56 211 146 116 78 65 97 55 50 42 45
is_linear=0
shrinkage=0.05


Tree=94
num_leaves=17
num_cat=0
split_feature=1 1 1 2 0 5 5 0 1 1 1 1 1 5 5 5
split_gain=28389.3 20941.5 18130 16248.5 19942.6 37949.5 10175.9 6565.9 5907.21 2297.28 11615.2 6424.42 4467.01 4094.24 3910.76 3060.55
threshold=118067.50000000001 118087.50000000001 118078.00000000001 12.500000000000002 15374.500000000002 6086.837204332599 2308.8240637146364 15386.000000000002 118164.00000000001 118138.00000000001 118149.00000000001 118186.50000000001 118213.50000000001 2067.4523568457666 6385.9000934115729 814.94179593592901
decision_type=2 2 2 2 2 2 2 2 2 2 2 2 2 2 2 2
left_child=-1 2 -2 9 -5 6 7 8 -6 13 -11 14 -13 15 -12 -3
right_child=1 3 -4 4 5 -7 -8 -9 -10 10 11 12 -14 -15 -16 -17
leaf_value=-1.7955308596293134 0.26550091046553392 -0.55656545267385604 2.0121324598789214 -1.0271905531485876 0.30106317352604228 2.1151103782653808 -0.67116573969523108 -0.22408196083430587 1.3214669206868048 0.69908084784235269 -1.2612831587730735 0.45740419056104581 -0.52803393239560337 -0.92524811280401131 -0.36322269439697269 0.19023318446200829
leaf_weight=21 39 34 24 24 37 30 30 29 23 28 27 23 23 38 22 23
leaf_count=21 39 34 24 24 37 30 30 29 23 28 27 23 23 38 22 23
internal_value=0.00176206 0.0848968 0.930884 -0.0514133 0.310407 0.525859 0.125208 0.393648 0.692218 -0.338546 -0.195901 -0.459685 -0.0353149 -0.523235 -0.858072 -0.255226
internal_weight=475 454 63 391 173 149 119 89 60 218 123 95 46 95 49 57
internal_count=475 454 63 391 173 149 119 89 60 218 123 95 46 95 49 57
is_linear=0
shrinkage=0.05


Tree=95
num_leaves=19
num_cat=0
split_feature=0 0 5 5 5 5 5 5 1 0 0 0 5 2 5 1 5 3
split_gain=18566 32576.9 28749.2 23979.9 18395.7 10114.7 7423.88 13954.6 7068.92 5091.27 5069.34 10178.4 8330.55 6364.22 3352.75 1488.26 1118.9 225.339
threshold=15374.500000000002 15373.500000000002 13332.505445196502 1008.4376286667809 1709.3154359669959 9316.2450073070959 6086.837204332599 2308.8240637146364 118139.50000000001 15381.500000000002 15381.500000000002 15383.500000000002 1098.5730955021293 12.500000000000002 1226.104167096569 118177.00000000001 716.5140672993208 3.5000000000000004
decision_type=2 2 2 2 2 2 2 2 2 2 2 2 2 2 2 2 2 2
left_child=1 4 5 -3 -1 6 7 10 -9 -8 13 14 -13 16 -12 -10 -2 -15
right_child=2 3 -4 -5 -6 -7 9 8 15 -11 11 12 -14 17 -16 -17 -18 -19
leaf_value=1.5075465059280395 -0.67655381430750317 -0.19272112017092499 1.6714119587625778 -2.2958558879115367 -0.58766048171303487 -0.98430759509404508 1.1292560999210064 -1.2061412539084753 -0.4901205749738784 0.068146756887435919 0.60464462637901306 0.6005627900362015 -0.559194627404213 0.28112014106341771 1.5201700854301454 0.11254592180252075 -0.22762013145855498 0.50086286425590509
leaf_weight=20 23 23 28 33 22 24 26 30 21 20 20 32 30 28 20 20 35 20
leaf_count=20 23 23 28 33 22 24 26 30 21 20 20 32 30 28 20 20 35 20
internal_value=-0.0294735 -0.642586 0.129903 -1.43207 0.410057 0.00622924 0.0793766 -0.0176567 -0.622899 0.667904 0.188941 0.440573 0.0393898 -0.0531964 1.06241 -0.196137 -0.405646 0.37268
internal_weight=475 98 377 56 42 349 325 279 71 46 208 102 62 106 40 41 58 48
internal_count=475 98 377 56 42 349 325 279 71 46 208 102 62 106 40 41 58 48
is_linear=0
shrinkage=0.05


Tree=96
num_leaves=19
num_cat=0
split_feature=0 1 5 5 1 5 1 1 2 5 0 0 2 5 5 2 5 3
split_gain=16755.8 30713.4 35276.4 25946.2 12918.3 9217.49 5895.75 13375.8 6641.76 7407.86 6175.86 7428.22 4731.63 4287.65 4994.92 4611.71 1407.15 208.711
threshold=15374.500000000002 118072.00000000001 7014.3503702461376 13332.505445196502 118183.00000000001 9880.7458114611218 118168.50000000001 118219.50000000001 11.500000000000002 2782.7511815560647 15383.500000000002 15381.500000000002 9.5000000000000018 6086.837204332599 2067.4523568457666 10.500000000000002 716.5140672993208 3.5000000000000004
decision_type=2 2 2 2 2 2 2 2 2 2 2 2 2 2 2 2 2 2
left_child=1 -1 4 5 -3 6 10 8 -8 -10 11 13 -12 14 15 16 -2 -17
right_child=3 2 -4 -5 -6 -7 7 -9 9 -11 12 -13 -14 -15 -16 17 -18 -19
leaf_value=-2.2556476072831586 -0.64272614367630176 1.3117617448170982 -1.8775367423182443 1.5878413864544461 -0.22106459736824036 -1.0362715148925783 0.02419694336977872 -0.69517374138037369 1.6944744269053142 0.45217665334542589 -0.90544030480086812 0.87854955586103289 -0.075161372648703095 0.55460731315612788 -0.88632646560668948 0.24268124422856741 -0.11052045822143555 0.45416106522083288
leaf_weight=22 23 27 21 28 28 20 22 21 24 24 32 26 37 25 20 28 27 20
leaf_count=22 23 27 21 28 28 20 22 21 24 24 32 26 37 25 20 28 27 20
internal_value=-0.0279998 -0.610457 -0.134217 0.123408 0.531414 0.00591778 0.0692727 0.411575 0.743599 1.07333 -0.0616075 0.101139 -0.460218 -0.0402084 -0.166229 -0.01927 -0.355335 0.330798
internal_weight=475 98 76 377 55 349 329 91 70 48 238 169 69 143 118 98 50 48
internal_count=475 98 76 377 55 349 329 91 70 48 238 169 69 143 118 98 50 48
is_linear=0
shrinkage=0.05


Tree=97
num_leaves=19
num_cat=0
split_feature=0 0 5 5 5 5 5 5 5 0 0 0 5 2 5 5 5 3
split_gain=15122.1 28668.9 23416.4 20000.7 16496.6 8390.32 6324.96 11630.8 6801.11 4434.74 4093.69 8069.06 7012.63 5340.63 3054.31 1977.47 888.607 184.5
threshold=15374.500000000002 15373.500000000002 13332.505445196502 1008.4376286667809 1709.3154359669959 9316.2450073070959 6086.837204332599 2308.8240637146364 2940.7523998671163 15381.500000000002 15381.500000000002 15383.500000000002 1098.5730955021293 12.500000000000002 1226.104167096569 4724.1976418737149 716.5140672993208 3.5000000000000004
decision_type=2 2 2 2 2 2 2 2 2 2 2 2 2 2 2 2 2 2
left_child=1 4 5 -3 -1 6 7 10 -9 -8 13 14 -13 16 -12 -10 -2 -15
right_child=2 3 -4 -5 -6 -7 9 8 15 -11 11 12 -14 17 -16 -17 -18 -19
leaf_value=1.4468477821350099 -0.61058982603413903 -0.18869299370309581 1.5084493092128211 -2.1094197540572197 -0.53725833784450183 -0.89653597275416053 1.046047828747676 -1.2768228725246762 0.064079533173487732 0.055715172886848456 0.51416641235351557 0.55508549362421034 -0.5089855726311604 0.26097831555775236 1.3879953002929688 -0.58001194704662673 -0.21051532047135491 0.4598140835762024
leaf_weight=20 23 23 28 33 22 24 26 23 26 20 20 32 30 28 20 22 35 20
leaf_count=20 23 23 28 33 22 24 26 23 26 20 20 32 30 28 20 22 35 20
internal_value=-0.0265998 -0.579934 0.117238 -1.32055 0.407554 0.00562188 0.0722428 -0.0173213 -0.569875 0.615468 0.171291 0.397416 0.0402124 -0.0463012 0.951081 -0.231129 -0.369166 0.343827
internal_weight=475 98 377 56 42 349 325 279 71 46 208 102 62 106 40 48 58 48
internal_count=475 98 377 56 42 349 325 279 71 46 208 102 62 106 40 48 58 48
is_linear=0
shrinkage=0.05


Tree=98
num_leaves=19
num_cat=0
split_feature=1 2 1 1 5 1 0 1 1 1 1 0 5 1 1 5 3 1
split_gain=14294.1 19546.3 17063.5 64380.3 32936.5 7845.57 6172.77 5958.84 4044.56 10943.2 4375.26 3813.22 2683.55 3097.94 2199.52 978.424 150.093 28.1046
threshold=118068.50000000001 11.500000000000002 118204.00000000001 118219.50000000001 7014.3503702461376 118213.50000000001 15374.500000000002 118166.00000000001 118193.50000000001 118155.50000000001 118138.00000000001 15383.500000000002 679.10714004389399 118127.00000000001 118118.50000000001 1226.104167096569 3.5000000000000004 118144.00000000001
decision_type=2 2 2 2 2 2 2 2 2 2 2 2 2 2 2 2 2 2
left_child=-1 5 4 -4 6 8 -3 12 9 10 11 14 -8 -14 15 -2 -12 -15
right_child=1 2 3 -5 -6 -7 7 -9 -10 -11 16 -13 13 17 -16 -17 -18 -19
leaf_value=-1.2142776464422544 -0.15211112201213839 1.0058247472300674 3.3195634174346922 -0.64425424677985055 -1.7543311214447024 -1.1668814368869949 0.40852178066007555 0.76963831186294562 0.46457500911894301 -1.2874592594478442 0.4057611692519415 -0.80081760485967013 -0.63837434053421027 0.13952970981597901 -0.52975198949376745 0.23965181529521945 0.21888064471158117 0.056711406934828991
leaf_weight=24 34 33 20 21 20 23 31 38 21 23 21 27 22 20 24 30 22 21
leaf_count=24 34 33 20 21 20 23 31 38 21 23 21 27 22 20 24 30 22 21
internal_value=-0.0252698 0.0380033 0.366439 1.28932 0.16191 -0.291892 0.394181 0.241271 -0.192265 -0.268473 -0.120139 -0.281029 0.0276752 -0.159725 -0.121549 0.0315278 0.310148 0.0971106
internal_weight=475 451 226 41 185 225 165 132 202 181 158 115 94 63 88 64 43 41
internal_count=475 451 226 41 185 225 165 132 202 181 158 115 94 63 88 64 43 41
is_linear=0
shrinkage=0.05


Tree=99
num_leaves=19
num_cat=0
split_feature=0 1 5 5 1 5 5 5 5 0 0 2 2 0 1 5 5 3
split_gain=13246.5 27781.9 27600.3 19713.6 10282.8 7034.83 5723.76 10088.3 6424.16 3688.02 3533.93 7441.83 4499.57 4455.52 1826.19 1235.09 830.888 160.615
threshold=15374.500000000002 118072.00000000001 7014.3503702461376 13332.505445196502 118183.00000000001 9316.2450073070959 6086.837204332599 2308.8240637146364 2940.7523998671163 15381.500000000002 15381.500000000002 13.500000000000002 12.500000000000002 15383.500000000002 118167.50000000001 1133.9706607793551 716.5140672993208 3.5000000000000004
decision_type=2 2 2 2 2 2 2 2 2 2 2 2 2 2 2 2 2 2
left_child=1 -1 4 5 -3 6 7 10 -9 -8 12 13 16 -12 -10 -13 -2 -14
right_child=3 2 -4 -5 -6 -7 9 8 14 -11 11 15 17 -15 -16 -17 -18 -19
leaf_value=-2.1065989385951651 -0.57230780215367028 1.1960386797233864 -1.6309739408038912 1.3871031795229232 -0.1715226003101894 -0.81787182887395238 0.97863039053403422 -1.2176823329666389 -0.46203050187655859 0.075513767600059511 1.1430768311023713 0.12577357658973107 0.23829025455883573 0.24185269375642143 0.1635297226905823 -0.39685881197452549 -0.18544462885175433 0.42380973339080819
leaf_weight=22 23 27 21 28 28 24 26 23 28 20 32 26 28 24 20 20 35 20
leaf_count=22 23 27 21 28 28 24 26 23 28 20 32 26 28 24 20 20 35 20
internal_value=-0.0240063 -0.54189 -0.0889479 0.110616 0.499826 0.00820438 0.0692069 -0.0159943 -0.530605 0.585971 0.159666 0.369763 -0.042503 0.756838 -0.20138 -0.101458 -0.338856 0.31559
internal_weight=475 98 76 377 55 349 325 279 71 46 208 102 106 56 48 46 58 48
internal_count=475 98 76 377 55 349 325 279 71 46 208 102 106 56 48 46 58 48
is_linear=0
shrinkage=0.05


Tree=100
num_leaves=19
num_cat=0
split_feature=2 0 1 1 5 5 5 1 2 1 5 5 5 1 1 5 5 5
split_gain=24988.2 10280.5 12729.9 9919.29 8803.12 12810.8 13973.9 13960.8 9449.96 9652.24 8644.56 4182.37 12678.3 5310.94 2940.93 2785.22 2277.22 1394.69
threshold=16.500000000000004 15389.000000000002 118188.00000000001 118177.00000000001 616.23280529935437 1074.2402374938872 1709.3154359669959 118105.00000000001 12.500000000000002 118129.50000000001 421.28380246068315 1964.4091643664879 4300.5272142674821 118155.50000000001 118133.50000000001 2940.7523998671163 6595.0612945023195 1882.6202788283297
decision_type=2 2 2 2 2 2 2 2 2 2 2 2 2 2 2 2 2 2
left_child=1 2 3 4 10 7 -7 -6 11 -10 -1 -8 -13 14 -14 -2 -4 -3
right_child=15 17 16 -5 5 6 8 -9 9 -11 -12 12 13 -15 -16 -17 -18 -19
leaf_value=-0.10808287550663126 0.77213799333572386 -0.43119424343109131 1.0945194578170776 -1.0208700162393076 -1.8810969108343123 0.94181412185941427 0.22072107050229206 -0.22510792561939785 -0.30657136077466224 1.1127175064086916 1.0837968602776529 -1.5108859748840333 -0.27970247077941895 -0.8424610939892857 0.50372576920882517 1.5435167594389483 0.41265998035669327 -0.97023107846577961
leaf_weight=29 25 20 25 27 20 35 22 35 23 25 32 25 25 22 23 22 24 30
leaf_count=29 25 20 25 27 20 35 22 35 23 25 32 25 25 22 23 22 24 30
internal_value=0.0371221 -0.0794301 0.00669058 -0.101003 -0.0224071 -0.151481 0.034365 -0.827286 -0.158124 0.432642 0.517166 -0.40049 -0.544349 -0.199157 0.0956902 1.13321 0.760547 -0.754616
internal_weight=489 442 392 343 316 255 200 55 165 48 61 117 95 70 48 47 49 50
internal_count=489 442 392 343 316 255 200 55 165 48 61 117 95 70 48 47 49 50
is_linear=0
shrinkage=0.05


Tree=101
num_leaves=19
num_cat=0
split_feature=2 0 1 1 5 5 5 1 2 1 5 5 5 1 1 5 5 5
split_gain=22551.8 9278.13 11552.8 11829.4 7944.81 11561.7 12611.5 12599.6 8528.59 8711.15 7801.72 3774.59 11442.2 4793.13 2654.19 2513.67 1587.63 1258.71
threshold=16.500000000000004 15389.000000000002 118186.50000000001 118177.00000000001 616.23280529935437 1074.2402374938872 1709.3154359669959 118105.00000000001 12.500000000000002 118129.50000000001 421.28380246068315 1964.4091643664879 4300.5272142674821 118155.50000000001 118133.50000000001 2940.7523998671163 6595.0612945023195 1882.6202788283297
decision_type=2 2 2 2 2 2 2 2 2 2 2 2 2 2 2 2 2 2
left_child=1 2 3 4 10 7 -7 -6 11 -10 -1 -8 -13 14 -14 -2 -4 -3
right_child=15 17 16 -5 5 6 8 -9 9 -11 -12 12 13 -15 -16 -17 -18 -19
leaf_value=-0.10267873303643589 0.73353107261657724 -0.4096345287561417 0.94179346232578676 -1.1957603972891104 -1.7870420079305767 0.89472343649183006 0.20968501188538294 -0.21385253599711829 -0.2912427979966869 1.0570816247463226 1.0296070188283921 -1.4353416690826417 -0.26571734333038333 -0.80033805153586646 0.47853948137034541 1.4663409471511841 0.39202697078386944 -0.92171955108642578
leaf_weight=29 25 20 29 23 20 35 22 35 23 25 32 25 25 22 23 22 24 30
leaf_count=29 25 20 29 23 20 35 22 35 23 25 32 25 25 22 23 22 24 30
internal_value=0.035266 -0.0754586 0.00635605 -0.100971 -0.0212867 -0.143907 0.0326467 -0.785921 -0.150218 0.41101 0.491307 -0.380465 -0.517132 -0.189199 0.0909057 1.07655 0.692843 -0.716886
internal_weight=489 442 392 339 316 255 200 55 165 48 61 117 95 70 48 47 53 50
internal_count=489 442 392 339 316 255 200 55 165 48 61 117 95 70 48 47 53 50
is_linear=0
shrinkage=0.05


Tree=102
num_leaves=19
num_cat=0
split_feature=2 1 1 1 5 5 5 1 2 1 5 5 5 5 5 1 5 5
split_gain=20353 8397.66 7736.96 10676 7170.19 10434.4 11381.9 11371.2 7697.05 7861.81 7041.05 3492.7 9912.9 3394.73 2268.58 1716.95 1314.97 873.098
threshold=16.500000000000004 118213.50000000001 118186.50000000001 118177.00000000001 616.23280529935437 1074.2402374938872 1709.3154359669959 118105.00000000001 12.500000000000002 118129.50000000001 421.28380246068315 5737.6880176849982 1964.4091643664879 9880.7458114611218 2940.7523998671163 118218.00000000001 1485.2213415857179 7700.6418778170964
decision_type=2 2 2 2 2 2 2 2 2 2 2 2 2 2 2 2 2 2
left_child=1 2 3 4 10 7 -7 -6 11 -10 -1 12 -8 16 -2 -3 -4 -13
right_child=14 15 13 -5 5 6 8 -9 9 -11 -12 17 -14 -15 -16 -17 -18 -19
leaf_value=-0.097544791780669118 0.69685445332527163 -1.0690313702537899 0.48709493591671899 -1.1359723360642142 -1.6976898413896562 0.8499872262137278 0.19920075833797457 -0.20315992253167289 -0.27668066698571908 1.0042275333404542 0.97812666669487958 0.11180290239197868 -1.1479670468303893 -0.024592769145965577 1.3930239005522296 -0.42171618700027463 1.0466384024847122 -0.27338055256874333
leaf_weight=29 25 21 21 23 20 35 22 35 23 25 32 28 36 20 22 20 21 31
leaf_count=29 25 21 21 23 20 35 22 35 23 25 32 28 36 20 22 20 21 31
internal_value=0.0335027 -0.0716857 -0.00199772 -0.0959222 -0.0202224 -0.136712 0.0310144 -0.746625 -0.142707 0.390459 0.466742 -0.361442 -0.636972 0.511557 1.02272 -0.753268 0.766867 -0.0905816
internal_weight=489 442 401 339 316 255 200 55 165 48 61 117 58 62 47 41 42 59
internal_count=489 442 401 339 316 255 200 55 165 48 61 117 58 62 47 41 42 59
is_linear=0
shrinkage=0.05


Tree=103
num_leaves=19
num_cat=0
split_feature=2 0 1 1 5 5 5 1 2 5 5 5 2 5 5 5 5 2
split_gain=18368.6 7701.52 9594.46 7391.21 6471.1 9417.09 10312.1 10262.5 7298.5 6570.24 6354.55 3755.53 3119.74 2499.46 2047.4 1751.53 1066.17 485.815
threshold=16.500000000000004 15389.000000000002 118188.00000000001 118177.00000000001 616.23280529935437 1074.2402374938872 2441.8897727593335 118105.00000000001 12.500000000000002 5737.6880176849982 421.28380246068315 1709.3154359669959 10.500000000000002 7014.3503702461376 2940.7523998671163 6595.0612945023195 1882.6202788283297 9.5000000000000018
decision_type=2 2 2 2 2 2 2 2 2 2 2 2 2 2 2 2 2 2
left_child=1 2 3 4 10 7 8 -6 11 12 -1 -7 -8 -11 -2 -4 -3 -15
right_child=14 16 15 -5 5 6 9 -9 -10 13 -12 -13 -14 17 -16 -17 -18 -19
leaf_value=-0.092667562591618513 0.66201174843311317 -0.369717413187027 0.95380094051361086 -0.88109631714997472 -1.6128054666519167 0.60818374991416935 -1.1030194212992988 -0.19300190380641394 1.0519447788596155 0.44783401305858911 0.92922033816576011 -0.28243037544447802 -0.33235973818548797 -0.0076359391212463381 1.3233726523139262 0.35580140625437107 -0.84101238250732424 -0.35613811731338507
leaf_weight=29 25 20 25 27 20 20 24 35 32 26 32 29 29 20 22 24 30 20
leaf_count=29 25 20 25 27 20 20 24 35 32 26 32 29 29 20 22 24 30 20
internal_value=0.0318276 -0.0681014 0.00643853 -0.0870564 -0.0192112 -0.129876 0.0294637 -0.709294 0.464635 -0.266745 0.443405 0.0810856 -0.681338 0.0661849 0.971585 0.660903 -0.652494 -0.181887
internal_weight=489 442 392 343 316 255 200 55 81 119 61 49 53 66 47 49 50 40
internal_count=489 442 392 343 316 255 200 55 81 119 61 49 53 66 47 49 50 40
is_linear=0
shrinkage=0.05


Tree=104
num_leaves=19
num_cat=0
split_feature=2 0 1 1 5 1 2 2 5 1 5 5 1 5 1 5 5 5
split_gain=16577.7 6950.62 8741.3 8867.57 5840.17 8706.84 8195.69 10064.8 5734.98 3937.26 2500.66 6156.05 3911.09 3871.58 2729.43 1900.54 1234.38 962.219
threshold=16.500000000000004 15389.000000000002 118186.50000000001 118177.00000000001 616.23280529935437 118069.50000000001 12.500000000000002 13.500000000000002 421.28380246068315 118127.00000000001 2067.4523568457666 4300.5272142674821 118155.50000000001 814.94179593592901 118133.50000000001 2308.8240637146364 6595.0612945023195 1882.6202788283297
decision_type=2 2 2 2 2 2 2 2 2 2 2 2 2 2 2 2 2 2
left_child=1 2 3 4 8 -6 10 -8 -1 -9 13 -12 14 -7 -13 -2 -4 -3
right_child=15 17 16 -5 5 6 7 9 -10 -11 11 12 -14 -15 -16 -17 -18 -19
leaf_value=-0.088034178881809644 1.2767881166367303 -0.35123154282569891 0.82277197632296328 -1.0351189260897431 -1.0298047980914513 -0.40885056747544202 1.3608393943309784 -0.33514990329742433 0.88275931291282184 0.51445698404312135 -1.1341550762003119 -0.29483907222747802 -0.72024743556976323 0.35846030780247284 0.4754559869351595 0.63725840953680191 0.33801136190692582 -0.79896175066630049
leaf_weight=29 21 20 29 23 24 31 20 30 32 25 22 23 22 35 23 26 24 30
leaf_count=29 21 20 29 23 24 31 20 30 32 25 22 23 22 35 23 26 24 30
internal_value=0.0302362 -0.0646963 0.0061166 -0.0872417 -0.0182507 -0.123382 -0.0292087 0.400316 0.421235 0.051035 -0.235711 -0.407141 -0.17193 -0.00194329 0.0903085 0.923006 0.603258 -0.61987
internal_weight=489 442 392 339 316 255 231 75 61 55 156 90 68 66 46 47 53 50
internal_count=489 442 392 339 316 255 231 75 61 55 156 90 68 66 46 47 53 50
is_linear=0
shrinkage=0.05


Tree=105
num_leaves=18
num_cat=0
split_feature=0 0 5 5 5 5 5 0 1 1 1 5 5 0 2 5 1
split_gain=13607.5 37835.3 31058 21443.6 18958.5 5617.09 3318.71 7596.75 6442.1 5944.51 3711.11 3107.92 7834.16 2385.92 2212.96 1590.19 743.371
threshold=15373.500000000002 15374.500000000002 14627.96739466606 1008.4376286667809 1709.3154359669959 10650.101747959225 753.19013452455317 15386.000000000002 118168.50000000001 118166.00000000001 118119.50000000001 2067.4523568457666 6086.837204332599 15381.500000000002 13.500000000000002 2656.5557746335844 118216.50000000001
decision_type=2 2 2 2 2 2 2 2 2 2 2 2 2 2 2 2 2
left_child=4 3 5 -2 -1 6 9 8 11 10 14 13 -13 -8 -3 16 -9
right_child=1 2 -4 -5 -6 -7 7 15 -10 -11 -12 12 -14 -15 -16 -17 -18
leaf_value=1.6559623309544156 -0.097985454616339313 0.70647751105328405 1.9294726436788385 -2.0747392079409432 -0.30544201948425992 -0.78166286728598866 -0.049789137442906702 -0.46418149800136171 0.70666014422711576 1.0306485187439691 -0.32042119141780967 -0.89843349371637626 0.29524310429890954 0.65524075150489813 0.012223315645347942 -0.13689173605913918 -0.84961324713446873
leaf_weight=28 23 24 22 34 22 22 30 29 38 21 33 28 27 20 22 24 22
leaf_count=28 23 24 22 34 22 22 30 29 38 21 33 28 27 20 22 24 22
internal_value=0.0133045 -0.0797313 0.108805 -1.2771 0.792944 -0.00900292 0.0444515 -0.0649473 0.148809 0.282941 0.0841832 -0.0530803 -0.312447 0.232223 0.374443 -0.472509 -0.630446
internal_weight=469 419 362 57 50 340 318 218 143 100 79 105 55 50 46 75 51
internal_count=469 419 362 57 50 340 318 218 143 100 79 105 55 50 46 75 51
is_linear=0
shrinkage=0.05


Tree=106
num_leaves=18
num_cat=0
split_feature=0 0 5 2 5 5 5 0 1 1 1 5 5 0 2 5 1
split_gain=12280.7 34146.4 28029.9 20287.3 17110.1 5069.42 2995.13 6856.07 5813.99 5364.92 3349.28 2804.9 7070.33 2153.29 1997.19 1435.15 670.892
threshold=15373.500000000002 15374.500000000002 14627.96739466606 12.500000000000002 1709.3154359669959 10650.101747959225 753.19013452455317 15386.000000000002 118168.50000000001 118166.00000000001 118119.50000000001 2067.4523568457666 6086.837204332599 15381.500000000002 13.500000000000002 2656.5557746335844 118216.50000000001
decision_type=2 2 2 2 2 2 2 2 2 2 2 2 2 2 2 2 2
left_child=4 3 5 -2 -1 6 9 8 11 10 14 13 -13 -8 -3 16 -9
right_child=1 2 -4 -5 -6 -7 7 15 -10 -11 -12 12 -14 -15 -16 -17 -18
leaf_value=1.5731642552784511 -0.40880781448248665 0.67115361814697583 1.8329991080544212 -2.3193500729898613 -0.29016991826620969 -0.7425797159021551 -0.04729967872301738 -0.44097243670759534 0.67132717945465925 0.97911604018438436 -0.30440012397188132 -0.8535118137087141 0.28048096056337707 0.62247870564460761 0.011612142487005754 -0.13004714555184668 -0.80713258683681488
leaf_weight=28 33 24 22 24 22 22 30 29 38 21 33 28 27 20 22 24 22
leaf_count=28 33 24 22 24 22 22 30 29 38 21 33 28 27 20 22 24 22
internal_value=0.0126393 -0.0757447 0.103365 -1.21325 0.753297 -0.00855278 0.042229 -0.0616999 0.141368 0.268794 0.079974 -0.0504263 -0.296824 0.220612 0.355721 -0.448883 -0.598924
internal_weight=469 419 362 57 50 340 318 218 143 100 79 105 55 50 46 75 51
internal_count=469 419 362 57 50 340 318 218 143 100 79 105 55 50 46 75 51
is_linear=0
shrinkage=0.05


Tree=107
num_leaves=18
num_cat=0
split_feature=0 0 5 5 5 5 5 0 1 1 1 5 5 0 2 5 1
split_gain=11083.4 30817.1 25296.9 18686.4 15441.9 4575.15 2703.11 6187.6 5247.13 4841.84 3022.73 2531.42 6380.97 1943.35 1802.47 1310.71 655.227
threshold=15373.500000000002 15374.500000000002 14627.96739466606 1008.4376286667809 1709.3154359669959 10650.101747959225 753.19013452455317 15386.000000000002 118168.50000000001 118166.00000000001 118119.50000000001 2067.4523568457666 6086.837204332599 15381.500000000002 13.500000000000002 1169.7525916775728 118139.50000000001
decision_type=2 2 2 2 2 2 2 2 2 2 2 2 2 2 2 2 2
left_child=4 3 5 -2 -1 6 9 8 11 10 14 13 -13 -8 -3 -9 -17
right_child=1 2 -4 -5 -6 -7 7 15 -10 -11 -12 12 -14 -15 -16 16 -18
leaf_value=1.4945060261658261 -0.051879034871640417 0.63759594541043052 1.741349161754955 -1.8971790678360883 -0.27566142949191008 -0.70545074289495302 -0.044934696753819788 -0.76162024111974813 0.63776079149622666 0.93016026247115369 -0.28918011910987623 -0.81083621638161807 0.26645691129896376 0.59135477662086489 0.011031533235853369 -0.5061457655646584 -0.1516782926162705
leaf_weight=28 23 24 22 34 22 22 30 21 38 21 33 28 27 20 22 22 32
leaf_count=28 23 24 22 34 22 22 30 21 38 21 33 28 27 20 22 22 32
internal_value=0.0120073 -0.0719575 0.0981965 -1.15258 0.715632 -0.00812514 0.0401175 -0.0586149 0.1343 0.255354 0.0759753 -0.047905 -0.281983 0.209581 0.337935 -0.426439 -0.296091
internal_weight=469 419 362 57 50 340 318 218 143 100 79 105 55 50 46 75 54
internal_count=469 419 362 57 50 340 318 218 143 100 79 105 55 50 46 75 54
is_linear=0
shrinkage=0.05


Tree=108
num_leaves=18
num_cat=0
split_feature=0 0 5 2 5 5 5 0 1 1 1 5 5 0 2 5 1
split_gain=10002.7 27812.4 22830.5 17687.1 13936.3 4129.08 2439.55 5584.31 4735.53 4369.76 2728.01 2284.61 5758.83 1753.87 1626.73 1229.12 593.392
threshold=15373.500000000002 15374.500000000002 14627.96739466606 12.500000000000002 1709.3154359669959 10650.101747959225 753.19013452455317 15386.000000000002 118168.50000000001 118166.00000000001 118119.50000000001 2067.4523568457666 6086.837204332599 15381.500000000002 13.500000000000002 2656.5557746335844 118216.50000000001
decision_type=2 2 2 2 2 2 2 2 2 2 2 2 2 2 2 2 2
left_child=4 3 5 -2 -1 6 9 8 11 10 14 13 -13 -8 -3 16 -9
right_child=1 2 -4 -5 -6 -7 7 15 -10 -11 -12 12 -14 -15 -16 -17 -18
leaf_value=1.4197807329041618 -0.34383482282811945 0.60571614184106393 1.6542816855690696 -2.1277455488840742 -0.26187835606661708 -0.67017819881439211 -0.04268795688947042 -0.39542242699655994 0.60587276698727355 0.88365223975408647 -0.27472111745314165 -0.77029441509928021 0.25313407050238718 0.56178705096244819 0.010479959574612705 -0.1100530861876905 -0.73978477269411091
leaf_weight=28 33 24 22 24 22 22 30 29 38 21 33 28 27 20 22 24 22
leaf_count=28 33 24 22 24 22 22 30 29 38 21 33 28 27 20 22 24 22
internal_value=0.011407 -0.0683596 0.0932867 -1.09496 0.679851 -0.00771888 0.0381116 -0.0556842 0.127585 0.242586 0.0721766 -0.0455097 -0.267884 0.199102 0.321038 -0.405117 -0.543971
internal_weight=469 419 362 57 50 340 318 218 143 100 79 105 55 50 46 75 51
internal_count=469 419 362 57 50 340 318 218 143 100 79 105 55 50 46 75 51
is_linear=0
shrinkage=0.05


Tree=109
num_leaves=18
num_cat=0
split_feature=2 1 1 0 5 1 5 1 0 1 1 5 2 1 2 5 5
split_gain=9139.16 14838.8 20554.5 7305.93 9288.68 6330.03 5977.7 5280.13 3518.19 2940.5 2834.21 2100.6 3121.13 1627.17 1007.47 904.349 488.826
threshold=14.500000000000002 118204.00000000001 118177.00000000001 15379.500000000002 1257.6678709053197 118068.50000000001 10650.101747959225 118186.50000000001 15383.500000000002 118155.50000000001 118202.00000000001 630.44175123797288 7.5000000000000009 118125.00000000001 8.5000000000000018 2656.5557746335844 2067.4523568457666
decision_type=2 2 2 2 2 2 2 2 2 2 2 2 2 2 2 2 2
left_child=5 2 3 4 -2 -1 7 8 9 11 -9 -7 -13 14 -14 -10 -16
right_child=1 -3 -4 -5 -6 6 -8 10 15 -11 -12 12 13 -15 16 -17 -18
leaf_value=-0.8858159790039063 0.13943214178085328 1.4182866182040286 -1.0763051315590189 -0.16440540811289914 1.5984236434102059 0.50377479841311767 -0.70863069742918017 0.87371829592663319 -0.70937197674875685 -0.37345228020737814 0.15068355889031382 -0.50829827474511191 0.31098467163417653 0.52895161992027651 0.029581993647984098 -0.26096843237226663 -0.28028793752193454
leaf_weight=25 20 27 27 23 24 27 32 23 23 41 33 23 23 21 35 22 20
leaf_count=25 20 27 27 23 24 27 32 23 23 41 33 23 23 21 35 22 20
internal_value=0.0108366 0.385149 0.0883962 0.557754 0.935246 -0.119312 -0.0599852 0.0113436 -0.092626 0.00152504 0.447644 0.104707 0.0163884 0.138285 0.0331059 -0.490152 -0.083098
internal_weight=469 121 94 67 44 348 323 291 235 190 56 149 122 99 78 45 55
internal_count=469 121 94 67 44 348 323 291 235 190 56 149 122 99 78 45 55
is_linear=0
shrinkage=0.05


Tree=110
num_leaves=18
num_cat=0
split_feature=1 0 2 1 5 5 0 1 1 5 5 5 1 2 1 0 1
split_gain=8606.25 17792.7 6076.7 16295.7 18755.7 4991.25 5633.16 3283.25 2314.15 4600.87 4300.88 2098.1 1770.92 1455.57 2049.84 1358.45 1256.54
threshold=118072.00000000001 15373.500000000002 11.500000000000002 118204.00000000001 6385.9000934115729 587.23726647980618 15389.000000000002 118166.00000000001 118138.00000000001 8129.7247272814939 2564.0481931076879 1226.104167096569 118155.50000000001 15.500000000000002 118127.00000000001 15381.500000000002 118117.00000000001
decision_type=2 2 2 2 2 2 2 2 2 2 2 2 2 2 2 2 2
left_child=11 -2 5 4 7 -3 8 13 10 12 16 -1 -10 14 -4 -9 -7
right_child=1 2 3 -5 -6 6 -8 15 9 -11 -12 -13 -14 -15 -16 -17 -18
leaf_value=-1.0350134706497192 1.2013055057236643 -0.92036893637407402 -0.19601129448932153 1.1110950188759048 -1.2295751792413219 -0.11644647161165873 -0.76490290335246502 0.86541550954182955 0.19161390635100278 0.83539471853347058 -0.6025031062534878 -0.32742346443913206 -0.39573911371685211 -0.29939039660536726 0.41162783120359692 0.30319766022942285 0.35845633974442115
leaf_weight=20 33 21 23 39 27 30 28 21 33 21 35 22 21 23 35 22 26
leaf_count=20 33 21 23 39 27 30 28 21 33 21 35 22 21 23 35 22 26
internal_value=0.019334 0.0848948 -0.00607199 0.199953 -0.0353756 -0.18814 -0.108878 0.224652 0.00177644 0.207414 -0.167705 -0.664371 -0.0368012 0.0371943 0.170667 0.577769 0.104044
internal_weight=480 438 405 190 151 215 194 124 166 75 91 42 54 81 58 43 56
internal_count=480 438 405 190 151 215 194 124 166 75 91 42 54 81 58 43 56
is_linear=0
shrinkage=0.05


Tree=111
num_leaves=18
num_cat=0
split_feature=1 0 2 1 5 5 0 1 1 5 5 5 1 2 1 0 1
split_gain=7767.14 16057.9 5484.23 14706.9 16927 4504.61 5083.92 2963.13 2088.52 4152.28 3881.54 1893.54 1598.25 1313.65 1849.98 1226 1134.03
threshold=118072.00000000001 15373.500000000002 11.500000000000002 118204.00000000001 6385.9000934115729 587.23726647980618 15389.000000000002 118166.00000000001 118138.00000000001 8129.7247272814939 2564.0481931076879 1226.104167096569 118155.50000000001 15.500000000000002 118127.00000000001 15381.500000000002 118117.00000000001
decision_type=2 2 2 2 2 2 2 2 2 2 2 2 2 2 2 2 2
left_child=11 -2 5 4 7 -3 8 13 10 12 16 -1 -10 14 -4 -9 -7
right_child=1 2 3 -5 -6 6 -8 15 9 -11 -12 -13 -14 -15 -16 -17 -18
leaf_value=-0.98326282978057877 1.1412402030193445 -0.87435051328724345 -0.1862107266550479 1.0555402297240037 -1.1680964918048293 -0.11062414685885112 -0.72665775162833079 0.82214475018637523 0.1820332006974654 0.79362502665746781 -0.57237797124045231 -0.31105228391560646 -0.37595215752011257 -0.28442090024118838 0.39104645396981924 0.28803779537027535 0.3405335203959392
leaf_weight=20 33 21 23 39 27 30 28 21 33 21 35 22 21 23 35 22 26
leaf_count=20 33 21 23 39 27 30 28 21 33 21 35 22 21 23 35 22 26
internal_value=0.0183673 0.0806501 -0.0057684 0.189955 -0.0336069 -0.178733 -0.103434 0.213419 0.00168761 0.197043 -0.15932 -0.631153 -0.0349611 0.0353345 0.162134 0.548881 0.0988419
internal_weight=480 438 405 190 151 215 194 124 166 75 91 42 54 81 58 43 56
internal_count=480 438 405 190 151 215 194 124 166 75 91 42 54 81 58 43 56
is_linear=0
shrinkage=0.05


Tree=112
num_leaves=19
num_cat=0
split_feature=1 0 5 0 5 5 5 5 1 5 5 1 0 2 1 5 5 2
split_gain=7104.01 8986.35 12653.9 5012.24 13928.9 3130.37 3679.37 4127.17 6074.6 2013.9 2285.84 4518.38 2565.05 1791.33 1726.97 1387.95 1242.26 1790.76
threshold=118068.50000000001 15373.500000000002 1709.3154359669959 15374.500000000002 13332.505445196502 9316.2450073070959 5737.6880176849982 2308.8240637146364 118139.50000000001 1924.2724972738763 1098.5730955021293 118179.00000000001 15386.000000000002 7.5000000000000009 118158.00000000001 1485.2213415857179 486.28684855362667 13.500000000000002
decision_type=2 2 2 2 2 2 2 2 2 2 2 2 2 2 2 2 2 2
left_child=-1 2 -2 15 5 6 7 9 -9 10 11 13 -12 -5 -8 -3 -15 -18
right_child=1 3 -4 4 -6 -7 14 8 -10 -11 12 -13 -14 16 -16 -17 17 -19
leaf_value=-0.83997453606646999 1.5865766242146493 -0.23539362962429344 -0.12933850217433204 -0.3698075323232583 1.191962568283081 -0.55810344402606671 0.72838287353515629 -1.1104571387881326 -0.055675290133326484 0.52313275337219245 0.046122860509370062 0.76037503480911262 -0.65067551183700567 -0.21974611282348633 0.12804084101319313 -0.76861198985058332 0.45952516902576801 -0.089541773884384723
leaf_weight=23 22 26 21 28 25 26 23 21 39 20 28 22 25 23 25 23 33 27
leaf_count=23 22 26 21 28 25 26 23 21 39 20 28 22 25 23 25 23 33 27
internal_value=0.017449 0.0606016 0.748572 -0.0108542 0.0528895 -0.0308659 0.0127907 -0.0599156 -0.424849 0.0463757 -0.00488853 0.105761 -0.282556 -0.0239826 0.415705 -0.48568 0.0926812 0.212445
internal_weight=480 457 43 414 365 340 314 266 60 206 186 133 53 111 48 49 83 60
internal_count=480 457 43 414 365 340 314 266 60 206 186 133 53 111 48 49 83 60
is_linear=0
shrinkage=0.05


Tree=113
num_leaves=18
num_cat=0
split_feature=1 0 2 1 5 5 0 1 1 5 5 5 1 0 2 5 5
split_gain=6588.08 13501.5 4941.65 12725.6 15039.6 3885.38 4829.68 2672.27 1900.11 3712.21 3246.62 1774.02 1355.5 1230.22 1074.46 1735.41 959.281
threshold=118072.00000000001 15373.500000000002 11.500000000000002 118204.00000000001 6385.9000934115729 587.23726647980618 15389.000000000002 118166.00000000001 118138.00000000001 8129.7247272814939 2564.0481931076879 1226.104167096569 118155.50000000001 15381.500000000002 15.500000000000002 2207.9776246180054 814.94179593592901
decision_type=2 2 2 2 2 2 2 2 2 2 2 2 2 2 2 2 2
left_child=11 -2 5 4 7 -3 8 14 10 12 16 -1 -10 -9 15 -4 -7
right_child=1 2 3 -5 -6 6 -8 13 9 -11 -12 -13 -14 -15 -16 -17 -18
leaf_value=-0.92243285894393923 1.0464473172951716 -0.81552920909154991 -0.062872540133280891 0.98565800801301617 -1.0968465454255543 -0.14500769805908204 -0.70699777092252469 0.7976796127500988 0.16970879044948203 0.75332052367074154 -0.52843904086521698 -0.271782940084284 -0.34415772642408099 0.26265455267646093 -0.25292753214421482 0.50079365318471736 0.27127283590455215
leaf_weight=20 33 21 36 39 27 25 28 21 33 21 35 22 21 22 23 22 31
leaf_count=20 33 21 36 39 27 25 28 21 33 21 35 22 21 22 23 22 31
internal_value=0.0165765 0.0739375 -0.00530407 0.180485 -0.0274733 -0.16949 -0.0995579 0.205374 0.00290185 0.189237 -0.150671 -0.581616 -0.0301282 0.523946 0.0362557 0.150932 0.0854333
internal_weight=480 438 405 190 151 215 194 124 166 75 91 42 54 43 81 58 56
internal_count=480 438 405 190 151 215 194 124 166 75 91 42 54 43 81 58 56
is_linear=0
shrinkage=0.05


Tree=114
num_leaves=19
num_cat=0
split_feature=1 0 0 5 5 5 5 5 5 2 2 5 1 0 5 5 5 5
split_gain=5945.74 12185.1 4657.29 12127 2720.56 2740.64 3867.32 5363.64 1889.84 1736.41 9790.83 2930.3 1646.11 1682.9 1601.05 1251.54 912.996 1638.72
threshold=118072.00000000001 15373.500000000002 15374.500000000002 13332.505445196502 9880.7458114611218 5737.6880176849982 2308.8240637146364 2940.7523998671163 6595.0612945023195 11.500000000000002 13.500000000000002 716.5140672993208 118146.50000000001 15386.000000000002 1226.104167096569 1485.2213415857179 1098.5730955021293 814.94179593592901
decision_type=2 2 2 2 2 2 2 2 2 2 2 2 2 2 2 2 2 2
left_child=14 -2 15 4 5 6 9 -8 -7 11 -11 -4 -12 -14 -1 -3 17 -13
right_child=1 2 3 -5 -6 8 7 -9 -10 10 12 16 13 -15 -16 -17 -18 -19
leaf_value=-0.87631122589111321 0.99412496415051543 -0.22439139806307279 -0.56546426486969004 1.1197227001190186 -0.58759824275970463 0.68122422591499665 -1.0050724473903361 -0.032749020086752401 0.083041075544972587 1.1304231318560514 0.21006495681675999 -0.10688612639904023 0.0068467292796682427 -0.59828627407550816 -0.25819375948472456 -0.73072795323703599 -0.1495502929235327 0.52551070962633406
leaf_weight=20 33 26 25 25 20 23 23 37 31 22 33 20 27 20 22 23 29 21
leaf_count=20 33 26 25 25 20 23 23 37 31 22 33 20 27 20 22 23 29 21
internal_value=0.0157477 0.0702406 -0.00503886 0.0578657 -0.022335 0.0140163 -0.0540208 -0.405473 0.337823 0.0530204 0.19628 -0.100795 -0.060609 -0.250657 -0.552535 -0.46206 0.0651578 0.217024
internal_weight=480 438 405 356 331 311 257 60 54 197 102 95 80 47 42 49 70 41
internal_count=480 438 405 356 331 311 257 60 54 197 102 95 80 47 42 49 70 41
is_linear=0
shrinkage=0.05


Tree=115
num_leaves=19
num_cat=0
split_feature=1 2 1 5 0 0 0 5 5 2 1 5 5 5 0 2 5 0
split_gain=9607.22 5510.89 5914.57 10885.7 10781.6 5713.84 4513.44 3968.87 3169.22 3780.42 2114.67 2089.11 1878.67 3896.37 3272.34 1178.72 965.244 694.467
threshold=118067.50000000001 11.500000000000002 118204.00000000001 2308.8240637146364 15374.500000000002 15377.000000000002 15389.000000000002 6086.837204332599 814.94179593592901 8.5000000000000018 118127.00000000001 1882.6202788283297 2564.0481931076879 4524.6463177215128 15383.500000000002 14.500000000000002 652.3442391312077 15381.500000000002
decision_type=2 2 2 2 2 2 2 2 2 2 2 2 2 2 2 2 2 2
left_child=-1 6 3 4 -3 -5 8 -7 9 16 -6 -4 17 -14 -15 -12 -2 -10
right_child=1 2 11 5 10 7 -8 -9 12 -11 15 -13 13 14 -16 -17 -18 -19
leaf_value=-1.0769348916553316 0.13679417682730632 1.2843112262395713 0.39279267896305431 -1.1084909974038601 -0.20254378933459521 -0.58180477114824158 -0.69392147497697321 0.25586587613628758 0.12161200849906258 -0.90187960125151145 0.59154983433810149 1.0988654398918152 -0.64110880683768878 -0.17945433133526853 0.52580010726534088 0.09427335173464739 -0.32128404534381372 0.49878722245876611
leaf_weight=21 23 26 22 20 32 26 33 31 23 21 22 20 22 38 29 26 23 26
leaf_count=21 23 26 22 20 32 26 33 31 23 21 22 20 22 38 29 26 23 26
internal_value=-0.0309462 0.0164961 0.19391 0.0710983 0.399773 -0.381362 -0.151227 -0.12623 -0.0638666 -0.346011 0.112298 0.729018 0.0731166 -0.0637692 0.125805 0.322192 -0.0922449 0.321746
internal_weight=484 463 225 183 106 77 238 57 205 67 80 42 138 89 67 48 46 49
internal_count=484 463 225 183 106 77 238 57 205 67 80 42 138 89 67 48 46 49
is_linear=0
shrinkage=0.05


Tree=116
num_leaves=19
num_cat=0
split_feature=1 2 1 1 5 0 1 5 0 5 2 1 5 5 0 2 5 0
split_gain=8670.51 4973.58 6289.23 28216.2 10114.7 9730.39 5840.98 5855.15 4073.38 2860.22 3411.83 1908.49 1695.5 3516.48 2953.29 1063.79 871.133 626.756
threshold=118067.50000000001 11.500000000000002 118219.50000000001 118202.00000000001 2308.8240637146364 15374.500000000002 118177.00000000001 6086.837204332599 15389.000000000002 814.94179593592901 8.5000000000000018 118127.00000000001 2564.0481931076879 4524.6463177215128 15383.500000000002 14.500000000000002 652.3442391312077 15381.500000000002
decision_type=2 2 2 2 2 2 2 2 2 2 2 2 2 2 2 2 2 2
left_child=-1 8 3 4 5 -3 7 -6 9 10 16 -7 17 -14 -15 -13 -2 -11
right_child=1 2 -4 -5 6 11 -8 -9 -10 12 -12 15 13 14 -16 -17 -18 -19
leaf_value=-1.0230881509326755 0.12995446194773136 1.2200956667845066 -0.58080019056797028 1.9653648043220695 -0.61662260901469457 -0.19241659250110388 -1.0660019148479809 0.45506261897087097 -0.65922538728425006 0.11553141280360844 -0.85678562890915644 0.56197235150770708 -0.60905336114493291 -0.17048161814087315 0.49951009914792821 0.089559685166638647 -0.30521985046241595 0.4738478541374207
leaf_weight=21 23 26 24 22 26 32 22 25 33 23 21 22 22 38 29 26 23 26
leaf_count=21 23 26 24 22 26 32 22 25 33 23 21 22 22 38 29 26 23 26
internal_value=-0.0293989 0.0156713 0.184214 0.27556 0.0678739 0.379784 -0.385036 -0.0912867 -0.143666 -0.0606733 -0.32871 0.106683 0.0694608 -0.0605807 0.119515 0.306082 -0.0876327 0.305659
internal_weight=484 463 225 201 179 106 73 51 238 205 67 80 138 89 67 48 46 49
internal_count=484 463 225 201 179 106 73 51 238 205 67 80 138 89 67 48 46 49
is_linear=0
shrinkage=0.05


Tree=117
num_leaves=19
num_cat=0
split_feature=1 2 0 5 1 1 5 0 1 5 0 5 5 1 1 1 5 3
split_gain=7825.14 4773.25 3031.61 8327.78 6369.64 5593.88 3009.85 3884.26 3314.8 2843.94 2428.36 1937.08 1384.47 930.406 911.11 1361.76 660.963 206.638
threshold=118067.50000000001 16.500000000000004 15389.000000000002 1133.9706607793551 118188.00000000001 118177.00000000001 2441.8897727593335 15381.500000000002 118144.00000000001 5737.6880176849982 15374.500000000002 7700.6418778170964 2308.8240637146364 118139.50000000001 118150.50000000001 118119.50000000001 6595.0612945023195 2.5000000000000004
decision_type=2 2 2 2 2 2 2 2 2 2 2 2 2 2 2 2 2 2
left_child=-1 2 4 -4 5 6 7 10 -9 13 -2 -11 -3 -8 15 17 -6 -12
right_child=1 12 3 -5 16 -7 9 8 -10 11 14 -13 -14 -15 -16 -17 -18 -19
leaf_value=-0.97193367367699046 0.41997047387636627 0.82766431331634527 0.4477434635162354 -0.81861351567345708 0.78394852638244628 -0.73650243942226679 -0.65177025477091477 0.13583614276005671 0.96975005214864562 0.29491003625320666 -0.12392185568809509 -0.24684397343433268 0.24639251799810502 -0.21783877923375083 0.13896965115889909 -0.43733630129269196 0.40162073878141547 0.10336522817611696
leaf_weight=21 26 20 20 37 20 28 30 26 22 33 20 33 21 21 25 35 26 20
leaf_count=21 26 20 20 37 20 28 30 26 22 33 20 33 21 21 25 35 26 20
internal_value=-0.0279289 0.0148877 -0.0351529 -0.374278 0.0178063 -0.0615103 0.00343735 0.135298 0.518047 -0.192663 -0.0105113 0.024033 0.52994 -0.473093 -0.122437 -0.209572 0.56785 -0.0102783
internal_weight=484 463 422 57 365 319 291 174 48 117 126 66 41 51 100 75 46 40
internal_count=484 463 422 57 365 319 291 174 48 117 126 66 41 51 100 75 46 40
is_linear=0
shrinkage=0.05


Tree=118
num_leaves=19
num_cat=0
split_feature=1 2 0 5 1 1 5 0 1 5 0 5 5 1 1 5 2 1
split_gain=7062.19 4307.86 2736.03 7515.82 5748.6 5048.48 2723.37 3067.59 3435.54 2914.55 2191.6 1748.22 1249.49 822.277 1236.76 596.519 451.756 196.713
threshold=118067.50000000001 16.500000000000004 15389.000000000002 1133.9706607793551 118188.00000000001 118177.00000000001 2564.0481931076879 15381.500000000002 118144.00000000001 5737.6880176849982 15374.500000000002 7700.6418778170964 2308.8240637146364 118150.50000000001 118120.50000000001 6595.0612945023195 10.500000000000002 118109.00000000001
decision_type=2 2 2 2 2 2 2 2 2 2 2 2 2 2 2 2 2 2
left_child=-1 2 4 -4 5 6 7 10 -9 16 -2 -11 -3 14 17 -6 -8 -12
right_child=1 12 3 -5 15 -7 9 8 -10 11 13 -13 -14 -15 -16 -17 -18 -19
leaf_value=-0.92333701451619477 0.3989719702647283 0.78628107547760018 0.4253562927246094 -0.77768284372381258 0.74475109398365025 -0.69967732706240249 -0.63923636627197267 0.10427924250402759 0.92126252705400646 0.28016454198143703 -0.13109964057803156 -0.23450176318486535 0.23407287143525624 0.13202117761969567 -0.44776575465997059 0.38153971754587612 -0.3246634137772379 0.078445557185581757
leaf_weight=21 26 20 20 37 20 28 25 31 22 33 24 33 21 25 30 26 21 21
leaf_count=21 26 20 20 37 20 28 25 31 22 33 24 33 21 25 30 26 21 21
internal_value=-0.0265325 0.0141433 -0.0333952 -0.355564 0.016916 -0.0584348 0.00326549 0.124258 0.443404 -0.190107 -0.00998577 0.0228314 0.503443 -0.116315 -0.199093 0.539458 -0.495627 -0.0333119
internal_weight=484 463 422 57 365 319 291 179 53 112 126 66 41 100 75 46 46 45
internal_count=484 463 422 57 365 319 291 179 53 112 126 66 41 100 75 46 46 45
is_linear=0
shrinkage=0.05


Tree=119
num_leaves=19
num_cat=0
split_feature=1 2 0 5 1 1 5 0 1 5 0 5 5 1 1 5 5 1
split_gain=6373.63 3887.85 2469.27 6783.03 5188.11 4556.25 2459.17 3172.65 2691.05 2322.93 1977.92 1577.77 1127.66 832.938 742.105 1170.35 538.359 537.758
threshold=118067.50000000001 16.500000000000004 15389.000000000002 1133.9706607793551 118188.00000000001 118177.00000000001 2441.8897727593335 15381.500000000002 118144.00000000001 5737.6880176849982 15374.500000000002 7700.6418778170964 2308.8240637146364 118139.50000000001 118150.50000000001 679.10714004389399 6595.0612945023195 118117.00000000001
decision_type=2 2 2 2 2 2 2 2 2 2 2 2 2 2 2 2 2 2
left_child=-1 2 4 -4 5 6 7 10 -9 13 -2 -11 -3 -8 15 -12 -6 -17
right_child=1 12 3 -5 16 -7 9 8 -10 11 14 -13 -14 -15 -16 17 -18 -19
leaf_value=-0.87717025847662067 0.37902338321392359 0.74696697950363156 0.40408846616744998 -0.73879869499722051 0.70751354366540919 -0.6646934407097953 -0.59665714850028351 0.12383036109117361 0.87519941248677002 0.26615631309422583 -0.4310422424475352 -0.22277667919794719 0.22236927577427457 -0.18608334135441554 0.12542011171579362 -0.21264896038032713 0.36246270766625038 0.13381200606624286
leaf_weight=21 26 20 20 37 20 28 30 26 22 33 30 33 21 21 25 21 26 24
leaf_count=21 26 20 20 37 20 28 30 26 22 33 30 33 21 21 25 21 26 24
internal_value=-0.0252059 0.0134362 -0.0317255 -0.337786 0.0160702 -0.0555131 0.00310221 0.122291 0.468208 -0.174153 -0.00948648 0.0216898 0.478271 -0.427597 -0.110499 -0.189139 0.512485 -0.0278698
internal_weight=484 463 422 57 365 319 291 174 48 117 126 66 41 51 100 75 46 45
internal_count=484 463 422 57 365 319 291 174 48 117 126 66 41 51 100 75 46 45
is_linear=0
shrinkage=0.05


Tree=120
num_leaves=19
num_cat=0
split_feature=1 5 1 5 1 5 1 1 1 1 1 0 5 5 5 2 2 5
split_gain=11861.1 7471.81 4400.27 5199.45 2669.58 4821.71 4751.22 2896.47 3572.43 1499.2 2983.71 2775.73 1395.89 1289.58 331.031 265.337 246.255 227.358
threshold=118067.50000000001 16635.527422600851 118087.50000000001 1709.3154359669959 118199.50000000001 1133.9706607793551 118188.00000000001 118177.00000000001 118166.00000000001 118155.50000000001 118138.00000000001 15379.500000000002 4300.5272142674821 2308.8240637146364 1801.054099104954 8.5000000000000018 9.5000000000000018 10650.101747959225
decision_type=2 2 2 2 2 2 2 2 2 2 2 2 2 2 2 2 2 2
left_child=-1 2 3 -2 6 -6 7 8 9 10 11 15 16 14 -13 -4 -12 -7
right_child=1 -3 4 -5 5 17 -8 -9 -10 -11 12 13 -14 -15 -16 -17 -18 -19
leaf_value=-1.1414536203656878 0.8781535898485493 1.018882886171341 -0.020547742936760191 -0.061818421099867141 0.27825722044164486 -0.51949881369417372 0.63795556641858209 -0.48202210627496245 0.57799421119002203 -0.44330038854054044 -0.0055918133258819579 -0.26591537154239159 0.62126325879778177 -0.53537504817988424 0.0086572113491240003 0.20159236323542712 0.23955702001140233 -0.74950420970008491
leaf_weight=21 31 20 20 28 22 22 29 32 26 21 20 23 21 37 21 41 21 21
leaf_count=21 31 20 20 28 22 22 29 32 26 21 20 23 21 37 21 41 21 21
internal_value=0.0203841 0.0738898 0.0305415 0.432065 -0.0322965 -0.323799 0.0284331 -0.0340268 0.0230882 -0.0410343 0.000375455 -0.125977 0.289764 -0.317816 -0.134869 0.12876 0.119972 -0.631827
internal_weight=477 456 436 59 377 65 312 283 251 225 204 142 62 81 44 61 41 43
internal_count=477 456 436 59 377 65 312 283 251 225 204 142 62 81 44 61 41 43
is_linear=0
shrinkage=0.05


Tree=121
num_leaves=20
num_cat=0
split_feature=1 5 1 5 1 5 1 1 1 1 5 1 5 5 5 5 2 1 5
split_gain=10704.6 6743.31 3971.25 4692.51 2409.3 4351.59 4287.98 2614.07 3224.12 1353.02 2893.39 4935.47 3560.48 1979.52 1613.61 1808.01 968.991 234.062 205.19
threshold=118067.50000000001 16635.527422600851 118087.50000000001 1709.3154359669959 118199.50000000001 1133.9706607793551 118188.00000000001 118177.00000000001 118166.00000000001 118155.50000000001 6086.837204332599 118129.50000000001 2067.4523568457666 2656.5557746335844 486.28684855362667 630.44175123797288 7.5000000000000009 118122.00000000001 10650.101747959225
decision_type=2 2 2 2 2 2 2 2 2 2 2 2 2 2 2 2 2 2 2
left_child=-1 2 3 -2 6 -6 7 8 9 10 12 -12 14 -14 -4 -16 -17 -18 -7
right_child=1 -3 4 -5 5 18 -8 -9 -10 -11 11 -13 13 -15 15 16 17 -19 -20
leaf_value=-1.0843809127807618 0.83424592902583461 0.96793874517083178 -0.30789123525222145 -0.058727502397128518 0.26434435194188899 -0.49352388138120828 0.60605780587627978 -0.45792099200189118 0.54909448004685923 -0.4211353523035844 -0.17375560343265534 0.93703998804092414 -0.81889248490333566 -0.17163154195856167 0.54784999435598203 -0.25595609537724939 0.24463119826146534 0.023807771432967414 -0.71202899842035206
leaf_weight=21 31 20 24 28 22 22 29 32 26 21 20 20 21 27 22 21 28 21 21
leaf_count=21 31 20 24 28 22 22 29 32 26 21 20 20 21 27 22 21 28 21 21
internal_value=0.0193649 0.0701953 0.0290144 0.410462 -0.0306816 -0.307609 0.0270115 -0.0323254 0.0219338 -0.0389826 0.000356681 0.381642 -0.0926398 -0.454808 0.057223 0.15247 0.028208 0.149993 -0.600236
internal_weight=477 456 436 59 377 65 312 283 251 225 204 40 164 48 116 92 70 49 43
internal_count=477 456 436 59 377 65 312 283 251 225 204 40 164 48 116 92 70 49 43
is_linear=0
shrinkage=0.05


Tree=122
num_leaves=19
num_cat=0
split_feature=1 5 1 5 1 5 1 2 1 1 1 5 2 2 5 5 5 5
split_gain=9660.91 6085.83 3584.05 4234.99 2174.39 3927.31 3869.9 2448.79 3680.24 2883.73 1994.07 1955.21 2653.23 1833.7 1672.98 1062.34 490.208 185.184
threshold=118067.50000000001 16635.527422600851 118087.50000000001 1709.3154359669959 118199.50000000001 1133.9706607793551 118188.00000000001 12.500000000000002 118155.50000000001 118138.00000000001 118118.50000000001 2940.7523998671163 14.500000000000002 7.5000000000000009 742.39200711934188 4300.5272142674821 1924.2724972738763 10650.101747959225
decision_type=2 2 2 2 2 2 2 2 2 2 2 2 2 2 2 2 2 2
left_child=-1 2 3 -2 6 -6 7 8 9 10 13 12 -9 -4 -14 -11 -12 -7
right_child=1 -3 4 -5 5 17 -8 11 -10 15 16 -13 14 -15 -16 -17 -18 -19
leaf_value=-1.0301619484311058 0.79253361455855842 0.91954176444560298 -0.24003230404968445 -0.055791129810469492 0.25112714659083973 -0.46884770352732058 0.57575491420153913 0.37736574615750995 -0.60376057948384965 0.072227774063746128 -0.25423233222961428 0.56728183082912276 0.12581083341078325 0.38020293062383481 -0.46662104530976373 0.55918626444680353 -0.5705932582418124 -0.67642754146030981
leaf_weight=21 31 20 26 28 22 22 29 35 35 24 25 23 22 22 26 21 24 21
leaf_count=21 31 20 26 28 22 22 29 35 35 24 25 23 22 22 26 21 24 21
internal_value=0.0183966 0.0666855 0.0275637 0.389939 -0.0291476 -0.292228 0.0256609 -0.0307092 -0.144529 -0.0313383 -0.184808 0.159349 0.0463071 0.0442422 -0.19509 0.299475 -0.409185 -0.570224
internal_weight=477 456 436 59 377 65 312 283 177 142 97 106 83 48 48 45 49 43
internal_count=477 456 436 59 377 65 312 283 177 142 97 106 83 48 48 45 49 43
is_linear=0
shrinkage=0.05


Tree=123
num_leaves=19
num_cat=0
split_feature=1 5 1 5 2 0 1 1 5 2 1 1 2 1 5 0 2 1
split_gain=8718.97 5492.46 3234.6 3822.07 2020.83 2811.47 2462.9 2428.87 2330.21 1858.22 1782.9 1731.03 2699.88 1212.75 1566.13 851.925 823.085 374.658
threshold=118067.50000000001 16635.527422600851 118087.50000000001 1709.3154359669959 11.500000000000002 15389.000000000002 118219.50000000001 118166.00000000001 587.23726647980618 15.500000000000002 118184.50000000001 118177.00000000001 14.500000000000002 118149.00000000001 753.19013452455317 15379.500000000002 8.5000000000000018 118122.00000000001
decision_type=2 2 2 2 2 2 2 2 2 2 2 2 2 2 2 2 2 2
left_child=-1 2 3 -2 5 8 7 9 -4 15 13 -9 -13 14 -10 -6 -16 -18
right_child=1 -3 4 -5 6 -7 -8 11 10 -11 -12 12 -14 -15 16 -17 17 -19
leaf_value=-0.97865376245407831 0.75290693640708928 0.87356468170881285 -0.55288038537615825 -0.053001577087811058 -0.015464625892139251 -0.58873754287588187 -0.40598807448432561 0.77325203674180176 0.40821003644239334 -0.34879799463130812 0.44891707301139833 0.63751512851033898 -0.1387918084859848 -0.34357945425757053 -0.23985805094242096 0.38132990890493002 -0.084615273909135313 0.19574091319854445
leaf_weight=21 31 20 21 28 31 29 21 21 21 27 20 21 24 29 40 24 22 26
leaf_count=21 31 20 21 28 31 29 21 21 21 27 20 21 24 29 40 24 22 26
internal_value=0.0174768 0.0633512 0.0261855 0.370442 -0.0276902 -0.132036 0.100736 0.172636 -0.0580454 -0.00908575 0.00772376 0.398411 0.223485 -0.0562173 0.0202368 0.157682 -0.0723477 0.0672443
internal_weight=477 456 436 59 377 208 169 148 179 82 158 66 45 138 109 55 88 48
internal_count=477 456 436 59 377 208 169 148 179 82 158 66 45 138 109 55 88 48
is_linear=0
shrinkage=0.05


Tree=124
num_leaves=19
num_cat=0
split_feature=1 5 1 5 2 0 1 1 5 2 1 1 2 1 5 5 2 0
split_gain=7868.87 4956.95 2919.23 3449.42 1823.8 2537.35 2222.77 2192.05 2103.02 1677.04 1609.06 1562.26 2436.64 1094.5 1413.43 792.199 1225.78 768.863
threshold=118067.50000000001 16635.527422600851 118087.50000000001 1709.3154359669959 11.500000000000002 15389.000000000002 118219.50000000001 118166.00000000001 587.23726647980618 15.500000000000002 118184.50000000001 118177.00000000001 14.500000000000002 118149.00000000001 753.19013452455317 5737.6880176849982 8.5000000000000018 15379.500000000002
decision_type=2 2 2 2 2 2 2 2 2 2 2 2 2 2 2 2 2 2
left_child=-1 2 3 -2 5 8 7 9 -4 17 13 -9 -13 14 -10 16 -16 -6
right_child=1 -3 4 -5 6 -7 -8 11 10 -11 -12 12 -14 -15 15 -17 -18 -19
leaf_value=-0.92972111474900021 0.71526159572024506 0.82988645404577255 -0.52523636023203535 -0.050351488803114214 -0.014691391298847814 -0.55930066766410036 -0.38568866707029797 0.73458946943283088 0.3877995339000509 -0.33135808662131983 0.42647121250629427 0.60563934005442122 -0.13185221304496128 -0.32640046086804619 -0.45021051168441772 0.13986250082651774 0.016497440022580766 0.36226340346038344
leaf_weight=21 31 20 21 28 31 29 21 21 21 27 20 21 24 29 24 30 34 24
leaf_count=21 31 20 21 28 31 29 21 21 21 27 20 21 24 29 24 30 34 24
internal_value=0.016603 0.0601837 0.0248762 0.35192 -0.0263057 -0.125434 0.0956989 0.164004 -0.0551432 -0.00863146 0.00733757 0.37849 0.212311 -0.0534064 0.019225 -0.0687303 -0.176623 0.149798
internal_weight=477 456 436 59 377 208 169 148 179 82 158 66 45 138 109 88 58 55
internal_count=477 456 436 59 377 208 169 148 179 82 158 66 45 138 109 88 58 55
is_linear=0
shrinkage=0.05


Tree=125
num_leaves=19
num_cat=0
split_feature=0 0 5 5 2 5 0 2 0 5 1 5 1 5 5 1 0 5
split_gain=5479.23 18056.4 14990.6 13537.5 12303.6 3011.18 3032.59 4726.13 2665.49 2015.91 1947.72 1332.6 1721.54 1154.68 1784.02 942.478 823.54 652.609
threshold=15373.500000000002 15374.500000000002 13332.505445196502 1709.3154359669959 12.500000000000002 753.19013452455317 15379.500000000002 15.500000000000002 15381.500000000002 8805.6179094126655 118216.50000000001 6086.837204332599 118146.50000000001 1547.0617516005534 2067.4523568457666 118119.50000000001 15377.000000000002 3272.4235136537195
decision_type=2 2 2 2 2 2 2 2 2 2 2 2 2 2 2 2 2 2
left_child=3 4 5 -1 -2 8 16 9 15 10 11 12 13 -8 -15 -3 -7 -16
right_child=1 2 -4 -5 -6 6 7 -9 -10 -11 -12 -13 -14 14 17 -17 -18 -19
leaf_value=1.3827932109003482 -0.2203417256474495 0.23348692858384715 1.3690971215566001 -0.2980452280044556 -1.6846677899360658 0.055317617952823639 -0.42632495667785408 -0.80340716655437761 0.65978814584237566 -0.52350065086198894 -0.45146160022072168 0.39291331482970199 0.31364227163380592 0.34739924913102932 -0.39674118906259537 -0.15730251029685693 0.46536565485596659 -0.019726240634918214
leaf_weight=23 32 36 21 25 26 24 24 26 27 23 23 23 29 22 22 27 25 24
leaf_count=23 32 36 21 25 26 24 24 26 27 23 23 23 29 22 22 27 25 24
internal_value=0.000446936 -0.0556168 0.0710495 0.507357 -0.876764 -0.00573643 -0.0906003 -0.171161 0.24414 -0.0846434 -0.024202 0.0440408 -0.0222738 -0.12816 -0.0229258 0.0660057 0.264526 -0.200038
internal_weight=482 434 376 48 58 355 265 216 90 190 167 144 121 92 68 63 49 46
internal_count=482 434 376 48 58 355 265 216 90 190 167 144 121 92 68 63 49 46
is_linear=0
shrinkage=0.05


Tree=126
num_leaves=18
num_cat=0
split_feature=0 0 5 5 2 5 0 2 0 5 5 0 1 1 1 0 1
split_gain=4945 16295.9 13529 12217.6 11104 2717.59 2736.91 4265.33 2405.6 1819.36 1759.39 1436.33 850.587 844.317 778.561 743.245 411.919
threshold=15373.500000000002 15374.500000000002 13332.505445196502 1709.3154359669959 12.500000000000002 753.19013452455317 15379.500000000002 15.500000000000002 15381.500000000002 8805.6179094126655 5737.6880176849982 15386.000000000002 118119.50000000001 118146.50000000001 118113.00000000001 15377.000000000002 118140.50000000001
decision_type=2 2 2 2 2 2 2 2 2 2 2 2 2 2 2 2 2
left_child=3 4 5 -1 -2 8 15 9 12 10 11 13 -3 14 -8 -7 -13
right_child=1 2 -4 -5 -6 6 7 -9 -10 -11 -12 16 -14 -15 -16 -17 -18
leaf_value=1.3136535105497942 -0.20932462215423586 0.22181258896986644 1.3006422707012721 -0.28314297366142277 -1.6004343691353615 0.052551740407943727 0.16544790157959577 -0.76323681152783918 0.62679873219242799 -0.49732560696809192 0.32381838818391162 -0.45641574642874982 -0.14943738425219502 0.2813890895843506 -0.22635672129690648 0.44209737586975106 -0.18321008662114274
leaf_weight=23 32 36 21 25 26 24 21 26 27 23 30 22 27 25 32 25 37
leaf_count=23 32 36 21 25 26 24 21 26 27 23 30 22 27 25 32 25 37
internal_value=0.00042459 -0.052836 0.067497 0.481989 -0.832926 -0.00544961 -0.0860703 -0.162603 0.231933 -0.0804113 -0.0229919 -0.0989358 0.0627055 0.0418682 -0.0711134 0.2513 -0.285083
internal_weight=482 434 376 48 58 355 265 216 90 190 167 137 63 78 53 49 59
internal_count=482 434 376 48 58 355 265 216 90 190 167 137 63 78 53 49 59
is_linear=0
shrinkage=0.05


Tree=127
num_leaves=20
num_cat=0
split_feature=0 0 5 5 2 5 1 1 1 5 2 0 2 1 1 0 1 1 1
split_gain=4462.87 14707.1 12210 11026.4 10021.3 2452.63 2511.85 4772.58 2309.36 1710.95 2242.16 1396.87 1241.57 1208.89 1160.44 436.843 399.036 382.11 20.8467
threshold=15373.500000000002 15374.500000000002 13332.505445196502 1709.3154359669959 12.500000000000002 753.19013452455317 118199.50000000001 118168.50000000001 118107.00000000001 5737.6880176849982 14.500000000000002 15383.500000000002 9.5000000000000018 118150.50000000001 118119.50000000001 15381.500000000002 118216.50000000001 118139.50000000001 118122.00000000001
decision_type=2 2 2 2 2 2 2 2 2 2 2 2 2 2 2 2 2 2 2
left_child=3 4 5 -1 -2 8 7 9 -3 10 11 15 -11 14 -10 18 -8 -13 -7
right_child=1 2 -4 -5 -6 6 16 -9 13 12 -12 17 -14 -15 -16 -17 -18 -19 -20
leaf_value=1.2479708464249322 -0.19885839577764275 0.6941730172932149 1.2356101683207923 -0.26898581886291506 -1.5204126800482092 -0.099801304226829896 -0.2350310482978821 0.52104809615347125 0.16588756496256049 -0.12671235175359816 -0.67673859888953825 -0.48573335692996072 0.39972439706325535 0.33943887438092912 -0.36034829974174504 0.20358368656258485 -0.50550570448239651 -0.18755404563112693 -0.028474024534225463
leaf_weight=23 32 20 21 25 26 21 25 36 22 21 21 21 24 28 20 24 30 22 20
leaf_count=23 32 20 21 25 26 21 25 36 22 21 21 21 24 28 20 24 30 22 20
internal_value=0.000403359 -0.0501942 0.0641222 0.457889 -0.791279 -0.00517713 -0.0817668 -0.00298687 0.220337 -0.111408 -0.204011 -0.112092 0.154054 0.084955 -0.0847009 0.0341646 -0.382563 -0.333176 -0.0650075
internal_weight=482 434 376 48 58 355 265 210 90 174 129 108 45 70 42 65 55 43 41
internal_count=482 434 376 48 58 355 265 210 90 174 129 108 45 70 42 65 55 43 41
is_linear=0
shrinkage=0.05


Tree=128
num_leaves=18
num_cat=0
split_feature=0 0 5 5 2 5 0 2 0 5 1 5 1 5 5 1 0
split_gain=4027.74 13273.1 11019.5 9951.31 9071.08 2213.5 2374.57 3656.21 2191.55 1665.35 1512.58 1026.96 1419.56 910.842 1814.56 700.209 653.42
threshold=15373.500000000002 15374.500000000002 13332.505445196502 1709.3154359669959 9.5000000000000018 753.19013452455317 15379.500000000002 15.500000000000002 15381.500000000002 8805.6179094126655 118216.50000000001 5737.6880176849982 118146.50000000001 1547.0617516005534 2067.4523568457666 118119.50000000001 15377.000000000002
decision_type=2 2 2 2 2 2 2 2 2 2 2 2 2 2 2 2 2
left_child=3 4 5 -1 -2 8 16 9 15 10 11 12 13 -8 -15 -3 -7
right_child=1 2 -4 -5 -6 6 7 -9 -10 -11 -12 -13 -14 14 -16 -17 -18
leaf_value=1.1855723173721977 0.1101953011751175 0.19215536481804318 1.1738296349843345 -0.25553652715682984 -1.2053524436135041 0.050215405722459167 -0.39029067624360325 -0.7050602747843816 0.58620845123573584 -0.47174705318782639 -0.3944527346154918 0.30249551077683767 0.275776560553189 0.33640257228504528 -0.23150400643547378 -0.14468254071694833 0.41546415889263155
leaf_weight=23 20 36 21 25 38 24 24 26 27 23 23 30 29 22 39 27 25
leaf_count=23 20 36 21 25 38 24 24 26 27 23 23 30 29 22 39 27 25
internal_value=0.000383194 -0.0476844 0.0609161 0.434995 -0.751715 -0.00491827 -0.0776784 -0.148966 0.20932 -0.0728683 -0.017933 0.0422056 -0.0262917 -0.12935 -0.0266852 0.0477963 0.236567
internal_weight=482 434 376 48 58 355 265 216 90 190 167 144 114 85 61 63 49
internal_count=482 434 376 48 58 355 265 216 90 190 167 144 114 85 61 63 49
is_linear=0
shrinkage=0.05


Tree=129
num_leaves=19
num_cat=0
split_feature=0 0 5 5 5 5 0 2 1 5 1 5 1 1 1 5 5 0
split_gain=3635.03 11979 9945.09 8981.06 8780.97 1997.68 2143.05 3299.73 2037.67 1502.98 1384.26 1334.48 1281.15 1096.4 1045.64 822.035 1637.64 589.712
threshold=15373.500000000002 15374.500000000002 13332.505445196502 1709.3154359669959 1008.4376286667809 753.19013452455317 15379.500000000002 15.500000000000002 118107.00000000001 8805.6179094126655 118213.50000000001 5737.6880176849982 118146.50000000001 118150.50000000001 118119.50000000001 1547.0617516005534 2067.4523568457666 15377.000000000002
decision_type=2 2 2 2 2 2 2 2 2 2 2 2 2 2 2 2 2 2
left_child=3 4 5 -1 -2 8 17 9 -3 10 11 12 15 14 -10 -8 -17 -7
right_child=1 2 -4 -5 -6 6 7 -9 13 -11 -12 -13 -14 -15 -16 16 -18 -19
leaf_value=1.1262937214063562 -0.031609435264880845 0.64394577205181125 1.1151381049837386 -0.24275970649719239 -1.2686771428212524 0.047704638540744783 -0.37077614000687997 -0.66980725572659416 0.14798540960658679 -0.44815971022066869 -0.33777352486337936 0.37839955949783327 0.26198773877374054 0.31403910262244095 -0.35154180347919467 0.31958244375207207 -0.21992880052480943 0.39469094359874729
leaf_weight=23 26 20 21 25 32 24 24 26 22 23 28 25 29 28 20 22 39 25
leaf_count=23 26 20 21 25 32 24 24 26 22 23 28 25 29 28 20 22 39 25
internal_value=0.000364032 -0.0453002 0.0578703 0.413245 -0.71413 -0.00467235 -0.0737945 -0.141517 0.198854 -0.0692249 -0.0170363 0.0475726 -0.0249771 0.0716848 -0.0898847 -0.122883 -0.025351 0.224738
internal_weight=482 434 376 48 58 355 265 216 90 190 167 139 114 70 42 85 61 49
internal_count=482 434 376 48 58 355 265 216 90 190 167 139 114 70 42 85 61 49
is_linear=0
shrinkage=0.05


Tree=130
num_leaves=18
num_cat=0
split_feature=2 0 1 0 5 5 1 2 2 1 1 5 5 5 5 5 1
split_gain=4835.46 1807.7 4317.32 3159.61 3302.65 3183.67 2200.31 2037.45 2903.49 1796.58 3842.26 1176.43 1505.37 1094.81 1070.34 554.53 263.56
threshold=16.500000000000004 15389.000000000002 118186.50000000001 15374.500000000002 1036.7112526218841 1964.4091643664879 118078.00000000001 12.500000000000002 13.500000000000002 118162.00000000001 118127.00000000001 716.5140672993208 1169.7525916775728 2656.5557746335844 6595.0612945023195 5004.3430880689966 118133.50000000001
decision_type=2 2 2 2 2 2 2 2 2 2 2 2 2 2 2 2 2
left_child=1 2 3 4 -1 -6 -5 11 -9 10 -10 -8 -13 -14 -4 -3 -15
right_child=-2 15 14 6 5 -7 7 8 9 -11 -12 12 13 16 -16 -17 -18
leaf_value=-0.76901701072166706 0.54615297011840036 -0.14769069467272078 0.66387775325775156 0.48496627444806306 0.36616026943638214 -0.46892972803115845 -0.45037942024377681 0.67347506180050831 -0.28125506192445754 -0.32509934399276974 0.69882952570915224 0.22619260907173158 -0.45595016869214872 -0.19050298631191254 0.20120305633544922 -0.4995130240917206 0.027260362379478688
leaf_weight=29 39 21 25 23 21 25 26 21 20 26 20 30 26 24 25 24 33
leaf_count=29 39 21 25 23 21 25 26 21 20 26 20 30 26 24 25 24 33
internal_value=0.0136389 -0.0359268 9.7555e-05 -0.0666375 -0.351138 -0.087693 0.0190556 -0.0283601 0.161401 -0.00153172 0.208787 -0.147131 -0.0773576 -0.187075 0.43254 -0.335329 -0.0644295
internal_weight=458 419 374 324 75 46 249 226 87 66 40 139 113 83 50 45 57
internal_count=458 419 374 324 75 46 249 226 87 66 40 139 113 83 50 45 57
is_linear=0
shrinkage=0.05


Tree=131
num_leaves=18
num_cat=0
split_feature=2 0 1 0 5 5 1 2 2 1 1 5 5 5 5 5 5
split_gain=4364.01 1631.45 3896.38 2851.55 2980.64 2873.26 1985.78 1838.8 2620.4 1621.42 3467.64 1061.73 1358.59 988.068 965.981 500.463 238.563
threshold=16.500000000000004 15389.000000000002 118186.50000000001 15374.500000000002 1036.7112526218841 1964.4091643664879 118078.00000000001 12.500000000000002 13.500000000000002 118162.00000000001 118127.00000000001 716.5140672993208 1169.7525916775728 2656.5557746335844 6595.0612945023195 5004.3430880689966 8805.6179094126655
decision_type=2 2 2 2 2 2 2 2 2 2 2 2 2 2 2 2 2
left_child=1 2 3 4 -1 -6 -5 11 -9 10 -10 -8 -13 -14 -4 -3 -15
right_child=-2 15 14 6 5 -7 7 8 9 -11 -12 12 13 16 -16 -17 -18
leaf_value=-0.73056619167327885 0.51884531042514703 -0.14030614693959553 0.63068384075164796 0.46071796054425446 0.34785224369594031 -0.44548323774337772 -0.42786045441260701 0.63980132632312325 -0.26719231069087984 -0.30884436466372933 0.66388804793357847 0.21488297422726951 -0.43315266508322497 0.016917491621441311 0.19114288663864137 -0.47453735955059528 -0.19513738212131321
leaf_weight=29 39 21 25 23 21 25 26 21 20 26 20 30 26 36 25 24 21
leaf_count=29 39 21 25 23 21 25 26 21 20 26 20 30 26 36 25 24 21
internal_value=0.012957 -0.0341305 9.26733e-05 -0.0633056 -0.333581 -0.0833083 0.0181028 -0.0269421 0.153331 -0.00145513 0.198348 -0.139775 -0.0734897 -0.177721 0.410913 -0.318563 -0.061208
internal_weight=458 419 374 324 75 46 249 226 87 66 40 139 113 83 50 45 57
internal_count=458 419 374 324 75 46 249 226 87 66 40 139 113 83 50 45 57
is_linear=0
shrinkage=0.05


Tree=132
num_leaves=17
num_cat=0
split_feature=2 0 1 0 2 1 2 2 1 1 2 5 5 5 5 1
split_gain=3938.52 1472.38 3516.48 2573.53 2868.86 1815.73 1788.48 2364.91 1463.33 3129.55 899.123 878.982 1366.48 1538.64 451.668 234.092
threshold=16.500000000000004 15389.000000000002 118186.50000000001 15374.500000000002 9.5000000000000018 118087.50000000001 12.500000000000002 13.500000000000002 118162.00000000001 118127.00000000001 13.500000000000002 716.5140672993208 1169.7525916775728 2656.5557746335844 5004.3430880689966 118133.50000000001
decision_type=2 2 2 2 2 2 2 2 2 2 2 2 2 2 2 2
left_child=1 2 3 4 -1 -5 11 -8 9 -9 -4 -7 -13 -14 -3 -15
right_child=-2 14 10 5 -6 6 7 8 -10 -11 -12 12 13 15 -16 -17
leaf_value=-0.011759456835295026 0.49290306079082002 -0.1332908346539452 0.17833903694152833 0.3965241517339434 -0.63029226580181641 -0.40646741115129914 0.60781124333540604 -0.25383269011974335 -0.29340215250849727 0.6306936585903169 0.6023963603973389 0.20413883169492086 -0.55880280562809537 -0.17696411907672882 -0.45081050166239339 0.028264423572655878
leaf_weight=38 39 21 25 28 37 26 21 20 26 20 25 30 21 24 24 33
leaf_count=38 39 21 25 28 37 26 21 20 26 20 25 30 21 24 24 33
internal_value=0.0123091 -0.0324239 8.80427e-05 -0.0601403 -0.316902 0.0171977 -0.0308618 0.145664 -0.00138237 0.18843 0.390368 -0.145472 -0.0826399 -0.192939 -0.302635 -0.0581476
internal_weight=458 419 374 324 75 249 221 87 66 40 50 134 108 78 45 57
internal_count=458 419 374 324 75 249 221 87 66 40 50 134 108 78 45 57
is_linear=0
shrinkage=0.05


Tree=133
num_leaves=17
num_cat=0
split_feature=2 5 2 1 1 1 5 5 1 2 0 1 2 5 2 1
split_gain=3554.51 1333.25 1623.7 2563.21 1996.7 1366.59 1311.1 6277.38 3877.83 3092.98 1833.48 1441.84 1096.84 795.086 554.767 225.625
threshold=16.500000000000004 11561.002038697343 15.500000000000002 118186.50000000001 118175.00000000001 118197.00000000001 616.23280529935437 421.28380246068315 118072.00000000001 12.500000000000002 15379.500000000002 118123.50000000001 7.5000000000000009 2656.5557746335844 11.500000000000002 118100.00000000001
decision_type=2 2 2 2 2 2 2 2 2 2 2 2 2 2 2 2
left_child=1 2 3 4 6 -5 7 -1 -8 11 -11 12 -10 -13 -7 -14
right_child=-2 -3 -4 5 -6 14 8 -9 9 10 -12 13 15 -15 -16 -17
leaf_value=-0.342909228234064 0.46825787104093114 -0.33584227561950686 -0.35175095565857428 0.57663848179358024 -0.4581879271910741 -0.069889327473938473 -0.52962709460939683 0.89482243537902839 -0.23863292276859283 0.042258288986980919 0.62203214387098948 -0.47376974729391241 0.086680746078491216 -0.11091317501333026 0.29396161369302054 0.30622980785369874
leaf_weight=21 39 33 31 27 26 20 35 20 20 25 30 26 22 36 22 25
leaf_count=21 39 33 31 27 26 20 35 20 20 25 30 26 22 36 22 25
internal_value=0.0116937 -0.0308027 -0.00472423 0.0255795 -0.0404122 0.29911 0.0013654 0.260862 -0.0472162 0.0445467 0.358499 -0.0893087 0.0714935 -0.263079 0.120699 0.203462
internal_weight=458 419 386 355 286 69 260 41 219 184 55 129 67 62 42 47
internal_count=458 419 386 355 286 69 260 41 219 184 55 129 67 62 42 47
is_linear=0
shrinkage=0.05


Tree=134
num_leaves=19
num_cat=0
split_feature=2 0 1 0 1 1 1 2 2 1 1 5 1 1 2 1 5 5
split_gain=3207.95 1327.81 2938.81 2042.98 2859.07 3377.58 1673.67 1373.49 1929.14 1240.73 2616.61 982.187 835.277 1712.07 913.957 673.012 558.437 387.008
threshold=16.500000000000004 15389.000000000002 118188.00000000001 15374.500000000002 118074.00000000001 118155.50000000001 118078.00000000001 12.500000000000002 13.500000000000002 118162.00000000001 118127.00000000001 6595.0612945023195 118118.50000000001 118138.00000000001 7.5000000000000009 118149.00000000001 1924.2724972738763 5004.3430880689966
decision_type=2 2 2 2 2 2 2 2 2 2 2 2 2 2 2 2 2 2
left_child=1 2 3 4 -1 -6 -5 12 -9 10 -10 -4 14 16 -8 -15 -14 -3
right_child=-2 17 11 6 5 -7 7 8 9 -11 -12 -13 13 15 -16 -17 -18 -19
leaf_value=-0.72776538580656058 0.44484497155898661 -0.12911055315108527 0.62796154419581107 0.42575745012449184 0.29728671189012201 -0.48753050175996926 -0.18301606340841814 0.55126301050186155 -0.22856703877449036 -0.26784181368465604 0.58022966206073767 0.16412355995178224 -0.26273847520351412 0.21451688777832759 0.25885992574691774 -0.16605263123145472 -0.61579824913115733 -0.42302494173248606
leaf_weight=24 39 21 21 23 29 26 22 21 20 26 20 25 24 21 25 26 21 24
leaf_count=24 39 21 21 23 29 26 22 21 20 26 20 25 24 21 25 26 21 24
internal_value=0.011109 -0.0292626 0.001612 -0.0508762 -0.272416 -0.0737178 0.0194115 -0.0219423 0.133861 0.00105099 0.175831 0.375876 -0.119459 -0.207065 0.0520244 0.00398907 -0.4275 -0.285865
internal_weight=458 419 374 328 79 55 249 226 87 66 40 46 139 92 47 47 45 45
internal_count=458 419 374 328 79 55 249 226 87 66 40 46 139 92 47 47 45 45
is_linear=0
shrinkage=0.05


Tree=135
num_leaves=17
num_cat=0
split_feature=1 0 0 0 5 2 5 1 1 1 5 5 2 5 1 5
split_gain=5068.89 11320.8 5586.65 1420.75 7640.5 3373.41 7432.67 1325.92 1824.82 1574.27 1476.45 1167.08 1204.62 1707.06 367.305 611.64
threshold=118072.00000000001 15381.500000000002 15373.500000000002 15374.500000000002 7700.6418778170964 6.5000000000000009 13332.505445196502 118219.50000000001 118144.00000000001 118131.00000000001 539.4292133348489 6385.9000934115729 11.500000000000002 744.26634190647655 118109.00000000001 1801.054099104954
decision_type=2 2 2 2 2 2 2 2 2 2 2 2 2 2 2 2
left_child=1 -1 -2 4 -4 -5 7 8 9 10 -7 12 -10 -14 -12 -16
right_child=2 -3 3 5 -6 6 -8 -9 11 -11 14 -13 13 -15 15 -17
leaf_value=-1.2950476335442584 0.69642427841822307 0.29145332601937385 0.2151329682180376 -0.43896061045782908 -1.0233697134256363 -0.38302499294281006 0.96460651484402737 -0.36218724982305006 0.037446414723115808 -0.41442399394923246 -0.024639011753929987 -0.053928051239404931 0.055230379104614258 0.62247585608727407 0.37184988001118535 0.011024231215318044
leaf_weight=23 30 22 33 35 20 20 22 22 34 29 36 39 21 36 23 24
leaf_count=23 30 22 33 35 20 20 22 22 34 29 36 39 21 36 23 24
internal_value=-0.0148604 -0.519425 0.0386901 -0.0113912 -0.252227 0.0260407 0.0792271 0.0106414 0.0419476 -0.0890051 0.00261771 0.174915 0.272991 0.413491 0.0955437 0.187598
internal_weight=469 45 424 394 53 341 306 284 262 132 103 130 91 57 83 47
internal_count=469 45 424 394 53 341 306 284 262 132 103 130 91 57 83 47
is_linear=0
shrinkage=0.05


Tree=136
num_leaves=18
num_cat=0
split_feature=1 0 0 0 1 2 5 2 1 1 5 5 1 2 5 5 1
split_gain=4574.67 10217.1 5041.95 1391.23 6293.99 6448.19 3948.35 2011.6 2808.44 2218.07 1875.57 2649.3 1419.55 870.494 465.665 210.216 17.359
threshold=118072.00000000001 15381.500000000002 15373.500000000002 15389.000000000002 118193.50000000001 16.500000000000004 1133.9706607793551 12.500000000000002 118155.50000000001 118138.00000000001 1169.7525916775728 2441.8897727593335 118118.50000000001 7.5000000000000009 2656.5557746335844 539.4292133348489 118123.50000000001
decision_type=2 2 2 2 2 2 2 2 2 2 2 2 2 2 2 2 2
left_child=1 -1 -2 4 5 7 -5 8 9 12 15 -12 13 -4 -11 -9 -14
right_child=2 -3 3 6 -6 -7 -8 10 -10 14 11 -13 16 -15 -16 -17 -18
leaf_value=-1.2302952870078709 0.66160305102666228 0.27688066729090433 -0.14617561626434325 0.32024746395292736 0.6633980001722064 -0.79765889919721167 -0.53012944964262154 0.087636625766754156 -0.46148986393535463 0.14796074231465658 0.78366297316551214 0.075513820988791336 -0.30111895978450776 0.27107589745521549 0.45943055550257372 -0.13185047147174675 -0.36620668797265915
leaf_weight=23 30 22 25 21 35 26 39 20 37 24 25 28 20 25 24 24 21
leaf_count=23 30 22 25 21 35 26 39 20 37 24 25 28 20 25 24 24 21
internal_value=-0.0141174 -0.493454 0.0367556 -0.0108216 0.0290004 -0.0452602 -0.232498 0.0263968 -0.0743633 0.0286847 0.209219 0.409546 -0.116376 0.0624501 0.303696 -0.0320836 -0.334457
internal_weight=469 45 424 394 334 299 60 273 176 139 97 53 91 50 48 44 41
internal_count=469 45 424 394 334 299 60 273 176 139 97 53 91 50 48 44 41
is_linear=0
shrinkage=0.05


Tree=137
num_leaves=19
num_cat=0
split_feature=1 0 0 5 1 1 1 2 5 1 5 5 5 2 5 5 5 0
split_gain=4128.64 9220.9 4550.36 1325.13 6671.11 1155.59 2075.18 2357.32 1836.81 1564.84 2010.74 2350.13 1758.5 1321.46 1157.34 846.888 1052.36 672.69
threshold=118072.00000000001 15381.500000000002 15373.500000000002 11561.002038697343 118206.00000000001 118219.50000000001 118168.50000000001 11.500000000000002 4524.6463177215128 118155.50000000001 5737.6880176849982 2067.4523568457666 2656.5557746335844 14.500000000000002 486.28684855362667 630.44175123797288 1074.2402374938872 15379.500000000002
decision_type=2 2 2 2 2 2 2 2 2 2 2 2 2 2 2 2 2 2
left_child=1 -1 -2 5 -5 6 9 8 -8 10 11 14 -13 -9 -4 -16 17 -17
right_child=2 -3 3 4 -6 -7 7 13 -10 -11 -12 12 -14 -15 15 16 -18 -19
leaf_value=-1.168780465747999 0.62852287689844777 0.26303664174946872 -0.24785377883911136 -0.79479082089204056 0.40338798477536159 -0.32723478783260695 -0.359208301641047 0.67186658363188467 0.26721754026412964 -0.40282698915554926 0.35963538183885468 -0.67620907244474993 -0.050931891528042887 0.17767931545774143 0.42361261844635012 -0.23882702397448674 0.31942640638351438 0.14084116101264954
leaf_weight=23 30 22 25 26 21 22 22 31 25 26 34 23 22 24 20 28 25 20
leaf_count=23 30 22 25 26 21 22 22 31 25 26 34 23 22 24 20 28 25 20
internal_value=-0.0134115 -0.468781 0.0349178 -0.0102805 -0.259434 0.0234665 0.0472063 0.23402 -0.0260031 -0.038242 0.00987577 -0.0630802 -0.370518 0.456221 0.054163 0.13535 0.0563743 -0.0806319
internal_weight=469 45 424 394 47 347 325 102 47 223 197 163 45 55 118 93 73 48
internal_count=469 45 424 394 47 347 325 102 47 223 197 163 45 55 118 93 73 48
is_linear=0
shrinkage=0.05


Tree=138
num_leaves=18
num_cat=0
split_feature=1 0 0 0 1 2 5 2 1 1 5 5 1 2 5 5 1
split_gain=3726.1 8321.86 4106.7 1258.95 5464.95 5789.09 3632.57 1819.56 2447.41 1983.68 1710.4 2265.27 1209.29 764.706 442.43 211.99 15.6439
threshold=118072.00000000001 15381.500000000002 15373.500000000002 15389.000000000002 118193.50000000001 16.500000000000004 1133.9706607793551 12.500000000000002 118155.50000000001 118138.00000000001 1169.7525916775728 2441.8897727593335 118118.50000000001 7.5000000000000009 2656.5557746335844 539.4292133348489 118123.50000000001
decision_type=2 2 2 2 2 2 2 2 2 2 2 2 2 2 2 2 2
left_child=1 -1 -2 4 5 7 -5 8 9 12 15 -12 13 -4 -11 -9 -14
right_child=2 -3 3 6 -6 -7 -8 10 -10 14 11 -13 16 -15 -16 -17 -18
leaf_value=-1.1103414680646813 0.59709670464197795 0.24988480670885607 -0.14048784494400024 0.30954015027909054 0.6192565284456526 -0.75399135534579942 -0.50612276723751659 0.090482550859451297 -0.43040396067741754 0.13545593619346619 0.73793371826410292 0.08311865031719208 -0.27963681995868683 0.25058925652503972 0.43905602097511293 -0.12992833741009235 -0.34142560164133706
leaf_weight=23 30 22 25 21 35 26 39 20 37 24 25 28 20 25 24 24 21
leaf_count=23 30 22 25 21 35 26 39 20 37 24 25 28 20 25 24 24 21
internal_value=-0.0127409 -0.445342 0.0331719 -0.00976651 0.0281151 -0.0410821 -0.220641 0.0268141 -0.0690159 0.0271809 0.200691 0.391994 -0.110002 0.0550507 0.287256 -0.0297416 -0.311285
internal_weight=469 45 424 394 334 299 60 273 176 139 97 53 91 50 48 44 41
internal_count=469 45 424 394 334 299 60 273 176 139 97 53 91 50 48 44 41
is_linear=0
shrinkage=0.05


Tree=139
num_leaves=18
num_cat=0
split_feature=1 0 0 0 5 2 5 5 1 1 2 1 5 5 2 2 3
split_gain=3362.81 7510.48 3706.3 1200.46 6480.32 2828.58 6462.4 993.36 2975.35 3574.66 1974.8 2581.81 1323.86 2447.03 387.513 133.84 7.16413
threshold=118072.00000000001 15381.500000000002 15373.500000000002 15374.500000000002 7700.6418778170964 6.5000000000000009 13332.505445196502 1098.5730955021293 118199.50000000001 118168.50000000001 13.500000000000002 118146.50000000001 2067.4523568457666 2656.5557746335844 10.500000000000002 15.500000000000002 3.5000000000000004
decision_type=2 2 2 2 2 2 2 2 2 2 2 2 2 2 2 2 2
left_child=1 -1 -2 4 -4 -5 7 10 9 12 11 -7 -9 -14 -15 -12 -10
right_child=2 -3 3 5 -6 6 -8 8 16 -11 15 -13 13 14 -16 -17 -18
leaf_value=-1.0548243522644043 0.56724193096160891 0.23739055422219366 0.1997592572009925 -0.40066850747380944 -0.94084334731101993 0.07959372929164342 0.89940233880823317 0.20929765820503238 -0.41510187868206272 0.46258398843439008 -0.17889703655242919 0.79173184156417853 -0.6408293267954952 -0.1559199549533703 0.11452723879080554 -0.013592266043027244 -0.45691563263535501
leaf_weight=23 30 22 33 35 20 35 22 25 21 38 25 20 23 27 26 24 20
leaf_count=23 30 22 33 35 20 35 22 25 21 38 25 20 23 27 26 24 20
internal_value=-0.0121039 -0.423075 0.0315133 -0.00927818 -0.230657 0.0251296 0.073832 0.00987941 -0.0612001 0.0492045 0.132902 0.338553 -0.106324 -0.210147 -0.0232477 -0.0979314 -0.435499
internal_weight=469 45 424 394 53 341 306 284 180 139 104 55 101 76 53 49 41
internal_count=469 45 424 394 53 341 306 284 180 139 104 55 101 76 53 49 41
is_linear=0
shrinkage=0.05


Tree=140
num_leaves=18
num_cat=0
split_feature=0 0 2 5 2 1 2 1 1 5 5 1 2 5 1 2 5
split_gain=2806.49 9136.09 5638.32 4785.69 2664.91 1245.96 1088.38 929.398 1520.51 2047.92 2950.42 1161.91 1301.36 964.63 1058.63 740.547 673.845
threshold=15373.500000000002 15374.500000000002 12.500000000000002 1709.3154359669959 16.500000000000004 118078.00000000001 6.5000000000000009 118125.00000000001 118156.50000000001 1098.5730955021293 2271.3520262664047 118118.50000000001 13.500000000000002 5330.0045916609661 118206.00000000001 13.500000000000002 3600.5761705116997
decision_type=2 2 2 2 2 2 2 2 2 2 2 2 2 2 2 2 2
left_child=3 2 -2 -1 5 -3 -7 11 15 -10 -11 12 -8 -12 -15 16 -9
right_child=1 4 -4 -5 -6 6 7 8 9 10 13 -13 -14 14 -16 -17 -18
leaf_value=0.80712599312817612 -0.15870105385780336 0.3477898497581482 -1.154655995413109 -0.17435440524764684 0.47729521992080137 -0.30546001195907596 0.18070857463738857 0.0074077550441988054 0.2807884737064964 -0.66124449101361371 0.29489524811506274 -0.36475755348801614 -0.30022990513931624 -0.2882017807527022 0.16591970636731102 0.51355993747711182 0.37423464173362375
leaf_weight=27 30 25 27 23 33 30 39 31 38 22 20 32 22 33 21 20 21
leaf_count=27 30 25 27 23 33 30 39 31 38 22 20 32 22 33 21 20 21
internal_value=0.000508987 -0.0394838 -0.630469 0.355645 0.0475605 0.00750054 -0.0183573 0.010449 0.0696792 -0.0298945 -0.152873 -0.120749 0.00725535 -0.00173568 -0.111599 0.254997 0.155549
internal_weight=494 444 57 50 387 354 329 299 206 134 96 93 61 74 54 72 52
internal_count=494 444 57 50 387 354 329 299 206 134 96 93 61 74 54 72 52
is_linear=0
shrinkage=0.05


Tree=141
num_leaves=20
num_cat=0
split_feature=0 0 2 5 5 2 2 1 2 5 5 1 5 2 1 2 0 5 1
split_gain=2532.86 8245.32 5088.58 4319.09 2495.29 1768.59 1420.48 1154.43 958.876 2747.38 1495.28 1839.63 1099.51 2371.14 877.614 587.636 228.34 162.199 137.816
threshold=15373.500000000002 15374.500000000002 12.500000000000002 1709.3154359669959 13332.505445196502 8.5000000000000018 9.5000000000000018 118089.50000000001 13.500000000000002 2940.7523998671163 1098.5730955021293 118199.50000000001 742.39200711934188 15.500000000000002 118153.00000000001 6.5000000000000009 15377.000000000002 2656.5557746335844 118135.50000000001
decision_type=2 2 2 2 2 2 2 2 2 2 2 2 2 2 2 2 2 2 2
left_child=3 2 -2 -1 5 7 -7 -3 10 12 -8 14 16 -14 17 -9 -10 -12 -17
right_child=1 4 -4 -5 -6 6 8 15 9 -11 11 -13 13 -15 -16 18 -18 -19 -20
leaf_value=0.76676973325234876 -0.15076600472132365 0.5138805150985718 -1.0969231883684794 -0.16563669028489486 0.49979683160781863 -0.45055285635448644 0.39881974714142937 -0.12260559598604839 -0.16726906925439836 0.33842502924112172 -0.12095965250678685 -0.4173032476143404 -0.13584384907864863 -0.80438019462994159 0.33717273267415854 0.1061740015943845 0.066162325035442004 0.071237259251730786 0.27232863759765258
leaf_weight=27 30 22 27 23 28 21 28 21 20 26 23 22 36 21 26 24 22 21 26
leaf_count=27 30 22 27 23 28 21 28 21 20 26 23 22 36 21 26 24 22 21 26
internal_value=0.000483541 -0.0375096 -0.598946 0.337863 0.0451825 0.00972514 -0.0558949 0.197413 -0.0220671 -0.118985 0.078889 -0.0184812 -0.239113 -0.382147 0.106863 0.0993522 -0.0449955 -0.0292293 0.192574
internal_weight=494 444 57 50 387 359 266 93 245 125 120 92 99 57 70 71 42 44 50
internal_count=494 444 57 50 387 359 266 93 245 125 120 92 99 57 70 71 42 44 50
is_linear=0
shrinkage=0.05


Tree=142
num_leaves=18
num_cat=0
split_feature=0 0 2 5 2 1 2 1 1 5 5 2 1 5 1 2 5
split_gain=2285.9 7441.4 4592.44 3897.98 2520.61 1027.44 991.078 811.356 1334.84 1834.46 2462.71 1049.65 1152.87 892.434 962.328 688.294 582.106
threshold=15373.500000000002 15374.500000000002 12.500000000000002 1709.3154359669959 16.500000000000004 118078.00000000001 6.5000000000000009 118125.00000000001 118156.50000000001 1098.5730955021293 2271.3520262664047 8.5000000000000018 118107.00000000001 5330.0045916609661 118206.00000000001 13.500000000000002 3600.5761705116997
decision_type=2 2 2 2 2 2 2 2 2 2 2 2 2 2 2 2 2
left_child=3 2 -2 -1 5 -3 -7 11 15 -10 -11 -8 -13 -12 -15 16 -9
right_child=1 4 -4 -5 -6 6 7 8 9 10 13 12 -14 14 -16 -17 -18
leaf_value=0.72843126279336445 -0.14322770635286969 0.31297416591644289 -1.0420770353741116 -0.15735484102497932 0.46086130503452188 -0.29348665922880174 0.19642073937824794 0.0033832267407448062 0.26406147887832238 -0.61083470649001281 0.2770183324813843 -0.016078642481251768 -0.41684892668443568 -0.28234722144675978 0.15062681966949076 0.48622069358825687 0.34432644106092908
leaf_weight=27 30 25 27 23 33 30 21 31 38 22 20 38 34 33 21 20 21
leaf_count=27 30 25 27 23 33 30 21 31 38 22 20 38 34 33 21 20 21
internal_value=0.000459364 -0.0356341 -0.568998 0.32097 0.0429234 0.00396308 -0.019518 0.00797049 0.0633116 -0.0299847 -0.146378 -0.114613 -0.205331 -0.00829633 -0.113968 0.236947 0.141072
internal_weight=494 444 57 50 387 354 329 299 206 134 96 93 72 74 54 72 52
internal_count=494 444 57 50 387 354 329 299 206 134 96 93 72 74 54 72 52
is_linear=0
shrinkage=0.05


Tree=143
num_leaves=19
num_cat=0
split_feature=0 0 2 5 2 5 0 0 2 1 2 5 5 1 2 1 1 1
split_gain=2063.03 6715.86 4144.68 3517.92 2274.85 975.169 4105.2 3393.13 2904.64 1075.17 783.865 747.322 1518.9 1762.07 219.911 231.445 190.561 11.7435
threshold=15373.500000000002 15374.500000000002 12.500000000000002 1709.3154359669959 16.500000000000004 1098.5730955021293 15389.000000000002 15381.500000000002 13.500000000000002 118125.00000000001 8.5000000000000018 2441.8897727593335 4524.6463177215128 118156.50000000001 13.500000000000002 118119.50000000001 118195.50000000001 118100.00000000001
decision_type=2 2 2 2 2 2 2 2 2 2 2 2 2 2 2 2 2 2
left_child=3 2 -2 -1 5 7 9 14 -9 10 -7 -11 -13 -14 15 -3 -15 -12
right_child=1 4 -4 -5 -6 6 -8 8 -10 11 17 12 13 16 -16 -17 -18 -19
leaf_value=0.69200968035945198 -0.13606630285580953 0.077090230087439218 -0.98997318744659424 -0.1494871015134065 0.43781824307234002 0.10613903792008111 -0.51119324757558549 0.8405250479777655 0.024653391242027284 0.33987305707508519 -0.23309440732002262 -0.25113646622214997 0.56581211203620552 -0.095787925611842767 -0.19396458520339088 -0.12469486351366398 0.11478390466599238 -0.28727815449237826
leaf_weight=27 30 30 27 23 33 23 41 24 20 31 20 28 21 22 26 27 21 20
leaf_count=27 30 30 27 23 33 23 41 24 20 31 20 28 21 22 26 27 21 20
internal_value=0.000436396 -0.0338524 -0.540549 0.304921 0.0407772 0.00376493 -0.0583073 0.114713 0.469674 0.0415224 -0.126448 0.127556 0.0560148 0.190393 -0.0734594 -0.0184922 0.00704948 -0.260186
internal_weight=494 444 57 50 387 354 227 127 44 186 63 123 92 64 83 57 43 40
internal_count=494 444 57 50 387 354 227 127 44 186 63 123 92 64 83 57 43 40
is_linear=0
shrinkage=0.05


Tree=144
num_leaves=20
num_cat=0
split_feature=0 0 5 5 5 2 2 2 5 5 1 5 2 1 1 2 0 1 5
split_gain=1861.88 6061.07 3839.09 3174.93 2244.12 1465.49 1194.01 1017.1 2315.97 1175.34 1527.31 1039.05 2249.7 936.909 717.555 474.741 169.866 134.418 113.648
threshold=15373.500000000002 15374.500000000002 1008.4376286667809 1709.3154359669959 13332.505445196502 8.5000000000000018 9.5000000000000018 13.500000000000002 2940.7523998671163 1098.5730955021293 118199.50000000001 742.39200711934188 15.500000000000002 118089.50000000001 118153.00000000001 6.5000000000000009 15377.000000000002 118135.50000000001 2656.5557746335844
decision_type=2 2 2 2 2 2 2 2 2 2 2 2 2 2 2 2 2 2 2
left_child=3 2 -2 -1 5 13 -7 9 11 -8 14 16 -13 -3 18 -15 -9 -17 -11
right_child=1 4 -4 -5 -6 6 7 8 -10 10 -12 12 -14 15 -16 17 -18 -19 -20
leaf_value=0.65740920526010027 -0.049271204948425296 0.46106071147051725 -0.87621633782982833 -0.1420127536939538 0.46986599479402813 -0.41645167895725799 0.3640150990869318 -0.15047335773706438 0.29654157161712646 -0.091589116531869644 -0.36935058452866298 -0.13284968191550836 -0.78404114657924295 -0.11187909841537476 0.31650392940411204 0.086083327233791362 0.050862517681988809 0.2501767669159633 0.069291220392499658
leaf_weight=27 25 22 32 23 28 21 28 20 26 23 22 36 21 21 26 24 22 26 21
leaf_count=27 25 22 32 23 28 21 28 20 26 23 22 36 21 21 26 24 22 26 21
internal_value=0.000414574 -0.0321598 -0.513521 0.289675 0.0387384 0.00511281 -0.0546202 -0.0236061 -0.123423 0.0803698 -0.00595701 -0.233717 -0.372762 0.175962 0.108252 0.0876216 -0.0450117 0.171412 -0.0148053
internal_weight=494 444 57 50 387 359 266 245 125 120 92 99 57 93 70 71 42 50 44
internal_count=494 444 57 50 387 359 266 245 125 120 92 99 57 93 70 71 42 50 44
is_linear=0
shrinkage=0.05


Tree=145
num_leaves=17
num_cat=0
split_feature=1 0 0 1 2 1 1 1 1 5 5 5 0 5 5 5
split_gain=1884.08 7876.79 1887.9 905.09 2439.26 2803.73 7482.8 7524.08 898.188 1931.14 1930.9 1104.64 674.539 438.691 501.465 629.986
threshold=118072.00000000001 15381.500000000002 15373.500000000002 118168.50000000001 11.500000000000002 118219.50000000001 118202.00000000001 118189.50000000001 118155.50000000001 5737.6880176849982 2308.8240637146364 3272.4235136537195 15389.000000000002 486.28684855362667 731.38868958810951 1074.2402374938872
decision_type=2 2 2 2 2 2 2 2 2 2 2 2 2 2 2 2
left_child=1 -1 -2 8 12 6 7 -6 9 10 13 -12 -5 -4 -15 -16
right_child=2 -3 3 4 5 -7 -8 -9 -10 -11 11 -13 -14 14 15 -17
leaf_value=-1.0399110460281373 0.4075256550312043 0.34656337102254237 -0.18570325469970705 0.017013862397935658 0.49665863546165262 -0.26160066242922436 1.1599001646041871 -0.70704116106033332 -0.30738935289960923 0.30084024087802785 -0.64510074797130779 -0.14352958979813948 -0.32233208669931629 0.19476377690160596 -0.20881266388399849 0.10631935868944441
leaf_weight=20 30 21 25 27 37 22 22 20 33 37 21 23 32 37 29 35
leaf_count=20 30 21 25 27 37 22 22 20 33 37 21 23 32 37 29 35
internal_value=-0.00590978 -0.329766 0.0249695 -0.00372221 0.088393 0.237605 0.376625 0.0743078 -0.0651324 -0.0265117 -0.0977589 -0.382916 -0.167038 0.00181975 0.0482363 -0.0364748
internal_weight=471 41 430 400 160 101 79 57 240 207 170 44 59 126 101 64
internal_count=471 41 430 400 160 101 79 57 240 207 170 44 59 126 101 64
is_linear=0
shrinkage=0.05


Tree=146
num_leaves=17
num_cat=0
split_feature=1 0 0 1 2 1 1 1 1 5 5 5 0 5 5 5
split_gain=1700.38 7108.8 1703.83 816.843 2201.43 2530.37 6753.22 6790.48 810.615 1742.85 1742.63 996.935 608.771 395.918 452.573 568.563
threshold=118072.00000000001 15381.500000000002 15373.500000000002 118168.50000000001 11.500000000000002 118219.50000000001 118202.00000000001 118189.50000000001 118155.50000000001 5737.6880176849982 2308.8240637146364 3272.4235136537195 15389.000000000002 486.28684855362667 731.38868958810951 1074.2402374938872
decision_type=2 2 2 2 2 2 2 2 2 2 2 2 2 2 2 2
left_child=1 -1 -2 8 12 6 7 -6 9 10 13 -12 -5 -4 -15 -16
right_child=2 -3 3 4 5 -7 -8 -9 -10 -11 11 -13 -14 14 15 -17
leaf_value=-0.98791550159454344 0.38714936693509422 0.32923520406087242 -0.1764180955886841 0.016163173428288213 0.47182570051502543 -0.24852063046260314 1.1019051410935141 -0.67168906450271615 -0.29201987765052101 0.28579822875357963 -0.61284569863762173 -0.1363531081572823 -0.30621548360213641 0.1850255846977234 -0.19837202935897072 0.1010033917427063
leaf_weight=20 30 21 25 27 37 22 22 20 33 37 21 23 32 37 29 35
leaf_count=20 30 21 25 27 37 22 22 20 33 37 21 23 32 37 29 35
internal_value=-0.00561429 -0.313277 0.023721 -0.0035361 0.0839734 0.225725 0.357793 0.0705924 -0.0618757 -0.0251861 -0.0928709 -0.36377 -0.158686 0.00172876 0.0458245 -0.0346511
internal_weight=471 41 430 400 160 101 79 57 240 207 170 44 59 126 101 64
internal_count=471 41 430 400 160 101 79 57 240 207 170 44 59 126 101 64
is_linear=0
shrinkage=0.05


Tree=147
num_leaves=19
num_cat=0
split_feature=1 2 1 1 2 1 5 1 5 1 1 2 1 5 5 1 5 1
split_gain=1626.8 8621 2860.24 2703.58 769.063 3857.16 6120.75 3251.22 2222.36 1392.03 1528.88 949.075 730.093 667.56 482.411 339.502 586.078 592.378
threshold=118086.00000000001 12.500000000000002 118092.00000000001 118069.50000000001 11.500000000000002 118206.00000000001 6385.9000934115729 118166.00000000001 1485.2213415857179 118155.50000000001 118146.50000000001 15.500000000000002 118193.50000000001 9880.7458114611218 2207.9776246180054 118136.50000000001 814.94179593592901 118120.50000000001
decision_type=2 2 2 2 2 2 2 2 2 2 2 2 2 2 2 2 2 2
left_child=1 3 -2 -1 9 6 7 11 -9 10 15 14 -11 -14 -6 16 -4 -18
right_child=2 -3 4 -5 5 -7 -8 8 -10 12 -12 -13 13 -15 -16 -17 17 -19
leaf_value=0.52981792390346527 0.58831108242950658 -1.0226594639861066 -0.15961910784244537 -0.21313668012619022 -0.10715194886614537 0.53942212031947245 -0.75042169189453123 0.060236253624870666 0.75794905948638913 -0.44713713416346801 0.38414014053344725 -0.36308102763217431 0.06188381935159365 -0.32413281883512224 0.2075177261162372 -0.20844656549967253 -0.063367329892658059 0.31218889951705936
leaf_weight=24 22 23 32 25 29 36 25 21 25 27 25 23 24 21 21 26 21 21
leaf_count=24 22 23 32 25 29 36 25 21 25 27 25 23 24 21 21 26 21 21
internal_value=-0.00533357 -0.224083 0.03414 0.150759 0.00180106 0.0765108 -0.039217 0.110196 0.439428 -0.0664617 0.0344107 -0.0972657 -0.241587 -0.118257 0.0250093 -0.0530217 0.00158705 0.124411
internal_weight=471 72 399 49 377 180 144 119 46 197 125 73 72 45 50 100 74 42
internal_count=471 72 399 49 377 180 144 119 46 197 125 73 72 45 50 100 74 42
is_linear=0
shrinkage=0.05


Tree=148
num_leaves=17
num_cat=0
split_feature=1 0 0 1 0 1 5 5 1 1 5 1 1 1 1 5
split_gain=1592.16 6346.1 1779.27 732.793 1097.73 2127.83 2572.91 1211.61 3293.66 978.811 763.75 551.273 539.507 407.013 704.731 266.565
threshold=118072.00000000001 15381.500000000002 15373.500000000002 118138.00000000001 15389.000000000002 118193.50000000001 7700.6418778170964 1485.2213415857179 118168.50000000001 118128.50000000001 609.07268195887116 118218.00000000001 118179.00000000001 118109.00000000001 118118.50000000001 814.94179593592901
decision_type=2 2 2 2 2 2 2 2 2 2 2 2 2 2 2 2
left_child=1 -1 -2 9 5 6 7 10 -9 13 -5 -6 -12 15 -15 -4
right_child=2 -3 3 4 11 -7 -8 8 -10 -11 12 -13 -14 14 -16 -17
leaf_value=-0.94019893169403079 0.39470649282137554 0.3042889481499082 -0.26716942219507128 0.2043844153483709 -0.28374532829038801 0.45006124741501274 -0.4204757867036043 -0.018903328919489135 0.72005157852172852 -0.36036706055913653 -0.28890045572210243 0.023031594549064283 0.049006782259259911 0.27753755217013149 -0.078747674397059861 -0.043014737301402622
leaf_weight=20 30 21 21 24 32 36 27 38 25 28 27 27 21 23 35 36
leaf_count=20 30 21 21 24 32 36 27 38 25 28 27 27 21 23 35 36
internal_value=-0.00506689 -0.302778 0.0233195 -0.00453448 0.045947 0.102355 0.0250875 0.1142 0.274333 -0.0952599 -0.0259159 -0.143356 -0.141066 -0.0307121 0.0625378 -0.125598
internal_weight=471 41 430 400 257 198 162 135 63 143 72 59 48 115 58 57
internal_count=471 41 430 400 257 198 162 135 63 143 72 59 48 115 58 57
is_linear=0
shrinkage=0.05


Tree=149
num_leaves=18
num_cat=0
split_feature=1 2 1 1 1 1 2 2 5 5 1 1 1 5 5 1 2
split_gain=1444.34 7980.31 2579.17 2533.18 660.688 2119.79 6284.08 3967.09 771.172 2076.17 1549.86 1153.64 1485.43 1147.45 670.579 1096.07 65.287
threshold=118086.00000000001 12.500000000000002 118092.00000000001 118069.50000000001 118219.50000000001 118206.00000000001 9.5000000000000018 16.500000000000004 814.94179593592901 2441.8897727593335 118173.00000000001 118155.50000000001 118190.50000000001 5737.6880176849982 353.57926488469275 118120.50000000001 10.500000000000002
decision_type=2 2 2 2 2 2 2 2 2 2 2 2 2 2 2 2 2
left_child=1 3 -2 -1 5 7 -7 8 14 10 16 13 -13 -11 -4 -16 -10
right_child=2 -3 4 -5 -6 6 -8 -9 9 11 -12 12 -14 -15 15 -17 -18
leaf_value=0.51663210590680442 0.55861938053911386 -0.97926081885462224 0.11835943045360703 -0.20252845525741578 -0.26421727832745423 -0.33150520727038385 0.84737087946671719 -0.58567378932032088 0.17667021274566652 -0.14745305766617614 0.60770325293907757 -0.53223305398767651 0.021245007161740905 0.27678960400658686 0.032266962889469029 -0.37224445763756253 0.055469667091965685
leaf_weight=24 22 23 28 25 22 20 26 29 25 28 26 22 27 37 33 34 20
leaf_count=24 22 23 28 25 22 20 26 29 25 28 26 22 27 37 33 34 20
internal_value=-0.00481355 -0.210931 0.0323806 0.149713 0.0016717 0.0181493 0.334816 -0.028992 0.0286643 0.0881268 0.300372 -0.0440612 -0.227255 0.0940389 -0.0871309 -0.173007 0.122803
internal_weight=471 72 399 49 377 355 46 309 280 185 71 114 49 65 95 67 45
internal_count=471 72 399 49 377 355 46 309 280 185 71 114 49 65 95 67 45
is_linear=0
shrinkage=0.05


Tree=150
num_leaves=18
num_cat=0
split_feature=0 5 0 5 2 2 5 5 5 1 1 1 5 1 5 5 0
split_gain=2649.11 3450.47 1227.58 3684.95 2550.56 767.039 1626.34 1227.72 841.166 1307.54 1809.21 608.517 602.672 1292.21 471.875 261.93 235.022
threshold=15373.500000000002 1709.3154359669959 15374.500000000002 14627.96739466606 9.5000000000000018 13.500000000000002 2940.7523998671163 742.39200711934188 1098.5730955021293 118199.50000000001 118170.50000000001 118146.50000000001 6433.8010711332272 118136.50000000001 2067.4523568457666 731.38868958810951 15386.000000000002
decision_type=2 2 2 2 2 2 2 2 2 2 2 2 2 2 2 2 2
left_child=1 -1 4 5 -2 8 7 -7 11 10 12 15 13 14 -10 -4 -9
right_child=2 -3 3 -5 -6 6 -8 16 9 -11 -12 -13 -14 -15 -16 -17 -18
leaf_value=0.77011212596186895 0.23438055753707887 -0.084439625058855328 0.18961251888956343 0.69719033241271977 -0.47343523570469448 0.0082485446324333158 0.25150063610076906 -0.4973209721967578 0.1907559398947091 -0.30963600516319278 0.48147599242982414 0.39925045073032384 0.17391415834426882 -0.35503757751236359 -0.12045845190684001 -0.047300685197114944 -0.27882881560362877
leaf_weight=27 20 21 28 20 35 39 25 20 29 30 21 24 28 30 21 20 32
leaf_count=27 20 21 28 20 35 39 25 20 29 30 21 24 28 30 21 20 32
internal_value=0.0442746 0.396246 0.00424 0.0372531 -0.216048 -0.000783588 -0.105687 -0.203816 0.0518954 -0.0123102 0.0568353 0.193683 -0.0257337 -0.0956104 0.0600459 0.0908987 -0.362864
internal_weight=470 48 422 367 55 347 116 91 231 159 129 72 108 80 50 48 52
internal_count=470 48 422 367 55 347 116 91 231 159 129 72 108 80 50 48 52
is_linear=0
shrinkage=0.05


Tree=151
num_leaves=18
num_cat=0
split_feature=0 5 1 0 1 2 1 1 1 2 1 1 2 1 2 2 1
split_gain=2390.83 3114.05 1242.36 1248.18 2494.76 4432.83 2045.97 1727.76 1313.96 1165.82 1528.32 1409.76 944.787 822.22 579.466 470.483 369.199
threshold=15373.500000000002 1709.3154359669959 118138.00000000001 15389.000000000002 118199.50000000001 16.500000000000004 118188.00000000001 118175.00000000001 118218.00000000001 7.5000000000000009 118094.00000000001 118118.50000000001 12.500000000000002 118149.00000000001 10.500000000000002 13.500000000000002 118092.00000000001
decision_type=2 2 2 2 2 2 2 2 2 2 2 2 2 2 2 2 2
left_child=1 -1 9 4 5 6 7 12 -5 16 -11 15 13 -4 -13 -12 -2
right_child=2 -3 3 8 -6 -7 -8 -9 -10 10 11 14 -14 -15 -16 -17 -18
leaf_value=0.73160652584499786 0.26228119276818779 -0.080217649255480084 0.24914023258067944 -0.36831162222500508 0.61062723731156443 -0.57980687203614611 0.52743494818287517 -0.29805980658531189 0.11638920549993162 -0.53343292951583865 0.26660314448501754 -0.47767467498779298 0.37096529996229544 -0.12551624663174152 -0.13022389028753553 -0.056821519949219447 -0.015057102697236197
leaf_weight=27 21 21 27 29 24 23 31 25 27 25 23 21 36 32 28 22 28
leaf_count=27 21 21 27 29 24 23 31 25 27 25 23 21 36 32 28 22 28
internal_value=0.0420609 0.376433 0.004028 0.0737991 0.132745 0.0668302 0.165325 0.0717794 -0.134617 -0.101459 -0.185979 -0.0935706 0.169105 0.0459367 -0.279131 0.108484 0.103802
internal_weight=470 48 422 254 198 174 151 120 56 168 119 94 95 59 49 45 49
internal_count=470 48 422 254 198 174 151 120 56 168 119 94 95 59 49 45 49
is_linear=0
shrinkage=0.05


Tree=152
num_leaves=17
num_cat=0
split_feature=0 5 1 2 1 1 5 5 5 0 5 5 0 5 1 1
split_gain=2157.72 2810.43 1166.97 6077.47 4467.01 3079.13 1129.22 1644.76 1523.22 1401.81 1021.02 885.927 1427.74 612.938 1204.44 363.705
threshold=15373.500000000002 1709.3154359669959 118206.00000000001 11.500000000000002 118191.50000000001 118186.50000000001 5737.6880176849982 2308.8240637146364 2940.7523998671163 15374.500000000002 7160.3589691786647 1547.0617516005534 15381.500000000002 731.38868958810951 118119.50000000001 118120.50000000001
decision_type=2 2 2 2 2 2 2 2 2 2 2 2 2 2 2 2
left_child=1 -1 4 -4 5 6 7 9 -9 -2 -8 13 -13 14 -11 -15
right_child=2 -3 3 -5 -6 -7 10 8 -10 11 -12 12 -14 15 -16 -17
leaf_value=0.69502620961931028 -0.3862464865048727 -0.076206774371010921 -0.34989602401338776 0.61122483289555507 -0.60569268003586796 0.59365548979152327 0.38802177330543258 -0.66096973855048424 -0.09764302253723145 0.26622720094103564 -0.021594501659274103 -0.050967539846897128 0.51244409239810451 -0.2877346945496706 -0.13186758897806469 -0.01477898514789084
leaf_weight=27 21 21 29 38 31 22 29 20 30 38 32 22 23 26 38 23
leaf_count=27 21 21 29 38 31 22 29 20 30 38 32 22 23 26 38 23
internal_value=0.0399579 0.357612 0.0038266 0.195217 -0.032295 0.0225671 -0.0190354 -0.0676775 -0.322974 -0.000846081 0.173141 0.0467622 0.236998 -0.0217228 0.0671798 -0.159613
internal_weight=470 48 422 67 355 324 302 241 50 191 61 170 45 125 76 49
internal_count=470 48 422 67 355 324 302 241 50 191 61 170 45 125 76 49
is_linear=0
shrinkage=0.05


Tree=153
num_leaves=18
num_cat=0
split_feature=0 5 1 0 1 2 1 1 5 1 2 5 1 1 5 5 5
split_gain=1947.34 2536.41 1163.03 1204.1 2246.24 4000.82 1766.42 1555.33 2039.18 1204.36 1120.9 1688.42 1125.41 951.243 382.83 752.746 283.364
threshold=15373.500000000002 1709.3154359669959 118138.00000000001 15389.000000000002 118199.50000000001 16.500000000000004 118188.00000000001 118155.50000000001 2782.7511815560647 118175.00000000001 11.500000000000002 1008.4376286667809 118087.50000000001 118218.00000000001 2564.0481931076879 814.94179593592901 2656.5557746335844
decision_type=2 2 2 2 2 2 2 2 2 2 2 2 2 2 2 2 2
left_child=1 -1 10 4 5 6 7 16 9 -9 12 -12 -2 -5 15 -14 -4
right_child=2 -3 3 13 -6 -7 -8 8 -10 -11 11 -13 14 -15 -16 -17 -18
leaf_value=0.66027491622500956 0.31695273464376278 -0.072396430515107663 0.17724326327443124 -0.33240123411704758 0.58249283214875802 -0.54782771131266716 0.49652804713095389 0.35445677631280642 -0.51518381118774415 -0.17491620097841537 0.031607310359294601 -0.50364658832550047 -0.15069911710677608 0.080008502884043597 -0.21114229781287058 0.24274546623229984 0.40835323447272898
leaf_weight=27 22 21 36 29 24 23 31 22 20 21 26 34 31 27 35 20 21
leaf_count=27 22 21 36 29 24 23 31 22 20 21 26 34 31 27 35 20 21
internal_value=0.03796 0.339731 0.00363527 0.071142 0.129038 0.0664922 0.160064 0.0731442 -0.0980773 0.0959258 -0.0984284 -0.271703 -0.00216466 -0.133561 -0.0837993 0.00359288 0.262389
internal_weight=470 48 422 254 198 174 151 120 63 43 168 60 108 56 86 51 57
internal_count=470 48 422 254 198 174 151 120 63 43 168 60 108 56 86 51 57
is_linear=0
shrinkage=0.05


Tree=154
num_leaves=17
num_cat=0
split_feature=0 5 0 5 2 2 5 5 5 1 1 5 5 1 5 0
split_gain=1757.48 2289.11 1162.29 3024.31 2566.39 654.177 1699.21 971.322 746.943 997.212 1450.92 596.552 522.383 1074.21 348.193 156.118
threshold=15373.500000000002 1709.3154359669959 15374.500000000002 14627.96739466606 9.5000000000000018 13.500000000000002 2940.7523998671163 742.39200711934188 1098.5730955021293 118199.50000000001 118170.50000000001 716.5140672993208 6433.8010711332272 118136.50000000001 2067.4523568457666 15386.000000000002
decision_type=2 2 2 2 2 2 2 2 2 2 2 2 2 2 2 2
left_child=1 -1 4 5 -2 8 7 -7 11 10 12 -4 13 14 -10 -9
right_child=2 -3 3 -5 -6 6 -8 15 9 -11 -12 -13 -14 -15 -16 -17
leaf_value=0.62726112074322171 0.24092760860919951 -0.068776607513427734 0.039455163809988238 0.63343769311904907 -0.46908061981201171 -0.0074385642241208989 0.26934112834930424 -0.44711906539276242 0.16485236430990285 -0.27039232730865476 0.42992572897956488 0.32729974447025195 0.16158098919051034 -0.32588305582602817 -0.10248314085460844 -0.26904196395771579
leaf_weight=27 20 21 36 20 35 39 25 20 29 30 21 36 28 30 21 32
leaf_count=27 20 21 36 20 35 39 25 20 29 30 21 36 28 30 21 32
internal_value=0.036062 0.322745 0.00345351 0.0355767 -0.210896 0.00111786 -0.0957612 -0.196064 0.0497671 -0.0107357 0.0496495 0.183377 -0.0242931 -0.089349 0.0525715 -0.337533
internal_weight=470 48 422 367 55 347 116 91 231 159 129 72 108 80 50 52
internal_count=470 48 422 367 55 347 116 91 231 159 129 72 108 80 50 52
is_linear=0
shrinkage=0.05


Tree=155
num_leaves=17
num_cat=0
split_feature=5 5 5 5 0 2 5 0 2 2 2 2 1 1 1 1
split_gain=1293.93 9407.65 4406.8 4856.4 3846.95 4637.72 1675.52 1539.73 566.809 2170.32 496.734 387.352 1276.39 288.058 201.159 29.9372
threshold=1169.7525916775728 1008.4376286667809 1774.0482549333872 1342.2681306628042 15374.500000000002 15.500000000000002 11561.002038697343 15381.500000000002 11.500000000000002 8.5000000000000018 6.5000000000000009 13.500000000000002 118173.00000000001 118136.50000000001 118094.00000000001 118160.00000000001
decision_type=2 2 2 2 2 2 2 2 2 2 2 2 2 2 2 2
left_child=1 7 3 -2 -4 6 11 8 9 10 -1 12 13 14 -6 -10
right_child=2 -3 4 -5 5 -7 -8 -9 15 -11 -12 -13 -14 -15 -16 -17
leaf_value=-0.11659270553361803 0.048681999104363577 -1.123878476023674 -0.50515918697629658 1.0292313173413277 -0.081289975416092647 0.66032294247831613 -0.4017881613511306 0.30110124899790836 0.038779163089665503 -0.53616519997206824 0.22338081435723739 -0.12031308693044328 0.31785622223003496 -0.13746528287191648 0.11343239645163219 0.12330191135406494
leaf_weight=21 28 20 35 23 21 28 26 39 22 24 22 34 37 37 36 20
leaf_count=21 28 20 35 23 21 28 26 39 22 24 22 34 37 37 36 20
internal_value=0.00537044 -0.106056 0.0667465 0.490891 -0.0184162 0.0593737 -0.0287235 0.0314871 -0.0649803 -0.155254 0.0573472 0.0300624 0.0690912 -0.028827 0.0416926 0.0790281
internal_weight=473 168 305 51 254 219 191 148 109 67 43 165 131 94 57 42
internal_count=473 168 305 51 254 219 191 148 109 67 43 165 131 94 57 42
is_linear=0
shrinkage=0.05


Tree=156
num_leaves=19
num_cat=0
split_feature=1 2 1 2 1 1 0 5 2 5 1 1 1 1 2 1 3 3
split_gain=1196 9505.82 2742.48 1030.47 2187.33 4445.03 2656.05 1125.45 1005.17 834.198 992.18 1161.24 1461.17 553.882 468.078 982.468 177.431 60.2322
threshold=118086.00000000001 12.500000000000002 118069.50000000001 12.500000000000002 118191.50000000001 118208.00000000001 15377.000000000002 3600.5761705116997 14.500000000000002 11561.002038697343 118186.50000000001 118155.50000000001 118146.50000000001 118136.50000000001 9.5000000000000018 118115.00000000001 3.5000000000000004 3.5000000000000004
decision_type=2 2 2 2 2 2 2 2 2 2 2 2 2 2 2 2 2 2
left_child=1 2 -1 9 6 -6 16 8 -8 10 11 12 13 14 15 -2 -5 -12
right_child=3 -3 -4 4 5 -7 7 -9 -10 -11 17 -13 -14 -15 -16 -17 -18 -19
leaf_value=0.5553941937593313 -0.15776438636164514 -1.0475046829743819 -0.19413569945356121 0.67395169933636989 -0.65553876939027211 0.30761127185821535 0.21893381873766582 0.39358308882940385 -0.19880805396371418 -0.32293733900243587 0.2651776100198428 -0.34886463327067241 0.32676810026168823 -0.31579945087432865 -0.20876582670211793 0.23142904218505411 0.46586158037185665 0.14769058495759965
leaf_weight=26 31 22 23 21 23 25 24 21 36 22 24 28 28 20 25 34 20 20
leaf_count=26 31 22 23 21 23 25 24 21 36 22 24 28 28 20 25 34 20 20
internal_value=0.00510191 -0.184084 0.203574 0.0385154 0.132033 -0.153898 0.244531 0.0785502 -0.0317113 -0.0300107 0.000676801 -0.0552768 0.00429177 -0.0777931 -0.0249028 0.0458137 0.572444 0.211774
internal_weight=473 71 49 402 170 48 122 81 60 232 210 166 138 110 90 65 41 44
internal_count=473 71 49 402 170 48 122 81 60 232 210 166 138 110 90 65 41 44
is_linear=0
shrinkage=0.05


Tree=157
num_leaves=17
num_cat=0
split_feature=5 5 5 5 0 2 0 5 2 2 2 2 1 5 1 1
split_gain=1282.32 8305.4 3930.64 3935.32 3379.07 4111.65 1402.88 1379.15 421.875 1843.68 439.194 344.564 1044.35 253.293 474.114 41.5962
threshold=1169.7525916775728 1008.4376286667809 1774.0482549333872 1342.2681306628042 15374.500000000002 15.500000000000002 15381.500000000002 11561.002038697343 11.500000000000002 8.5000000000000018 6.5000000000000009 13.500000000000002 118173.00000000001 6433.8010711332272 118136.50000000001 118160.00000000001
decision_type=2 2 2 2 2 2 2 2 2 2 2 2 2 2 2 2
left_child=1 6 3 -2 -4 7 8 11 9 10 -1 12 13 14 -6 -10
right_child=2 -3 4 -5 5 -7 -8 -9 15 -11 -12 -13 -14 -15 -16 -17
leaf_value=-0.11441132979733604 0.068451341560908735 -1.062416958808899 -0.47066683837345669 0.95112909804219792 0.040140829636500432 0.62426299921103889 0.2805091448319264 -0.36299341275141789 0.007871932062235746 -0.49788515468438466 0.20526567047292535 -0.11302099648643943 0.29063546190390716 0.10977982374338002 -0.22681189816573571 0.10750303745269776
leaf_weight=21 28 20 35 23 39 28 39 26 22 24 22 34 37 26 29 20
leaf_count=21 28 20 35 23 39 28 39 26 22 24 22 34 37 26 29 20
internal_value=0.00484682 -0.106079 0.065947 0.466522 -0.0144834 0.0584226 0.0231558 -0.0245278 -0.0689247 -0.146807 0.0491443 0.0288062 0.0656163 -0.0229551 -0.0737067 0.0553153
internal_weight=473 168 305 51 254 219 148 191 109 67 43 165 131 94 68 42
internal_count=473 168 305 51 254 219 148 191 109 67 43 165 131 94 68 42
is_linear=0
shrinkage=0.05


Tree=158
num_leaves=20
num_cat=0
split_feature=5 5 5 0 0 2 1 0 1 5 5 1 2 2 2 5 2 5 1
split_gain=1157.29 7495.62 3547.4 3660.19 3049.61 3710.77 1359.39 1266.1 463.607 754.207 1520.79 947.656 380.742 1663.92 396.372 280.233 84.8584 84.7838 37.5405
threshold=1169.7525916775728 1008.4376286667809 1774.0482549333872 15381.500000000002 15374.500000000002 15.500000000000002 118199.50000000001 15381.500000000002 118125.00000000001 2441.8897727593335 3600.5761705116997 118139.50000000001 11.500000000000002 8.5000000000000018 6.5000000000000009 10650.101747959225 10.500000000000002 6433.8010711332272 118160.00000000001
decision_type=2 2 2 2 2 2 2 2 2 2 2 2 2 2 2 2 2 2 2
left_child=1 7 3 -2 -4 6 8 12 16 -10 -11 -12 13 14 -1 -8 -6 -13 -14
right_child=2 -3 4 -5 5 -7 15 -9 9 10 11 17 18 -15 -16 -17 -18 -19 -20
leaf_value=-0.10869076237792062 0.81212973759092133 -1.0092961168289185 -0.44713351726531986 -0.043126674131913623 -0.16266655127207441 0.5930498233863285 -0.1444947212934494 0.26648369416212425 0.35642997311509172 -0.3469948399066925 0.42769775958288286 -0.054710930869692857 0.0074783401055769491 -0.47299089754621193 0.19500239220532506 -0.4060100714365642 -0.023648783434992254 0.087368693238212947 0.10212788701057435
leaf_weight=21 29 20 35 22 21 28 20 39 23 20 21 21 22 24 22 21 23 21 20
leaf_count=21 29 20 35 22 21 28 20 39 23 20 21 21 22 24 22 21 23 21 20
internal_value=0.00460448 -0.100775 0.0626496 0.443196 -0.0137592 0.0555015 -0.0233014 0.021998 0.0464369 0.10307 0.0328623 0.153452 -0.0654785 -0.139466 0.0466871 -0.278442 -0.0899982 0.0163289 0.0525496
internal_weight=473 168 305 51 254 219 191 148 150 106 83 63 109 67 43 41 44 42 42
internal_count=473 168 305 51 254 219 191 148 150 106 83 63 109 67 43 41 44 42 42
is_linear=0
shrinkage=0.05


Tree=159
num_leaves=18
num_cat=0
split_feature=1 2 1 2 1 1 1 2 5 5 1 5 1 2 5 5 5
split_gain=1045.64 8314.4 2052.58 914.17 1212.03 1337.67 6664.97 4474.4 1044.63 1232.51 1283.4 1216.9 1193.25 876.839 657.38 509.929 50.3245
threshold=118086.00000000001 12.500000000000002 118069.50000000001 6.5000000000000009 118096.00000000001 118206.00000000001 118214.50000000001 16.500000000000004 716.5140672993208 2441.8897727593335 118155.50000000001 6086.837204332599 118190.50000000001 12.500000000000002 1169.7525916775728 353.57926488469275 609.07268195887116
decision_type=2 2 2 2 2 2 2 2 2 2 2 2 2 2 2 2 2
left_child=1 2 -1 -2 -5 7 -7 8 15 13 11 -11 -12 14 -10 -6 -17
right_child=3 -3 -4 4 5 6 -8 -9 9 10 12 -13 -14 -15 -16 16 -18
leaf_value=0.49439917115064769 -0.19441687457072432 -0.9800210302526301 -0.15403740017310433 0.43869196414947514 0.060250291724999752 0.99797525167465206 -0.11991639703512191 -0.6603088592489561 0.2608536243438721 -0.088295960923035946 -0.41897103786468509 0.39689678124019079 0.051429190167358946 0.44297495680195942 -0.09700263227735248 -0.28735969930887223 -0.17519405126571655
leaf_weight=26 39 22 23 20 24 20 40 24 33 24 26 28 28 35 21 20 20
leaf_count=26 39 22 23 20 24 20 40 24 33 24 26 28 28 35 21 20 20
internal_value=0.00437425 -0.17252 0.190031 0.0356168 0.0603312 0.0382693 0.252714 -0.00719599 0.0533241 0.110851 -0.00433229 0.172962 -0.17506 0.248036 0.121687 -0.121954 -0.231277
internal_weight=473 71 49 402 363 343 60 283 259 195 106 52 54 89 54 64 40
internal_count=473 71 49 402 363 343 60 283 259 195 106 52 54 89 54 64 40
is_linear=0
shrinkage=0.05


Tree=160
num_leaves=18
num_cat=0
split_feature=1 2 5 1 2 1 2 0 1 1 5 2 1 2 5 5 5
split_gain=2578.89 1935.49 2905.7 1143.9 1969.28 1159.87 1435.94 1764.7 1346.15 1752.66 1093.02 1097.84 791.892 644.421 493.5 308.249 5.62232
threshold=118067.50000000001 16.500000000000004 2308.8240637146364 118125.00000000001 13.500000000000002 118155.50000000001 11.500000000000002 15377.000000000002 118206.00000000001 118175.00000000001 5737.6880176849982 9.5000000000000018 118118.50000000001 9.5000000000000018 1547.0617516005534 7700.6418778170964 1098.5730955021293
decision_type=2 2 2 2 2 2 2 2 2 2 2 2 2 2 2 2 2
left_child=-1 3 -3 4 12 10 15 -8 9 -9 11 -5 13 14 -2 16 -7
right_child=1 2 -4 5 -6 6 7 8 -10 -11 -12 -13 -14 -15 -16 -17 -18
leaf_value=-0.58397480010986325 -0.20191405047662558 0.75683032751083379 -0.038316324463597055 -0.13738394506049878 -0.46494327558053511 -0.10447901368141176 0.48068994737806775 0.087650594835480058 0.28552316271740458 -0.47920069265365606 0.45980127155780792 0.27363792005926374 -0.27685269713401794 0.20726255755871537 0.10172385702962461 -0.32799495598849132 -0.14197009220719337
leaf_weight=20 32 20 27 33 37 20 21 30 23 25 24 32 28 32 23 34 20
leaf_count=20 32 20 27 33 37 20 21 30 23 25 24 32 28 32 23 34 20
internal_value=-0.0281356 -0.00402109 0.300044 -0.0385406 -0.147658 0.0247641 -0.0506924 0.0738487 -0.0356855 -0.170009 0.171438 0.0649653 -0.0455746 0.0288598 -0.0749382 -0.217308 -0.123225
internal_weight=481 461 47 414 152 262 173 99 78 55 89 65 115 87 55 74 40
internal_count=481 461 47 414 152 262 173 99 78 55 89 65 115 87 55 74 40
is_linear=0
shrinkage=0.05


Tree=161
num_leaves=18
num_cat=0
split_feature=1 2 5 1 2 1 2 0 1 1 5 2 5 5 5 5 5
split_gain=2327.45 1746.78 2622.39 1032.37 1777.28 1046.79 1295.93 1592.64 1214.9 1581.77 986.45 990.804 769.821 954.467 598.531 278.195 5.07415
threshold=118067.50000000001 16.500000000000004 2308.8240637146364 118125.00000000001 13.500000000000002 118155.50000000001 11.500000000000002 15377.000000000002 118206.00000000001 118175.00000000001 5737.6880176849982 9.5000000000000018 716.5140672993208 2067.4523568457666 1074.2402374938872 7700.6418778170964 1098.5730955021293
decision_type=2 2 2 2 2 2 2 2 2 2 2 2 2 2 2 2 2
left_child=-1 3 -3 4 12 10 15 -8 9 -9 11 -5 -2 14 -14 16 -7
right_child=1 2 -4 5 -6 6 7 8 -10 -11 -12 -13 13 -15 -16 -17 -18
leaf_value=-0.55477612972259516 -0.28874811649322513 0.71898881614208232 -0.036400436030493845 -0.13051475467103901 -0.44169612075831444 -0.09925506234169007 0.45665544810749242 0.083268069345504056 0.27124699302341626 -0.45524065661430363 0.43681120177110033 0.25995602514594796 -0.036990867838418734 -0.18408456742763521 0.29332307241857053 -0.31159520797869744 -0.13487159043550492
leaf_weight=20 25 20 27 33 37 20 21 30 23 25 24 32 24 34 32 34 20
leaf_count=20 25 20 27 33 37 20 21 30 23 25 24 32 24 34 32 34 20
internal_value=-0.0267288 -0.00382004 0.285042 -0.0366135 -0.140275 0.0235259 -0.0481578 0.0701563 -0.0339012 -0.161509 0.162866 0.061717 -0.0432958 0.0248854 0.15176 -0.206443 -0.117063
internal_weight=481 461 47 414 152 262 173 99 78 55 89 65 115 90 56 74 40
internal_count=481 461 47 414 152 262 173 99 78 55 89 65 115 90 56 74 40
is_linear=0
shrinkage=0.05


Tree=162
num_leaves=18
num_cat=0
split_feature=1 2 5 1 2 1 2 0 1 1 5 2 1 2 5 5 5
split_gain=2100.52 1576.47 2366.71 931.715 1603.99 944.724 1169.58 1437.36 1096.45 1427.55 890.272 894.2 713.405 592.947 433.167 251.071 4.57942
threshold=118067.50000000001 16.500000000000004 2308.8240637146364 118125.00000000001 13.500000000000002 118155.50000000001 11.500000000000002 15377.000000000002 118206.00000000001 118175.00000000001 5737.6880176849982 9.5000000000000018 118118.50000000001 9.5000000000000018 1547.0617516005534 7700.6418778170964 1098.5730955021293
decision_type=2 2 2 2 2 2 2 2 2 2 2 2 2 2 2 2 2
left_child=-1 3 -3 4 12 10 15 -8 9 -9 11 -5 13 14 -2 16 -7
right_child=1 2 -4 5 -6 6 7 8 -10 -11 -12 -13 -14 -15 -16 -17 -18
leaf_value=-0.52703732013702387 -0.18900903228204699 0.68303938150405896 -0.034580437342325847 -0.12398901563702208 -0.41961130975066008 -0.094292299747467057 0.43382267497834709 0.079104671726624179 0.25768464829610743 -0.43247862571477891 0.4149706502755483 0.24695821925997735 -0.26064887259687697 0.20064776837825776 0.095463464571082068 -0.29601544580038858 -0.12812801539897919
leaf_weight=20 32 20 27 33 37 20 21 30 23 25 24 32 28 32 23 34 20
leaf_count=20 32 20 27 33 37 20 21 30 23 25 24 32 28 32 23 34 20
internal_value=-0.0253924 -0.00362903 0.27079 -0.0347829 -0.133261 0.0223496 -0.0457499 0.0666485 -0.0322061 -0.153433 0.154723 0.0586312 -0.041131 0.0295184 -0.0700478 -0.196121 -0.11121
internal_weight=481 461 47 414 152 262 173 99 78 55 89 65 115 87 55 74 40
internal_count=481 461 47 414 152 262 173 99 78 55 89 65 115 87 55 74 40
is_linear=0
shrinkage=0.05


Tree=163
num_leaves=19
num_cat=0
split_feature=1 2 5 1 2 1 2 0 1 1 5 5 5 2 5 5 5 5
split_gain=1895.72 1422.76 2135.95 841.566 1214.63 1008.01 1055.55 1297.21 989.545 1288.36 964.14 720.693 680.353 577.469 530.862 253.164 226.591 4.13293
threshold=118067.50000000001 16.500000000000004 2308.8240637146364 118129.50000000001 13.500000000000002 118155.50000000001 11.500000000000002 15377.000000000002 118206.00000000001 118175.00000000001 716.5140672993208 2067.4523568457666 5737.6880176849982 9.5000000000000018 1074.2402374938872 1257.6678709053197 7700.6418778170964 1098.5730955021293
decision_type=2 2 2 2 2 2 2 2 2 2 2 2 2 2 2 2 2 2
left_child=-1 3 -3 4 10 12 16 -8 9 -9 -2 14 13 -5 -12 -6 17 -7
right_child=1 2 -4 5 15 6 7 8 -10 -11 11 -13 -14 -15 -16 -17 -18 -19
leaf_value=-0.50068542957305906 -0.30110072770289015 0.64888742446899417 -0.032851423599101884 -0.072729447682698567 -0.23526945173740388 -0.089577698707580575 0.41213154253505524 0.075149432222048451 0.24480041420978049 -0.4108546884059906 -0.030561583613355953 -0.13491372795481432 0.39422211597363155 0.25264616775512699 0.28051998168230058 -0.4868465146422386 -0.28121467706035164 -0.12172161370515824
leaf_weight=20 28 20 27 30 20 20 21 30 23 25 24 38 24 25 32 20 34 20
leaf_count=20 28 20 27 30 20 20 21 30 23 25 24 38 24 25 32 20 34 20
internal_value=-0.0241228 -0.00344758 0.25725 -0.0330437 -0.121955 0.0241135 -0.0434624 0.063316 -0.0305958 -0.145762 -0.0435605 0.0331536 0.172096 0.0751686 0.147199 -0.361058 -0.186315 -0.10565
internal_weight=481 461 47 414 162 252 173 99 78 55 122 94 79 55 56 40 74 40
internal_count=481 461 47 414 162 252 173 99 78 55 122 94 79 55 56 40 74 40
is_linear=0
shrinkage=0.05


Tree=164
num_leaves=18
num_cat=0
split_feature=1 2 5 1 2 1 2 0 1 1 2 1 2 5 2 5 0
split_gain=1710.89 1284.05 1927.7 772.372 1322.71 780.945 952.629 1170.74 903.438 1465.82 722.841 641.905 544.785 376.069 216.797 1044.83 164.008
threshold=118067.50000000001 16.500000000000004 2308.8240637146364 118125.00000000001 13.500000000000002 118155.50000000001 11.500000000000002 15377.000000000002 118204.00000000001 118175.00000000001 8.5000000000000018 118118.50000000001 9.5000000000000018 1547.0617516005534 10.500000000000002 7700.6418778170964 15381.500000000002
decision_type=2 2 2 2 2 2 2 2 2 2 2 2 2 2 2 2 2
left_child=-1 3 -3 4 11 10 14 -8 9 -9 -5 12 13 -2 15 -7 -12
right_child=1 2 -4 5 -6 6 7 8 -10 -11 16 -13 -14 -15 -16 -17 -18
leaf_value=-0.47565113067626952 -0.17665637818863617 0.61644304633140568 -0.031208821579262067 -0.036014477184840611 -0.38108779179888802 0.094722584441856106 0.39152495726233438 0.071391956607500723 0.20480430369023928 -0.47326791627066478 0.36079029332507745 -0.24561835186822073 0.19365662373602391 0.088404814056728204 -0.31295830295199445 -0.34935793464000409 0.18344748839735986
leaf_weight=20 32 20 27 35 37 27 21 30 27 21 22 28 32 23 21 26 32
leaf_count=20 32 20 27 35 37 27 21 30 27 21 22 28 32 23 21 26 32
internal_value=-0.0229166 -0.00327521 0.244388 -0.0313915 -0.121054 0.0206265 -0.0412893 0.0601502 -0.029066 -0.15288 0.14098 -0.0373913 0.0296244 -0.0658126 -0.176999 -0.123128 0.255698
internal_weight=481 461 47 414 152 262 173 99 78 51 89 115 87 55 74 53 54
internal_count=481 461 47 414 152 262 173 99 78 51 89 115 87 55 74 53 54
is_linear=0
shrinkage=0.05


Tree=165
num_leaves=18
num_cat=0
split_feature=0 0 2 5 5 2 0 2 5 0 1 5 5 1 2 2 1
split_gain=2866.17 4359.65 5562.93 2661.35 2280.18 1137.01 1437.1 1429.26 1108.72 2194.59 639.962 625.427 627.193 1104.57 223.221 238.224 206.807
threshold=15373.500000000002 15374.500000000002 12.500000000000002 1709.3154359669959 14627.96739466606 13.500000000000002 15379.500000000002 15.500000000000002 1098.5730955021293 15381.500000000002 118177.00000000001 1801.054099104954 11561.002038697343 118173.00000000001 11.500000000000002 9.5000000000000018 118119.50000000001
decision_type=2 2 2 2 2 2 2 2 2 2 2 2 2 2 2 2 2
left_child=3 2 -2 -1 5 8 -7 10 9 16 -8 -10 13 14 15 -13 -3
right_child=1 4 -4 -5 -6 6 7 -9 11 -11 -12 12 -14 -15 -16 -17 -18
leaf_value=0.76324559531428604 0.03777639187340226 0.12689018534577412 -0.95890834501811451 0.0018986632426579793 0.53205506563186644 0.090591223221272235 0.10053816579637075 -0.54639369249343872 -0.28247678166344053 0.59837786455949149 -0.29465962588787081 -0.077717831650295777 -0.23612155697562476 0.29596096750567941 -0.17752492732622407 0.11367900166018258 -0.077138723708965171
leaf_weight=22 28 23 28 24 20 40 21 30 21 24 20 37 22 34 22 29 27
leaf_count=22 28 23 28 24 20 40 21 30 21 24 20 37 22 34 22 29 27
internal_value=-0.00893074 -0.0494185 -0.460566 0.366021 0.0128092 -0.016862 -0.1491 -0.284137 0.0445538 0.205362 -0.0922412 -0.0275662 0.0096082 0.0539201 -0.0395956 0.00638078 0.0167146
internal_weight=472 426 56 46 370 350 111 71 239 74 41 165 144 122 88 66 50
internal_count=472 426 56 46 370 350 111 71 239 74 41 165 144 122 88 66 50
is_linear=0
shrinkage=0.05


Tree=166
num_leaves=18
num_cat=0
split_feature=0 0 2 5 5 2 5 5 0 5 5 5 1 2 0 1 1
split_gain=2586.71 3934.58 5020.54 2401.86 2057.87 1026.15 1432.25 1000.62 1980.61 938.756 564.447 566.041 996.875 201.457 224.434 186.643 177.934
threshold=15373.500000000002 15374.500000000002 12.500000000000002 1709.3154359669959 14627.96739466606 13.500000000000002 2940.7523998671163 1098.5730955021293 15381.500000000002 742.39200711934188 1801.054099104954 11561.002038697343 118173.00000000001 11.500000000000002 15383.500000000002 118119.50000000001 118177.00000000001
decision_type=2 2 2 2 2 2 2 2 2 2 2 2 2 2 2 2 2
left_child=3 2 -2 -1 5 7 9 8 15 -7 -9 12 13 14 -12 -3 -11
right_child=1 4 -4 -5 -6 6 -8 10 -10 16 11 -13 -14 -15 -16 -17 -18
leaf_value=0.72508333135734915 0.035887582407199907 0.12054567622101826 -0.91096292393548151 0.0018037428458531697 0.50545230865478519 -0.038431436935993463 0.2195998701182279 -0.26835293656303766 0.56845897138118751 -0.27891971325432813 0.11687533656756084 -0.22431549158963293 0.28116291283684619 -0.16864867894486948 -0.070655362728314519 -0.073281784079692977 -0.4640380849838257
leaf_weight=22 28 23 28 24 20 37 22 21 24 27 27 22 34 22 39 27 25
leaf_count=22 28 23 28 24 20 37 22 21 24 27 27 22 34 22 39 27 25
internal_value=-0.0084842 -0.0469476 -0.437538 0.34772 0.0121688 -0.0160189 -0.141645 0.0423261 0.195094 -0.230941 -0.0261879 0.00912779 0.0512241 -0.0376159 0.00606174 0.0158788 -0.367919
internal_weight=472 426 56 46 370 350 111 239 74 89 165 144 122 88 66 50 52
internal_count=472 426 56 46 370 350 111 239 74 89 165 144 122 88 66 50 52
is_linear=0
shrinkage=0.05


Tree=167
num_leaves=18
num_cat=0
split_feature=0 0 2 5 5 2 5 5 0 5 1 1 0 1 1 1 2
split_gain=2334.51 3550.96 4531.04 2167.68 1857.22 926.099 1292.6 903.061 1787.51 847.228 549.792 1254.28 365.181 218.456 168.445 160.586 19.0498
threshold=15373.500000000002 15374.500000000002 12.500000000000002 1709.3154359669959 14627.96739466606 13.500000000000002 2940.7523998671163 1098.5730955021293 15381.500000000002 742.39200711934188 118199.50000000001 118173.00000000001 15386.000000000002 118118.50000000001 118119.50000000001 118177.00000000001 10.500000000000002
decision_type=2 2 2 2 2 2 2 2 2 2 2 2 2 2 2 2 2
left_child=3 2 -2 -1 5 7 9 8 14 -7 11 12 13 -9 -3 -11 -15
right_child=1 4 -4 -5 -6 6 -8 10 -10 15 -12 -13 -14 16 -16 -17 -18
leaf_value=0.68882915316657589 0.03409319764468819 0.11451838308054468 -0.86541473865509033 0.0017135481039683026 0.48017972469329834 -0.03650986554252135 0.20861989693208174 -0.013315319653713343 0.54003603557745616 -0.26497373186327794 -0.20741819863518082 0.38548834383487707 0.081616544488229248 -0.22106855392456054 -0.069617686779410756 -0.44083617496490479 -0.15288461333229431
leaf_weight=22 28 23 28 24 20 37 22 33 24 27 33 20 38 20 27 25 21
leaf_count=22 28 23 28 24 20 37 22 33 24 27 33 20 38 20 27 25 21
internal_value=-0.00805999 -0.0446002 -0.415661 0.330334 0.0115603 -0.0152179 -0.134562 0.0402098 0.185339 -0.219394 -0.0248785 0.0207564 -0.0443743 -0.109072 0.0150849 -0.349523 -0.186145
internal_weight=472 426 56 46 370 350 111 239 74 89 165 132 112 74 50 52 41
internal_count=472 426 56 46 370 350 111 239 74 89 165 132 112 74 50 52 41
is_linear=0
shrinkage=0.05


Tree=168
num_leaves=18
num_cat=0
split_feature=0 0 2 5 5 2 0 2 5 0 1 1 1 0 1 1 2
split_gain=2106.89 3204.74 4089.26 1956.33 1676.14 835.805 1182.09 1315.93 815.012 1613.22 521.102 496.187 1131.99 329.576 197.156 152.022 17.1924
threshold=15373.500000000002 15374.500000000002 12.500000000000002 1709.3154359669959 14627.96739466606 13.500000000000002 15379.500000000002 15.500000000000002 1098.5730955021293 15381.500000000002 118177.00000000001 118199.50000000001 118173.00000000001 15386.000000000002 118118.50000000001 118119.50000000001 10.500000000000002
decision_type=2 2 2 2 2 2 2 2 2 2 2 2 2 2 2 2 2
left_child=3 2 -2 -1 5 8 -7 10 9 15 -8 12 13 14 -10 -3 -16
right_child=1 4 -4 -5 -6 6 7 -9 11 -11 -12 -13 -14 -15 16 -17 -18
leaf_value=0.65438769256526774 0.032388536848260895 0.1087924669618192 -0.82214399916785108 0.0016278674205144246 0.4561706829071045 0.089552165828645225 0.10778349127088274 -0.50195084929466249 -0.012649552749864984 0.5130342205365499 -0.2488307958841324 -0.19704729079297095 0.36621391922235491 0.077535707934906606 -0.21001512408256531 -0.066136821111043298 -0.14524037724449521
leaf_weight=22 28 23 28 24 20 40 21 30 33 24 20 33 20 38 20 27 21
leaf_count=22 28 23 28 24 20 40 21 30 33 24 20 33 20 38 20 27 21
internal_value=-0.00765699 -0.0423702 -0.394878 0.313817 0.0109823 -0.014457 -0.127834 -0.250305 0.0381993 0.176072 -0.0661747 -0.0236346 0.0197186 -0.0421556 -0.103619 0.0143307 -0.176838
internal_weight=472 426 56 46 370 350 111 71 239 74 41 165 132 112 74 50 41
internal_count=472 426 56 46 370 350 111 71 239 74 41 165 132 112 74 50 41
is_linear=0
shrinkage=0.05


Tree=169
num_leaves=18
num_cat=0
split_feature=0 0 2 5 5 2 5 5 1 5 1 1 5 5 5 5 1
split_gain=1901.47 2892.28 3690.56 1765.59 1512.72 754.314 1180.83 746.723 958.239 709.832 364.925 963.025 208.679 455.287 365.14 134.762 122.202
threshold=15373.500000000002 15374.500000000002 12.500000000000002 1709.3154359669959 14627.96739466606 13.500000000000002 2940.7523998671163 753.19013452455317 118120.50000000001 742.39200711934188 118199.50000000001 118173.00000000001 6433.8010711332272 2067.4523568457666 1547.0617516005534 3600.5761705116997 118177.00000000001
decision_type=2 2 2 2 2 2 2 2 2 2 2 2 2 2 2 2 2
left_child=3 2 -2 -1 5 7 9 8 -3 -7 11 12 13 14 -9 -15 -11
right_child=1 4 -4 -5 -6 6 -8 10 -10 16 -12 -13 -14 15 -16 -17 -18
leaf_value=0.62166834148493688 0.030769116917092887 0.44510645088942158 -0.7810368163245065 0.0015464733044306437 0.43336217880249023 -0.035124030210883228 0.20656588077545168 -0.066795546433021283 0.0095452615192958296 -0.24787854635743081 -0.15047029425968994 0.34790321364998822 0.08415314663540234 -0.26084739227186549 0.21090938150882721 -0.094138724936379328 -0.40129042434692386
leaf_weight=22 28 23 28 24 20 37 22 29 28 27 37 20 33 22 20 27 25
leaf_count=22 28 23 28 24 20 37 22 29 28 27 37 20 33 22 20 27 25
internal_value=-0.00727414 -0.0402517 -0.375134 0.298126 0.0104332 -0.0137342 -0.121443 0.0362894 0.205975 -0.202523 -0.00974231 0.0247407 -0.0245971 -0.0612171 0.0465534 -0.168988 -0.321634
internal_weight=472 426 56 46 370 350 111 239 51 89 188 151 131 98 49 49 52
internal_count=472 426 56 46 370 350 111 239 51 89 188 151 131 98 49 49 52
is_linear=0
shrinkage=0.05


Tree=170
num_leaves=18
num_cat=0
split_feature=1 5 5 0 5 5 1 2 1 5 0 1 5 5 5 5 1
split_gain=1799.97 1164.13 1573.35 799.441 1910.54 3654.71 2075.49 1848.62 786.078 804.584 563.117 562.303 1184.66 471.36 574.322 319.344 219.812
threshold=118067.50000000001 16635.527422600851 11561.002038697343 15379.500000000002 1485.2213415857179 3977.892601965103 118098.00000000001 15.500000000000002 118140.50000000001 1098.5730955021293 15383.500000000002 118177.00000000001 4524.6463177215128 814.94179593592901 616.23280529935437 1547.0617516005534 118100.00000000001
decision_type=2 2 2 2 2 2 2 2 2 2 2 2 2 2 2 2 2
left_child=-1 2 3 4 6 -6 -2 8 10 -10 15 -11 -13 14 -8 -5 -7
right_child=1 -3 -4 7 5 16 13 -9 9 11 -12 12 -14 -15 -16 -17 -18
leaf_value=-0.48283453941345211 -0.47266120443289933 0.37475963592529299 -0.40055793666839601 -0.15177735033489409 0.77804322087764743 -0.10760738015174867 0.1410385711773022 -0.36707947926643569 0.32904388798134671 0.18974088170836051 -0.25464962588416207 -0.38277619481086733 0.10218771512017531 0.26959827046164059 -0.14362799177932389 0.097641753789150354 0.12400539403869992
leaf_weight=20 22 20 25 21 25 20 37 39 28 31 36 20 34 22 34 33 21
leaf_count=20 22 20 25 21 25 20 37 39 28 31 36 20 34 22 34 33 21
internal_value=-0.0183182 0.00153291 -0.015129 0.00765049 0.0871311 0.301561 -0.0359331 -0.0517958 0.00877597 0.0965846 -0.101473 0.0200097 -0.0774285 0.0673789 0.00471937 0.000645436 0.0110236
internal_weight=488 468 448 423 181 66 115 242 203 113 90 85 54 93 71 54 41
internal_count=488 468 448 423 181 66 115 242 203 113 90 85 54 93 71 54 41
is_linear=0
shrinkage=0.05


Tree=171
num_leaves=19
num_cat=0
split_feature=1 5 5 0 5 5 1 2 1 5 5 0 1 5 1 5 5 5
split_gain=1624.48 1050.63 1419.95 721.495 1724.26 3322.61 1873.13 1668.38 709.436 726.137 516.071 537.173 507.478 1069.16 452.049 425.402 518.325 231.922
threshold=118067.50000000001 16635.527422600851 11561.002038697343 15379.500000000002 1485.2213415857179 3125.1856803868791 118098.00000000001 15.500000000000002 118140.50000000001 1098.5730955021293 3600.5761705116997 15383.500000000002 118177.00000000001 4524.6463177215128 118120.50000000001 814.94179593592901 616.23280529935437 6469.9918058099074
decision_type=2 2 2 2 2 2 2 2 2 2 2 2 2 2 2 2 2 2
left_child=-1 2 3 4 6 -6 -2 8 10 -10 11 14 -11 -14 -5 16 -8 -7
right_child=1 -3 -4 7 5 17 15 -9 9 12 -12 -13 13 -15 -16 -17 -18 -19
leaf_value=-0.45869280815124513 -0.44902815415354613 0.35602165699005128 -0.38053003883361819 0.088947578357613619 0.80580238203207655 0.16548187732696534 0.1339866367546288 -0.34872549986227969 0.31259169897862843 0.18025383228255856 0.10795213139575462 -0.36236705469048541 -0.36363738536834722 0.097078331954338973 -0.23191226664043607 0.25611835210160777 -0.13644659428254646 -0.062044826025764145
leaf_weight=20 22 20 25 23 21 21 37 39 28 31 23 23 20 34 21 22 34 24
leaf_count=20 22 20 25 23 21 21 37 39 28 31 23 23 20 34 21 22 34 24
internal_value=-0.0174023 0.00145627 -0.0143725 0.00726797 0.0827746 0.286483 -0.0341365 -0.049206 0.00833717 0.0917553 -0.096399 -0.166549 0.0190092 -0.0735571 -0.0641901 0.0640099 0.0044834 0.0441343
internal_weight=488 468 448 423 181 66 115 242 203 113 90 67 85 54 44 93 71 45
internal_count=488 468 448 423 181 66 115 242 203 113 90 67 85 54 44 93 71 45
is_linear=0
shrinkage=0.05


Tree=172
num_leaves=18
num_cat=0
split_feature=1 5 5 0 5 5 1 2 1 5 0 1 2 5 5 5 1
split_gain=1466.09 948.195 1281.51 651.15 1556.15 3001.61 1690.5 1505.71 640.266 655.339 475.194 457.999 994.927 383.926 467.789 297.207 191.841
threshold=118067.50000000001 16635.527422600851 11561.002038697343 15379.500000000002 1485.2213415857179 3977.892601965103 118098.00000000001 15.500000000000002 118140.50000000001 1098.5730955021293 15383.500000000002 118177.00000000001 10.500000000000002 814.94179593592901 616.23280529935437 1547.0617516005534 118100.00000000001
decision_type=2 2 2 2 2 2 2 2 2 2 2 2 2 2 2 2 2
left_child=-1 2 3 4 6 -6 -2 8 10 -10 15 -11 -13 14 -8 -5 -7
right_child=1 -3 -4 7 5 16 13 -9 9 11 -12 12 -14 -15 -16 -17 -18
leaf_value=-0.43575815677642826 -0.42657672830603338 0.3382205677032471 -0.36150354099273685 -0.14481611251831056 0.70397348952293404 -0.10196885228157045 0.12728730407921043 -0.33128923391684512 0.29696210750511715 0.1712411399810545 -0.23229065537452698 0.19916020844663895 -0.24108619789282482 0.24331243390386759 -0.12962426303283256 0.095802758950175662 0.1144065953436352
leaf_weight=20 22 20 25 21 25 20 37 39 28 31 36 21 33 22 34 33 21
leaf_count=20 22 20 25 21 25 20 37 39 28 31 36 21 33 22 34 33 21
internal_value=-0.0165322 0.00138345 -0.0136539 0.00690457 0.0786359 0.272159 -0.0324296 -0.0467457 0.00792031 0.0871676 -0.091579 0.0180588 -0.0698793 0.0608095 0.00425923 0.00222875 0.0088576
internal_weight=488 468 448 423 181 66 115 242 203 113 90 85 54 93 71 54 41
internal_count=488 468 448 423 181 66 115 242 203 113 90 85 54 93 71 54 41
is_linear=0
shrinkage=0.05


Tree=173
num_leaves=18
num_cat=0
split_feature=1 5 5 0 5 5 1 2 1 5 5 1 1 5 5 5 5
split_gain=1323.15 855.746 1156.56 587.663 1404.42 2741.94 1525.67 1358.9 577.84 591.443 465.289 478.994 413.344 905.898 346.493 422.179 190.759
threshold=118067.50000000001 16635.527422600851 11561.002038697343 15379.500000000002 1485.2213415857179 3125.1856803868791 118098.00000000001 15.500000000000002 118140.50000000001 1098.5730955021293 3600.5761705116997 118120.50000000001 118177.00000000001 4524.6463177215128 814.94179593592901 616.23280529935437 6469.9918058099074
decision_type=2 2 2 2 2 2 2 2 2 2 2 2 2 2 2 2 2
left_child=-1 2 3 4 6 -6 -2 8 10 -10 11 -5 -11 -14 15 -8 -7
right_child=1 -3 -4 7 5 16 14 -9 9 12 -12 -13 13 -15 -16 -17 -18
leaf_value=-0.41397029876708991 -0.40524789460680699 0.3213095283508301 -0.3434283609390259 -0.0179095699931636 0.73031357242947537 0.14844843092418852 0.12092294982961707 -0.31472476873642363 0.28211400317294255 0.1626790868418832 0.10703658979871999 -0.28531857799081245 -0.33340120196342471 0.090682881719925834 0.23114681701091203 -0.12314304893507677 -0.057901175816853848
leaf_weight=20 22 20 25 33 21 21 37 39 28 31 23 34 20 34 22 34 24
leaf_count=20 22 20 25 33 21 21 37 39 28 31 23 34 20 34 22 34 24
internal_value=-0.0157056 0.00131428 -0.0129712 0.00655934 0.0747041 0.258551 -0.0308082 -0.0444084 0.00752429 0.0828092 -0.0870001 -0.15361 0.0171558 -0.0663853 0.057769 0.00404627 0.0383953
internal_weight=488 468 448 423 181 66 115 242 203 113 90 67 85 54 93 71 45
internal_count=488 468 448 423 181 66 115 242 203 113 90 67 85 54 93 71 45
is_linear=0
shrinkage=0.05


Tree=174
num_leaves=18
num_cat=0
split_feature=1 5 5 0 5 5 1 2 1 5 0 1 2 5 5 5 5
split_gain=1194.14 772.311 1043.79 530.365 1267.49 2474.6 1376.92 1226.41 521.501 533.778 434.543 373.043 843.589 312.71 381.017 271.539 172.16
threshold=118067.50000000001 16635.527422600851 11561.002038697343 15379.500000000002 1485.2213415857179 3125.1856803868791 118098.00000000001 15.500000000000002 118140.50000000001 1098.5730955021293 15383.500000000002 118177.00000000001 10.500000000000002 814.94179593592901 616.23280529935437 1547.0617516005534 6469.9918058099074
decision_type=2 2 2 2 2 2 2 2 2 2 2 2 2 2 2 2 2
left_child=-1 2 3 4 6 -6 -2 8 10 -10 15 -11 -13 14 -8 -5 -7
right_child=1 -3 -4 7 5 16 13 -9 9 11 -12 12 -14 -15 -16 -17 -18
leaf_value=-0.39327178955078129 -0.38498550636524503 0.30524405479431155 -0.32625695228576662 -0.13349638552892776 0.69379791078113373 0.14102600529080345 0.11487679997005978 -0.29898852354440936 0.26800830241824902 0.15454513565186534 -0.21720840682586037 0.18466805347374507 -0.22071500086423124 0.21958947642283008 -0.11698589548468591 0.096497613823775086 -0.055006112530827524
leaf_weight=20 22 20 25 21 21 21 37 39 28 31 36 21 33 22 34 33 24
leaf_count=20 22 20 25 21 21 21 37 39 28 31 36 21 33 22 34 33 24
internal_value=-0.0149203 0.00124857 -0.0123227 0.00623138 0.0709689 0.245624 -0.0292678 -0.042188 0.00714808 0.0786687 -0.0826501 0.016298 -0.063066 0.0548805 0.00384396 0.0070555 0.0364755
internal_weight=488 468 448 423 181 66 115 242 203 113 90 85 54 93 71 54 45
internal_count=488 468 448 423 181 66 115 242 203 113 90 85 54 93 71 54 45
is_linear=0
shrinkage=0.05


Tree=175
num_leaves=19
num_cat=0
split_feature=0 5 1 2 5 0 5 5 5 5 0 2 1 2 0 5 1 5
split_gain=955.703 3498.63 3336.95 1664.55 1044.3 1165.45 774.184 1138.28 2416.38 903.275 665.889 591.071 419.581 977.023 448.305 268.333 232.789 93.4836
threshold=15381.500000000002 9316.2450073070959 118072.00000000001 16.500000000000004 1098.5730955021293 15389.000000000002 486.28684855362667 1774.0482549333872 1074.2402374938872 3125.1856803868791 15374.500000000002 13.500000000000002 118138.00000000001 7.5000000000000009 15386.000000000002 630.44175123797288 118117.00000000001 5330.0045916609661
decision_type=2 2 2 2 2 2 2 2 2 2 2 2 2 2 2 2 2 2
left_child=1 2 -1 4 11 12 -4 8 15 -9 -11 -2 13 -6 17 -8 -17 -14
right_child=3 -3 6 -5 5 -7 7 9 -10 10 -12 -13 14 -15 -16 16 -18 -19
leaf_value=-0.61418604680470068 0.41612851153249325 -0.64599440793196372 -0.16923940271139146 0.49375723543621253 0.15186476033666862 -0.27973862499804109 0.21697340508302054 -0.32417863011360171 0.69271143198013307 -0.15364219695329667 0.1863661865393321 0.053617782078006049 0.11171043940952846 -0.30900007577046107 0.2915074977092445 -0.11428508669847535 0.097445616651983827 -0.024920412032834946
leaf_weight=21 23 24 35 21 23 37 24 22 20 24 36 22 21 23 24 21 34 31
leaf_count=21 23 24 35 21 23 37 24 22 20 24 36 22 21 23 24 21 34 31
internal_value=-0.0056296 -0.0707301 -0.0124755 0.069887 0.0262533 -0.03393 0.0460241 0.0876497 0.201765 -0.0501239 0.0503628 0.238901 0.0406185 -0.0785677 0.112757 0.077475 0.016603 0.0302574
internal_weight=486 261 237 225 204 159 216 181 99 82 60 45 122 46 76 79 55 52
internal_count=486 261 237 225 204 159 216 181 99 82 60 45 122 46 76 79 55 52
is_linear=0
shrinkage=0.05


Tree=176
num_leaves=17
num_cat=0
split_feature=0 5 5 5 5 5 1 2 1 1 2 5 5 5 1 1
split_gain=866.754 2662.19 5212.94 2357.82 978.078 508.678 1113.04 1062.74 450.835 1075.78 410.766 314.56 1537.58 581.94 379.119 165.27
threshold=15374.500000000002 7014.3503702461376 1036.7112526218841 1709.3154359669959 13332.505445196502 753.19013452455317 118119.50000000001 11.500000000000002 118168.50000000001 118195.50000000001 10.500000000000002 2067.4523568457666 2656.5557746335844 1074.2402374938872 118120.50000000001 118125.00000000001
decision_type=2 2 2 2 2 2 2 2 2 2 2 2 2 2 2 2
left_child=1 2 -1 -4 5 6 -2 -8 11 -10 -11 13 -13 -7 -15 -14
right_child=4 -3 3 -5 -6 8 7 -9 9 10 -12 12 15 14 -16 -17
leaf_value=-0.43512028692624516 0.31441670424599005 -0.63572168577285049 0.65162695602134424 -0.064644733667373652 0.29925097880824919 -0.22125062799258602 -0.30724373297257856 0.13623769496168411 0.29160198122262954 0.1157910805940628 -0.16291484993237715 -0.49572696680931944 -0.10449264952630709 -0.074129342734813683 0.20884162598642808 0.050418693158361651
leaf_weight=39 38 21 27 20 31 21 22 35 32 20 39 23 33 20 29 36
leaf_count=39 38 21 27 20 31 21 22 35 32 20 39 23 33 20 29 36
internal_value=-0.00534811 -0.131017 -0.00777509 0.34683 0.030131 0.00615762 0.104808 -0.0349306 -0.0308851 0.0581693 -0.0684383 -0.0809096 -0.141684 -0.0010349 0.0933433 -0.0236693
internal_weight=486 107 86 47 379 348 95 57 253 91 59 162 92 70 49 69
internal_count=486 107 86 47 379 348 95 57 253 91 59 162 92 70 49 69
is_linear=0
shrinkage=0.05


Tree=177
num_leaves=19
num_cat=0
split_feature=0 5 1 2 5 0 5 1 1 1 0 2 2 2 5 1 5 2
split_gain=805.577 3048.96 3007.61 1485.5 931.765 1065.66 672.633 974.657 1551.51 785.117 1155.35 833.682 784.738 535.571 409.276 914.04 892.751 268.738
threshold=15381.500000000002 9316.2450073070959 118072.00000000001 16.500000000000004 1098.5730955021293 15389.000000000002 486.28684855362667 118168.50000000001 118155.50000000001 118086.00000000001 15377.000000000002 12.500000000000002 11.500000000000002 13.500000000000002 2441.8897727593335 118135.50000000001 4524.6463177215128 9.5000000000000018
decision_type=2 2 2 2 2 2 2 2 2 2 2 2 2 2 2 2 2 2
left_child=1 2 -1 4 13 14 -4 8 9 -8 11 -11 -12 -2 15 -6 -16 -18
right_child=3 -3 6 -5 5 -7 7 -9 -10 10 12 -13 -14 -15 16 -17 17 -19
leaf_value=-0.58171485378628685 0.39259618883547576 -0.60187400976816818 -0.15557880333491736 0.46467524738538835 -0.070422869026660923 -0.26886683879671874 -0.18574573993682864 0.33909386780954182 -0.37885212242603306 0.15378483758127737 0.15662909653037788 0.56180490922360193 -0.21724444103240967 0.047524472258307721 -0.23271650755777956 0.40760427474975586 0.24170955930437363 0.0068484357718763683
leaf_weight=21 23 24 35 21 20 37 21 31 20 31 32 21 25 22 32 20 21 29
leaf_count=21 23 24 35 21 20 37 21 31 20 31 32 21 25 22 32 20 21 29
internal_value=-0.00508071 -0.0648498 -0.0104676 0.0642514 0.0230313 -0.0338168 0.0450704 0.0838699 0.0311237 0.0941969 0.148131 0.318562 -0.00735053 0.223894 0.0374689 0.168591 -0.026493 0.10549
internal_weight=486 261 237 225 204 159 216 181 150 130 109 52 57 45 122 40 82 50
internal_count=486 261 237 225 204 159 216 181 150 130 109 52 57 45 122 40 82 50
is_linear=0
shrinkage=0.05


Tree=178
num_leaves=19
num_cat=0
split_feature=0 5 1 2 5 0 5 1 1 1 0 2 2 2 5 1 5 2
split_gain=727.033 2751.68 2714.37 1340.66 840.918 961.76 607.051 879.628 1400.24 708.568 1042.7 752.398 708.226 483.353 369.371 824.921 805.708 242.536
threshold=15381.500000000002 9316.2450073070959 118072.00000000001 16.500000000000004 1098.5730955021293 15389.000000000002 486.28684855362667 118168.50000000001 118155.50000000001 118086.00000000001 15377.000000000002 12.500000000000002 11.500000000000002 13.500000000000002 2441.8897727593335 118135.50000000001 4524.6463177215128 9.5000000000000018
decision_type=2 2 2 2 2 2 2 2 2 2 2 2 2 2 2 2 2 2
left_child=1 2 -1 4 13 14 -4 8 9 -8 11 -11 -12 -2 15 -6 -16 -18
right_child=3 -3 6 -5 5 -7 7 -9 -10 10 12 -13 -14 -15 16 -17 17 -19
leaf_value=-0.55262915179842997 0.37296639292136485 -0.57178033540646245 -0.14779986551829746 0.44144147975104198 -0.066901733577251432 -0.25542349364306477 -0.1764584609440395 0.32213918124475788 -0.35990951955318451 0.14609559785214163 0.14879764430224895 0.53371467239090375 -0.20638220071792604 0.045148249376903885 -0.22108068009838464 0.38722405672073368 0.2296240800902957 0.006506013664706
leaf_weight=21 23 24 35 21 20 37 21 31 20 31 32 21 25 22 32 20 21 29
leaf_count=21 23 24 35 21 20 37 21 31 20 31 32 21 25 22 32 20 21 29
internal_value=-0.00482667 -0.0616073 -0.00994418 0.0610388 0.0218797 -0.0321259 0.0428169 0.0796765 0.0295675 0.089487 0.140724 0.302634 -0.00698299 0.2127 0.0355954 0.160161 -0.0251683 0.100216
internal_weight=486 261 237 225 204 159 216 181 150 130 109 52 57 45 122 40 82 50
internal_count=486 261 237 225 204 159 216 181 150 130 109 52 57 45 122 40 82 50
is_linear=0
shrinkage=0.05


Tree=179
num_leaves=18
num_cat=0
split_feature=1 2 1 1 2 1 1 2 2 1 2 1 1 1 0 5 0
split_gain=664.956 2968.54 2188.87 1647.76 1179.91 4269.53 1941.3 861.659 1538.44 1067.42 725.085 1326.88 1463.65 716.033 591.448 346.121 298.334
threshold=118206.00000000001 11.500000000000002 118191.50000000001 118186.50000000001 8.5000000000000018 118076.00000000001 118069.50000000001 12.500000000000002 13.500000000000002 118155.50000000001 16.500000000000004 118109.00000000001 118162.00000000001 118138.00000000001 15381.500000000002 721.83204897877943 15379.500000000002
decision_type=2 2 2 2 2 2 2 2 2 2 2 2 2 2 2 2 2
left_child=2 -2 3 4 6 -6 -1 9 -9 13 11 -10 -13 16 15 -8 -7
right_child=1 -3 -4 -5 5 7 14 8 10 -11 -12 12 -14 -15 -16 -17 -18
leaf_value=0.51549474497636161 -0.20639526084996762 0.45990505354745048 -0.41253241397002172 0.44788280844688422 -0.71250911230842284 -0.0068616070598363881 0.23499240323349282 0.40945966740449269 -0.38368724366793266 -0.39030730459425184 0.20719662772284614 0.36095458323305307 -0.18845059805446202 0.17053335329581953 -0.16329857148230076 -0.013777226209640503 -0.26833486730853717
leaf_weight=24 32 35 34 20 24 20 27 27 26 27 27 22 27 29 32 29 24
leaf_count=24 32 35 34 20 24 20 27 27 26 27 27 22 27 29 32 29 24
internal_value=-0.00458534 0.141672 -0.0279726 0.00598857 -0.0182248 -0.0780381 0.116889 -0.0115433 0.0738503 -0.121701 -0.0149875 -0.0949738 0.0582211 -0.0223534 0.00817842 0.106165 -0.149483
internal_weight=486 67 419 385 365 253 112 229 129 100 102 75 49 73 88 56 44
internal_count=486 67 419 385 365 253 112 229 129 100 102 75 49 73 88 56 44
is_linear=0
shrinkage=0.05


Tree=180
num_leaves=19
num_cat=0
split_feature=1 5 5 0 2 5 1 5 2 0 1 5 1 1 1 1 1 1
split_gain=1444.56 753.013 3893.99 881.517 2005.7 959.547 806.639 374.532 850.774 536.148 428.886 605.454 377.745 129.124 350.906 385.414 43.2837 5.08827
threshold=118067.50000000001 1485.2213415857179 1801.054099104954 15374.500000000002 15.500000000000002 11561.002038697343 118098.00000000001 486.28684855362667 15.500000000000002 15386.000000000002 118149.00000000001 753.19013452455317 118150.50000000001 118173.00000000001 118136.50000000001 118125.00000000001 118202.00000000001 118094.00000000001
decision_type=2 2 2 2 2 2 2 2 2 2 2 2 2 2 2 2 2 2
left_child=-1 6 -3 -4 5 13 -2 12 9 10 11 -9 -8 14 15 17 -15 -5
right_child=1 2 3 4 -6 -7 7 8 -10 -11 -12 -13 -14 16 -16 -17 -18 -19
leaf_value=-0.42153356075286869 -0.28148663455949113 0.67595745176076893 -0.22433557646615165 -0.0014748182892799378 0.44824087178265604 -0.27230529864629111 -0.27981050740117613 0.26895354086799278 -0.25173421271822671 0.29775282479822635 -0.13363079848112885 -0.077267054282128822 0.009990833388556811 0.16732302695512771 -0.12129210169043612 0.23095173263549806 0.063299399912357335 -0.037140871286392214
leaf_weight=20 34 24 35 20 27 30 23 28 22 24 27 23 22 20 34 25 20 20
leaf_count=20 34 24 35 20 27 30 23 28 22 24 27 23 22 20 34 25 20 20
internal_value=-0.00558378 0.01258 0.0697826 0.00680345 0.0480783 -0.015853 -0.0592756 -0.0145704 0.0302697 0.0910941 0.0275067 0.112815 -0.13813 0.0394964 0.00886412 0.0769458 0.115311 -0.0193078
internal_weight=478 458 255 231 196 169 203 169 124 102 78 51 45 139 99 65 40 40
internal_count=478 458 255 231 196 169 203 169 124 102 78 51 45 139 99 65 40 40
is_linear=0
shrinkage=0.05


Tree=181
num_leaves=18
num_cat=0
split_feature=1 2 0 1 2 2 0 5 0 5 1 5 5 1 2 1 2
split_gain=1324.99 6977.94 1437.86 719.208 3893.98 2838.06 594.543 672.336 1106.08 359.839 352.822 375.523 308.469 301.102 179.065 145.776 29.2941
threshold=118072.00000000001 7.5000000000000009 15373.500000000002 118206.00000000001 16.500000000000004 11.500000000000002 15386.000000000002 486.28684855362667 15374.500000000002 2564.0481931076879 118144.00000000001 1774.0482549333872 731.38868958810951 118120.50000000001 11.500000000000002 118096.00000000001 9.5000000000000018
decision_type=2 2 2 2 2 2 2 2 2 2 2 2 2 2 2 2 2
left_child=1 -1 -2 4 6 -5 7 -4 16 -8 12 -12 -10 15 -13 -14 -9
right_child=2 -3 3 5 -6 -7 9 8 10 -11 11 14 13 -15 -16 -17 -18
leaf_value=0.4230096459388733 0.32848222868783133 -0.84155043313900624 -0.20285527867336689 -0.19958872369700864 -0.59975171089172363 0.46189165536095117 0.33801960476807191 0.30326144814491274 0.18314223927259446 0.041679036617279057 -0.28541577512567695 0.054422746713344877 -0.016230324968214957 0.11275021988770058 -0.12485308726628622 -0.18236682612610899 0.21768389225006102
leaf_weight=20 35 24 39 31 28 34 21 20 25 20 22 26 31 29 30 23 20
leaf_count=20 35 24 39 31 28 34 21 20 25 20 22 26 31 29 30 23 20
internal_value=-0.00530458 -0.26675 0.0212014 -0.00575301 -0.0353668 0.146416 0.0162762 -0.0111376 0.0219464 0.193463 -0.0293495 -0.110381 0.0291735 -0.0172027 -0.0416179 -0.0869922 0.260473
internal_weight=478 44 434 399 334 65 306 265 226 41 186 78 108 83 56 54 40
internal_count=478 44 434 399 334 65 306 265 226 41 186 78 108 83 56 54 40
is_linear=0
shrinkage=0.05


Tree=182
num_leaves=18
num_cat=0
split_feature=1 5 5 0 2 5 1 5 2 0 1 5 1 5 2 1 3
split_gain=1340.98 638.771 3485.6 851.349 1853.02 824.014 667.957 305.801 717.343 459.194 387.559 481.702 358.611 140.008 303.088 191.448 21.4641
threshold=118067.50000000001 1485.2213415857179 1801.054099104954 15374.500000000002 15.500000000000002 11561.002038697343 118098.00000000001 486.28684855362667 15.500000000000002 15386.000000000002 118149.00000000001 753.19013452455317 118150.50000000001 6433.8010711332272 12.500000000000002 118136.50000000001 3.5000000000000004
decision_type=2 2 2 2 2 2 2 2 2 2 2 2 2 2 2 2 2
left_child=-1 6 -3 -4 5 13 -2 12 9 10 11 -9 -8 14 15 -5 -15
right_child=1 2 3 4 -6 -7 7 8 -10 -11 -12 -13 -14 16 -16 -17 -18
leaf_value=-0.40580036640167239 -0.25592849657816047 0.63865351428588235 -0.22158852304731097 0.0068329558652990008 0.4307533688015408 -0.25297794659932454 -0.26273209841355033 0.24484726786613464 -0.2314684878696095 0.27458370688060918 -0.12869446895740652 -0.063969843024792888 0.019634055617180738 0.14079365382591885 0.11520550822218259 -0.1776110827922821 0.071575892539251423
leaf_weight=20 34 24 35 34 27 30 23 28 22 24 27 23 22 24 36 24 21
leaf_count=20 34 24 35 34 27 30 23 28 22 24 27 23 22 24 36 24 21
internal_value=-0.00503936 0.0124611 0.0651462 0.00556103 0.0461235 -0.0153263 -0.0537197 -0.0130386 0.0274788 0.0833302 0.0244829 0.105577 -0.124686 0.0359654 0.00124524 -0.0694887 0.108492
internal_weight=478 458 255 231 196 169 203 169 124 102 78 51 45 139 94 58 45
internal_count=478 458 255 231 196 169 203 169 124 102 78 51 45 139 94 58 45
is_linear=0
shrinkage=0.05


Tree=183
num_leaves=18
num_cat=0
split_feature=1 0 1 1 2 2 0 1 5 0 1 5 5 1 5 1 2
split_gain=1210.24 582.712 1145.73 600.421 3553.01 2496.29 418.699 625.849 579.019 1000.59 318.247 327.641 252.736 257.166 205.262 125.666 27.0293
threshold=118067.50000000001 15373.500000000002 118078.00000000001 118206.00000000001 16.500000000000004 11.500000000000002 15386.000000000002 118138.00000000001 486.28684855362667 15374.500000000002 118144.00000000001 2271.3520262664047 753.19013452455317 118120.50000000001 6595.0612945023195 118096.00000000001 9.5000000000000018
decision_type=2 2 2 2 2 2 2 2 2 2 2 2 2 2 2 2 2
left_child=-1 2 -2 4 6 -5 8 -8 -3 16 12 -12 -11 15 -13 -14 -10
right_child=1 3 -4 5 -6 -7 7 -9 9 10 11 14 13 -15 -16 -17 -18
leaf_value=-0.3855103373527527 -0.077120473271324527 -0.18754008360780205 0.43920510898936876 -0.19126240003012843 -0.57246936048780173 0.42911145739695605 -0.05375275271279472 0.31019072008353699 0.2893895387649536 0.15105983247359595 -0.24140883982181549 0.073523284912109382 -0.018361223254884994 0.10433454225803246 -0.12909050178527834 -0.168812456143939 0.20718658924102784
leaf_weight=20 21 39 22 31 28 34 21 27 20 30 28 25 35 29 25 23 20
leaf_count=20 21 39 22 31 28 34 21 27 20 30 28 25 35 29 25 23 20
internal_value=-0.00478739 0.0118381 0.187046 -0.00631602 -0.0322337 0.133241 0.0147433 0.150965 -0.00912044 0.0204896 -0.0262383 -0.10447 0.025916 -0.0172371 -0.0277836 -0.0780229 0.248288
internal_weight=478 458 43 415 350 65 322 48 274 235 195 78 117 87 50 58 40
internal_count=478 458 43 415 350 65 322 48 274 235 195 78 117 87 50 58 40
is_linear=0
shrinkage=0.05


Tree=184
num_leaves=18
num_cat=0
split_feature=1 5 5 0 2 5 1 5 1 2 2 5 1 5 2 1 3
split_gain=1092.24 565.962 3117.24 794.897 1719.16 710.174 627.076 327.162 574.004 322.548 224.558 323.439 181.818 154.492 250.31 182.84 19.377
threshold=118067.50000000001 1485.2213415857179 1801.054099104954 15374.500000000002 15.500000000000002 11561.002038697343 118098.00000000001 1098.5730955021293 118189.50000000001 9.5000000000000018 11.500000000000002 609.07268195887116 118128.50000000001 6433.8010711332272 12.500000000000002 118136.50000000001 3.5000000000000004
decision_type=2 2 2 2 2 2 2 2 2 2 2 2 2 2 2 2 2
left_child=-1 6 -3 -4 5 13 -2 8 9 12 -11 -12 -8 14 15 -5 -15
right_child=1 2 3 4 -6 -7 7 -9 -10 10 11 -13 -14 16 -16 -17 -18
leaf_value=-0.36623483896255493 -0.24697200813714196 0.60319509704907737 -0.21500030176980156 0.0059450451065512265 0.41416075936070196 -0.23613056898117069 0.19006669491529465 -0.19631631487891787 0.24412837676379995 -0.2344848369807005 0.082023771320070549 -0.15426368872324625 -0.0088357024722629136 0.13898856739203136 0.099203959335055616 -0.17430440386136373 0.07322207987308503
leaf_weight=20 34 24 35 34 27 30 20 21 23 20 28 30 27 24 36 24 21
leaf_count=20 34 24 35 34 27 30 20 21 23 20 28 30 27 24 36 24 21
internal_value=-0.00454802 0.0112462 0.0608379 0.00448905 0.0436836 -0.0155051 -0.0510488 -0.0116323 0.0145728 -0.0276654 -0.0900121 -0.0401939 0.0758036 0.0321119 -0.00435991 -0.0686409 0.108298
internal_weight=478 458 255 231 196 169 203 169 148 125 78 58 47 139 94 58 45
internal_count=478 458 255 231 196 169 203 169 148 125 78 58 47 139 94 58 45
is_linear=0
shrinkage=0.05


Tree=185
num_leaves=18
num_cat=0
split_feature=0 0 2 5 5 1 1 1 5 5 5 5 5 1 1 5 0
split_gain=1211.65 2287.28 2164.39 1205.75 1139.74 586.885 201.567 226.463 185.767 368.147 222.851 199.013 402.156 320.189 346.09 292.224 69.0648
threshold=15373.500000000002 15374.500000000002 10.500000000000002 1964.4091643664879 13332.505445196502 118220.50000000001 118087.50000000001 118213.50000000001 353.57926488469275 679.10714004389399 8805.6179094126655 5737.6880176849982 2308.8240637146364 118117.00000000001 118144.00000000001 3272.4235136537195 15379.500000000002
decision_type=2 2 2 2 2 2 2 2 2 2 2 2 2 2 2 2 2
left_child=3 2 -2 -1 5 6 -3 8 -8 -10 11 12 13 -11 -15 -14 -13
right_child=1 4 -4 -5 -6 -7 7 -9 9 10 -12 16 15 14 -16 -17 -18
leaf_value=0.42425892699149348 0.045862612516983703 0.14180860702808087 -0.58598216880451559 -0.073694348335266113 0.32949452223601167 -0.2708800089359284 0.1071445128707974 0.14340532108520468 -0.17163136005401614 -0.095213019561309079 -0.1573275631382352 0.17332797447840376 -0.25945702240518903 0.25144713750252357 0.0058535926218610257 -0.012503632545471191 0.046559379588473927
leaf_weight=31 23 26 33 20 27 20 27 24 39 26 21 21 23 26 32 25 22
leaf_count=31 23 26 33 20 27 20 27 24 39 26 21 21 23 26 32 25 22
internal_value=-0.00100437 -0.0292679 -0.326474 0.228983 0.017093 -0.00831312 0.00851809 -0.00359923 -0.0170653 -0.0313362 -0.00342033 0.0150485 -0.0153841 0.0505881 0.115947 -0.130835 0.10847
internal_weight=466 415 56 51 359 332 312 286 262 235 196 175 132 84 58 48 43
internal_count=466 415 56 51 359 332 312 286 262 235 196 175 132 84 58 48 43
is_linear=0
shrinkage=0.05


Tree=186
num_leaves=18
num_cat=0
split_feature=0 0 2 5 2 1 2 2 0 2 1 5 1 1 1 5 1
split_gain=1093.51 2064.27 1953.36 1094.58 1054.24 383.249 305.85 428.839 235.256 288.278 510.061 457.068 210.595 153.062 226.242 578.304 142.89
threshold=15373.500000000002 15374.500000000002 10.500000000000002 1709.3154359669959 16.500000000000004 118175.00000000001 12.500000000000002 9.5000000000000018 15381.500000000002 12.500000000000002 118087.50000000001 2656.5557746335844 118204.00000000001 118115.00000000001 118156.50000000001 716.5140672993208 118105.00000000001
decision_type=2 2 2 2 2 2 2 2 2 2 2 2 2 2 2 2 2
left_child=3 2 -2 -1 5 8 7 -7 13 10 -10 -12 -8 16 15 -15 -3
right_child=1 4 -4 -5 -6 6 12 -9 9 -11 11 -13 -14 14 -16 -17 -18
leaf_value=0.45375824928283692 0.043569475671519406 -0.014370923369161546 -0.55668306639700227 -0.0096047337238605208 0.29998484134674069 -0.16477177835380039 -0.2862454781929652 0.14461949964364371 0.24875676468014718 0.23520112481201069 -0.21432490970777429 0.086492107169968746 -0.080852164234070545 -0.1285665663805875 -0.1021858105659485 0.19203782203869943 -0.18098708066073332
leaf_weight=25 23 31 33 26 30 21 24 24 20 24 23 28 26 22 25 39 22
leaf_count=25 23 31 33 26 30 21 24 24 20 24 23 28 26 22 25 39 22
internal_value=-0.000954147 -0.0278045 -0.310151 0.217534 0.0162384 -0.00963516 -0.0943304 0.000236903 0.0247497 0.0853923 0.0347527 -0.0491705 -0.179441 -0.0166968 0.0244926 0.07641 -0.0835323
internal_weight=466 415 56 51 359 329 95 45 234 95 71 51 50 139 86 61 53
internal_count=466 415 56 51 359 329 95 45 234 95 71 51 50 139 86 61 53
is_linear=0
shrinkage=0.05


Tree=187
num_leaves=18
num_cat=0
split_feature=0 0 5 5 5 1 1 5 5 5 1 5 2 1 1 0 5
split_gain=986.895 1863 1773.37 1038.7 1003.93 532.812 167.006 189.372 197.017 324.472 298.27 263.603 239.747 561.971 292.581 252.53 157.931
threshold=15373.500000000002 15374.500000000002 1008.4376286667809 13332.505445196502 1964.4091643664879 118220.50000000001 118213.50000000001 8805.6179094126655 5737.6880176849982 2308.8240637146364 118140.50000000001 1801.054099104954 8.5000000000000018 118119.50000000001 118109.00000000001 15379.500000000002 6595.0612945023195
decision_type=2 2 2 2 2 2 2 2 2 2 2 2 2 2 2 2 2
left_child=4 2 -2 5 -1 6 7 8 9 11 -11 12 13 -3 -14 -16 -10
right_child=1 3 -4 -5 -6 -7 -8 -9 16 10 -12 -13 14 -15 15 -17 -18
leaf_value=0.38484223581129506 0.018675349235534669 0.21024829382076859 -0.54731951528979894 0.31365925382684778 -0.069529392719268807 -0.25900595843791963 0.13393100152413051 -0.14792038400967916 0.1871980187892914 -0.2459562954902649 0.0035386255577854486 0.16096138783863612 -0.19725287602497982 -0.12262605286779858 0.10187708660960199 -0.092459560281464043 -0.001307678520679474
leaf_weight=31 25 32 31 27 20 20 24 21 25 25 23 28 26 21 32 35 20
leaf_count=31 25 32 31 27 20 20 24 21 25 25 23 28 26 21 32 35 20
internal_value=-0.000906439 -0.0264143 -0.294643 0.0154265 0.206657 -0.00882741 0.00720967 -0.00335044 0.00802023 -0.0113171 -0.126407 0.0204318 -0.00651914 0.0783547 -0.0548881 0.000357943 0.103418
internal_weight=466 415 56 359 51 332 312 288 267 222 48 174 146 53 93 67 45
internal_count=466 415 56 359 51 332 312 288 267 222 48 174 146 53 93 67 45
is_linear=0
shrinkage=0.05


Tree=188
num_leaves=18
num_cat=0
split_feature=0 0 2 2 5 1 2 2 0 1 2 2 5 1 1 5 1
split_gain=890.673 1681.36 1753.47 946.685 910.976 344.664 247.979 400.206 217.866 287.439 591.082 378.367 191.088 124.544 217.857 494.332 134.438
threshold=15373.500000000002 15374.500000000002 10.500000000000002 16.500000000000004 1709.3154359669959 118175.00000000001 12.500000000000002 9.5000000000000018 15381.500000000002 118138.00000000001 7.5000000000000009 10.500000000000002 5004.3430880689966 118115.00000000001 118156.50000000001 716.5140672993208 118105.00000000001
decision_type=2 2 2 2 2 2 2 2 2 2 2 2 2 2 2 2 2
left_child=4 2 -2 5 -1 8 7 -7 13 10 -10 -11 -8 16 15 -15 -3
right_child=1 3 -4 -5 -6 6 12 -9 9 11 -12 -13 -14 14 -16 -17 -18
leaf_value=0.41182821488380433 0.055222319520038116 -0.010344228629143007 -0.51348889975836787 0.28353781024614971 -0.010890781420927781 -0.16443460420483635 -0.249996890641492 0.13444947451353073 0.16080393117887004 0.021292901606786818 -0.18022518207629523 0.31484107640774356 -0.051952470351187954 -0.11855076822367581 -0.10429427528381348 0.17786455093285977 -0.17195725332606923
leaf_weight=25 23 31 33 30 26 21 29 24 27 21 24 23 21 22 25 39 22
leaf_count=25 23 31 33 30 26 21 29 24 27 21 24 23 21 22 25 39 22
internal_value=-0.000861119 -0.0250936 -0.279911 0.0146551 0.196324 -0.00986304 -0.0901816 -0.00502976 0.0227449 0.0811031 0.000319643 0.174739 -0.166818 -0.0171402 0.0200145 0.0709607 -0.0774289
internal_weight=466 415 56 359 51 329 95 45 234 95 51 44 50 139 86 61 53
internal_count=466 415 56 359 51 329 95 45 234 95 51 44 50 139 86 61 53
is_linear=0
shrinkage=0.05


Tree=189
num_leaves=18
num_cat=0
split_feature=0 0 5 5 5 1 1 1 2 5 1 5 1 5 1 5 1
split_gain=803.832 1517.43 1591.52 950.174 835.904 459.316 158.477 186.41 465.008 444.368 397.967 359.662 512.26 212.325 420.598 179.799 179.588
threshold=15373.500000000002 15374.500000000002 1008.4376286667809 13332.505445196502 1964.4091643664879 118220.50000000001 118078.00000000001 118150.50000000001 10.500000000000002 6385.9000934115729 118175.00000000001 486.28684855362667 118136.50000000001 2067.4523568457666 118117.00000000001 753.19013452455317 118125.00000000001
decision_type=2 2 2 2 2 2 2 2 2 2 2 2 2 2 2 2 2
left_child=4 2 -2 5 -1 6 -3 11 -9 10 -10 -8 13 14 15 -13 -15
right_child=1 3 -4 -5 -6 -7 7 8 9 -11 -12 12 -14 16 -16 -17 -18
leaf_value=0.34909952177155401 0.03090437662601471 0.14177597448229792 -0.50528641054707191 0.29916309912999473 -0.065508376359939585 -0.24155883491039276 -0.23560679316520694 0.20434096162066318 0.20741767883300782 -0.19887464890877407 -0.057054752551696522 0.10075326363245647 -0.17029960320184107 -0.12535397741529677 0.26645278781652454 -0.099580711410159173 0.064774789369624594
leaf_weight=31 25 20 31 27 20 20 20 33 25 24 33 24 38 27 24 21 23
leaf_count=31 25 20 31 27 20 20 20 33 25 24 33 24 38 27 24 21 23
internal_value=-0.000818064 -0.0238389 -0.265916 0.0139224 0.186508 -0.00927491 0.00561509 -0.003711 0.0458513 -0.0179312 0.056942 -0.0359125 -0.0104737 0.0405631 0.0974167 0.00726408 -0.0378947
internal_weight=466 415 56 359 51 332 312 292 115 82 58 177 157 119 69 45 50
internal_count=466 415 56 359 51 332 312 292 115 82 58 177 157 119 69 45 50
is_linear=0
shrinkage=0.05


Tree=190
num_leaves=18
num_cat=0
split_feature=0 0 2 5 5 2 1 1 5 1 5 5 5 1 2 2 5
split_gain=720.89 1687.68 1781.35 1490.98 990.015 807.378 826.628 567.569 598.943 549.09 494.39 628.941 368.318 445.642 272.391 234.676 100.671
threshold=15373.500000000002 15374.500000000002 12.500000000000002 1709.3154359669959 13332.505445196502 13.500000000000002 118087.50000000001 118150.50000000001 5004.3430880689966 118118.50000000001 2940.7523998671163 742.39200711934188 1074.2402374938872 118136.50000000001 7.5000000000000009 10.500000000000002 1774.0482549333872
decision_type=2 2 2 2 2 2 2 2 2 2 2 2 2 2 2 2 2
left_child=3 2 -2 -1 5 6 -3 9 -9 14 11 -7 -11 -14 -8 -10 -13
right_child=1 4 -4 -5 -6 10 7 8 15 12 -12 16 13 -15 -16 -17 -18
leaf_value=0.44762336790561674 -0.043885323405265811 0.3226664467404286 -0.60650394459565482 -0.09845045089721681 0.31102534028200002 -0.016248150326703726 -0.03987828170259794 0.28443615550640972 0.10360236132144929 -0.30379551312197811 0.093544735691764136 -0.22190191129158282 0.063604722221692403 -0.22545904939373337 0.19834036963681381 -0.12618451833724975 -0.36197727970455007
leaf_weight=25 34 24 24 25 26 38 24 32 25 23 22 29 30 24 24 20 23
leaf_count=25 34 24 24 25 26 38 24 32 25 23 22 29 30 24 24 20 23
internal_value=-0.0049302 -0.0261999 -0.276693 0.174586 0.0137138 -0.00915633 0.0452444 0.0122834 0.119069 -0.0534967 -0.118929 -0.170867 -0.136236 -0.0648681 0.079231 0.00147486 -0.283858
internal_weight=472 422 58 50 364 338 226 202 77 125 112 90 77 54 48 45 52
internal_count=472 422 58 50 364 338 226 202 77 125 112 90 77 54 48 45 52
is_linear=0
shrinkage=0.05


Tree=191
num_leaves=18
num_cat=0
split_feature=0 0 2 5 5 2 1 1 5 1 5 5 5 1 2 2 5
split_gain=650.603 1523.13 1607.67 1345.61 893.488 728.659 746.032 512.231 540.546 495.554 446.187 567.619 332.407 402.192 245.833 211.795 90.8559
threshold=15373.500000000002 15374.500000000002 12.500000000000002 1709.3154359669959 13332.505445196502 13.500000000000002 118087.50000000001 118150.50000000001 5004.3430880689966 118118.50000000001 2940.7523998671163 742.39200711934188 1074.2402374938872 118136.50000000001 7.5000000000000009 10.500000000000002 1774.0482549333872
decision_type=2 2 2 2 2 2 2 2 2 2 2 2 2 2 2 2 2
left_child=3 2 -2 -1 5 6 -3 9 -9 14 11 -7 -11 -14 -8 -10 -13
right_child=1 4 -4 -5 -6 10 7 8 15 12 -12 16 13 -15 -16 -17 -18
leaf_value=0.4252422078847885 -0.041691061065477486 0.30653312811627986 -0.57617874046166739 -0.09352793264389038 0.29547404876122108 -0.015435742155501718 -0.037884364773829782 0.2702143462141976 0.098422244906425482 -0.2886057387227598 0.088867506655779749 -0.2108068166107967 0.06042449057102204 -0.21418609507381917 0.18842334970831873 -0.11987529046833517 -0.34387841950292175
leaf_weight=25 34 24 24 25 26 38 24 32 25 23 22 29 30 24 24 20 23
leaf_count=25 34 24 24 25 26 38 24 32 25 23 22 29 30 24 24 20 23
internal_value=-0.00468369 -0.0248899 -0.262858 0.165857 0.0130281 -0.00869851 0.0429822 0.0116692 0.113116 -0.0508218 -0.112983 -0.162324 -0.129424 -0.0616247 0.0752695 0.00140112 -0.269665
internal_weight=472 422 58 50 364 338 226 202 77 125 112 90 77 54 48 45 52
internal_count=472 422 58 50 364 338 226 202 77 125 112 90 77 54 48 45 52
is_linear=0
shrinkage=0.05


Tree=192
num_leaves=18
num_cat=0
split_feature=0 0 5 5 5 2 1 1 5 1 5 5 5 1 2 2 5
split_gain=587.169 1374.63 1476.98 1214.41 806.373 657.614 673.294 462.289 487.843 447.237 402.684 512.276 299.997 362.978 221.864 191.145 81.9975
threshold=15373.500000000002 15374.500000000002 1008.4376286667809 1709.3154359669959 13332.505445196502 13.500000000000002 118087.50000000001 118150.50000000001 5004.3430880689966 118118.50000000001 2940.7523998671163 742.39200711934188 1074.2402374938872 118136.50000000001 7.5000000000000009 10.500000000000002 1774.0482549333872
decision_type=2 2 2 2 2 2 2 2 2 2 2 2 2 2 2 2 2
left_child=3 2 -2 -1 5 6 -3 9 -9 14 11 -7 -11 -14 -8 -10 -13
right_child=1 4 -4 -5 -6 10 7 8 15 12 -12 16 13 -15 -16 -17 -18
leaf_value=0.40398006588220597 0.030202798086863297 0.29120646258816124 -0.47714905440807343 -0.088851530075073237 0.28070033651131848 -0.014663955020277123 -0.035990148782730103 0.25670363232493404 0.093501133084297194 -0.2741754533156105 0.084424125606363476 -0.20026647510199713 0.057403258979320526 -0.20347679263601701 0.17900218535214663 -0.11388152495026589 -0.3266844899758049
leaf_weight=25 26 24 32 25 26 38 24 32 25 23 22 29 30 24 24 20 23
leaf_count=25 26 24 32 25 26 38 24 32 25 23 22 29 30 24 24 20 23
internal_value=-0.00444951 -0.0236455 -0.249715 0.157564 0.0123767 -0.00826359 0.0408331 0.0110858 0.10746 -0.0482807 -0.107334 -0.154208 -0.122953 -0.0585434 0.071506 0.00133106 -0.256182
internal_weight=472 422 58 50 364 338 226 202 77 125 112 90 77 54 48 45 52
internal_count=472 422 58 50 364 338 226 202 77 125 112 90 77 54 48 45 52
is_linear=0
shrinkage=0.05


Tree=193
num_leaves=17
num_cat=0
split_feature=1 0 0 2 0 1 2 5 5 5 1 1 1 5 2 1
split_gain=587.924 2906.36 1203.57 508.833 693.373 1319.87 676.76 191.289 559.921 549.988 530.877 171.528 319.921 114.626 326.827 309.493
threshold=118072.00000000001 15381.500000000002 15373.500000000002 16.500000000000004 15374.500000000002 118186.50000000001 6.5000000000000009 1098.5730955021293 1801.054099104954 716.5140672993208 118145.50000000001 118125.00000000001 118136.50000000001 6433.8010711332272 10.500000000000002 118173.00000000001
decision_type=2 2 2 2 2 2 2 2 2 2 2 2 2 2 2 2
left_child=1 -1 -2 4 5 -4 -6 9 -9 10 -8 -10 -13 15 -15 -14
right_child=2 -3 3 -5 6 -7 7 8 11 -11 -12 12 13 14 -16 -17
leaf_value=-0.55914643009503684 0.31983691354592647 0.21898738568027817 -0.031678728399605588 -0.19067623819623675 -0.2402107927107042 0.49630335703492162 -0.14975761837429472 -0.26685773190997897 -0.085392226984626382 0.22481545387383772 0.14674254380739654 0.21916800975799561 -0.16433577332645655 0.16962429402129992 -0.079099952220916758 0.0831996017176172
leaf_weight=24 30 24 29 35 31 20 36 21 38 34 26 20 28 28 25 23
leaf_count=24 30 24 29 35 31 20 36 21 38 34 26 20 28 28 25 23
internal_value=-0.00422703 -0.17008 0.0145487 -0.00869657 0.00904518 0.183824 -0.0185812 0.00604434 -0.023942 0.0632058 -0.0254188 0.00754708 0.0360285 0.000809333 0.0523015 -0.0527022
internal_weight=472 48 424 394 359 49 310 279 183 96 62 162 124 104 53 51
internal_count=472 48 424 394 359 49 310 279 183 96 62 162 124 104 53 51
is_linear=0
shrinkage=0.05


Tree=194
num_leaves=18
num_cat=0
split_feature=0 0 2 5 5 2 1 1 5 1 5 5 5 1 2 2 5
split_gain=539.441 1299.79 1439.43 1079.61 739.849 590.274 568.89 382.706 429.766 407.034 367.58 465.335 264.574 298.721 177.395 157.233 74.2934
threshold=15373.500000000002 15374.500000000002 12.500000000000002 1709.3154359669959 13332.505445196502 13.500000000000002 118087.50000000001 118150.50000000001 5004.3430880689966 118118.50000000001 2940.7523998671163 742.39200711934188 1074.2402374938872 118136.50000000001 7.5000000000000009 10.500000000000002 1774.0482549333872
decision_type=2 2 2 2 2 2 2 2 2 2 2 2 2 2 2 2 2
left_child=3 2 -2 -1 5 6 -3 9 -9 14 11 -7 -11 -14 -8 -10 -13
right_child=1 4 -4 -5 -6 10 7 8 15 12 -12 16 13 -15 -16 -17 -18
leaf_value=0.38361092948913578 -0.032969455508624811 0.26950152975817526 -0.53871794243653615 -0.081063171863555911 0.26963036060333251 -0.012805917114019395 -0.023847145587205888 0.23977952315472068 0.083684462451376021 -0.25525277360625892 0.082190793752670299 -0.18976873036088615 0.05243274956941605 -0.18423181264661254 0.16839540329140923 -0.10440468214452268 -0.31010146400202876
leaf_weight=25 34 24 24 25 26 38 24 32 25 23 22 29 30 24 24 20 23
leaf_count=25 34 24 24 25 26 38 24 32 25 23 22 29 30 24 24 20 23
internal_value=-0.00401568 -0.0224149 -0.242245 0.151274 0.0126129 -0.00715767 0.0393574 0.0120135 0.0997008 -0.0420019 -0.101018 -0.145803 -0.113239 -0.0527515 0.0722741 8.92871e-05 -0.242993
internal_weight=472 422 58 50 364 338 226 202 77 125 112 90 77 54 48 45 52
internal_count=472 422 58 50 364 338 226 202 77 125 112 90 77 54 48 45 52
is_linear=0
shrinkage=0.05


Tree=195
num_leaves=18
num_cat=0
split_feature=0 5 1 2 5 1 2 1 5 5 5 5 1 5 1 5 2
split_gain=390.065 1044.94 685.201 1075.83 920.582 766.394 885.574 1365.51 1553.37 485.697 479.004 276.167 176.537 166.972 326.728 162.597 123.099
threshold=15373.500000000002 1603.0994304377643 118138.00000000001 11.500000000000002 1008.4376286667809 118155.50000000001 11.500000000000002 118206.00000000001 6385.9000934115729 938.93373483675475 753.19013452455317 2656.5557746335844 118193.50000000001 2564.0481931076879 118113.00000000001 913.14439240147408 9.5000000000000018
decision_type=2 2 2 2 2 2 2 2 2 2 2 2 2 2 2 2 2
left_child=1 -1 3 10 -5 11 12 8 9 -8 -2 15 -7 14 -12 -4 -14
right_child=2 -3 5 4 -6 6 7 -9 -10 -11 13 -13 16 -15 -16 -17 -18
leaf_value=-0.12936234146356582 0.17467757552862168 0.35552068519592289 0.21370618820190429 -0.029333915147516466 -0.4111764258459995 -0.23573385054065335 -0.043680538954558201 0.34723361739606573 -0.3374260369156088 0.2422689123587175 -0.11827540218830108 0.33127109300006524 -0.15793076324462893 -0.14584428234533831 0.1528590813279152 0.014504189399026691 0.0042369286106391391
leaf_weight=20 30 25 20 27 38 31 27 33 28 33 25 22 25 33 20 21 22
leaf_count=20 30 25 20 27 38 31 27 33 28 33 25 22 25 33 20 21 22
internal_value=-0.000120911 0.140017 -0.0146179 -0.0918437 -0.252565 0.0363746 -0.0117413 0.0729445 -0.029914 0.113592 0.00488669 0.18836 -0.143113 -0.0604175 0.00222881 0.111676 -0.0820225
internal_weight=480 45 435 173 65 262 199 121 88 60 108 63 78 78 45 41 47
internal_count=480 45 435 173 65 262 199 121 88 60 108 63 78 78 45 41 47
is_linear=0
shrinkage=0.05


Tree=196
num_leaves=17
num_cat=0
split_feature=5 2 2 5 5 5 1 2 5 5 5 2 0 5 1 1
split_gain=388.763 559.009 720.535 557.444 538.856 713.522 1330.38 464.829 1270.55 331.843 367.662 603.547 682.296 381.072 251.399 165.819
threshold=16635.527422600851 16.500000000000004 15.500000000000002 11561.002038697343 486.28684855362667 630.44175123797288 118072.00000000001 12.500000000000002 1774.0482549333872 8129.7247272814939 1098.5730955021293 7.5000000000000009 15377.000000000002 2656.5557746335844 118155.50000000001 118142.00000000001
decision_type=2 2 2 2 2 2 2 2 2 2 2 2 2 2 2 2
left_child=1 2 3 4 -1 -6 -7 9 -9 10 11 -8 -13 -12 -15 -10
right_child=-2 -3 -4 -5 5 6 7 8 15 -11 13 12 -14 14 -16 -17
leaf_value=-0.16972604190048421 0.20046433884164561 0.20624703509466991 -0.25651992367159937 -0.23984551529089609 0.29770992268686708 -0.26406098329103911 -0.13009931910037995 0.46335200822871664 0.13564464986324309 0.15426068748347463 -0.21376329478290348 -0.038136947024613621 0.35728629858543481 0.081162366271018985 -0.12770396566390993 -0.044831529940877642
leaf_weight=38 23 28 31 24 23 39 25 23 20 32 36 20 24 34 25 35
leaf_count=38 23 28 31 24 23 39 25 23 20 32 36 20 24 34 25 35
internal_value=-0.000114861 -0.0102097 -0.0243374 -0.0062528 0.00873711 0.0289204 0.00916914 0.0480596 0.151293 0.0069767 -0.0217616 0.0660819 0.177548 -0.0855638 -0.00734032 0.0207962
internal_weight=480 457 429 398 374 336 313 274 78 196 164 69 44 95 59 55
internal_count=480 457 429 398 374 336 313 274 78 196 164 69 44 95 59 55
is_linear=0
shrinkage=0.05


Tree=197
num_leaves=18
num_cat=0
split_feature=0 5 1 2 5 1 2 1 5 5 5 5 5 5 1 5 1
split_gain=368.183 917.675 594.295 981.732 794.803 679.363 742.319 1205.45 1387.93 410.37 399.864 250.762 170.538 164.042 284.844 158.372 64.3125
threshold=15373.500000000002 1603.0994304377643 118138.00000000001 11.500000000000002 1008.4376286667809 118155.50000000001 11.500000000000002 118206.00000000001 6385.9000934115729 938.93373483675475 753.19013452455317 2656.5557746335844 7700.6418778170964 2564.0481931076879 118098.00000000001 913.14439240147408 118193.50000000001
decision_type=2 2 2 2 2 2 2 2 2 2 2 2 2 2 2 2 2
left_child=1 -1 3 10 -5 11 12 8 9 -8 -2 15 16 14 -12 -4 -7
right_child=2 -3 5 4 -6 6 7 -9 -10 -11 13 -13 -14 -15 -16 -17 -18
leaf_value=-0.11640137255191803 0.16142093956470491 0.33799592113494875 0.20401570558547977 -0.032225088719968445 -0.38702446504643095 -0.12743139888929286 -0.04002850088808272 0.32324202090050236 -0.32178966434938566 0.22281343846610102 -0.13192730635404587 0.31257087805054407 -0.21861722278690926 -0.13805093968456442 0.12123264345526695 0.007419017595904214 -0.0078541494905948646
leaf_weight=20 30 25 20 27 38 23 27 33 28 33 20 22 33 33 25 21 22
leaf_count=20 30 25 20 27 38 23 27 33 28 33 20 22 33 33 25 21 22
internal_value=-0.000109122 0.136042 -0.0141937 -0.0861144 -0.239646 0.033296 -0.0120057 0.0655285 -0.0311141 0.104535 0.00628905 0.176392 -0.132283 -0.0533771 0.00871711 0.10332 -0.0689714
internal_weight=480 45 435 173 65 262 199 121 88 60 108 63 78 78 45 41 45
internal_count=480 45 435 173 65 262 199 121 88 60 108 63 78 78 45 41 45
is_linear=0
shrinkage=0.05


Tree=198
num_leaves=17
num_cat=0
split_feature=5 2 2 5 5 5 1 2 5 5 5 2 0 5 1 1
split_gain=355.991 478.787 639.896 472.688 489.249 625.338 1161.7 398.742 1132.58 324.456 312.953 543.189 583.318 334.392 202.953 180.553
threshold=16635.527422600851 16.500000000000004 15.500000000000002 11561.002038697343 486.28684855362667 630.44175123797288 118072.00000000001 12.500000000000002 1774.0482549333872 8129.7247272814939 1098.5730955021293 7.5000000000000009 15377.000000000002 2656.5557746335844 118155.50000000001 118142.00000000001
decision_type=2 2 2 2 2 2 2 2 2 2 2 2 2 2 2 2
left_child=1 2 3 4 -1 -6 -7 9 -9 10 11 -8 -13 -12 -15 -10
right_child=-2 -3 -4 -5 5 6 7 8 15 -11 13 12 -14 14 -16 -17
leaf_value=-0.16204253913540589 0.19183527801347816 0.19056035556963513 -0.24164312693380541 -0.22089851001898447 0.27887157357257347 -0.24657252461482315 -0.12644529724121095 0.43533236656499946 0.13733833789825442 0.15267523566726596 -0.20033203843567104 -0.03401440508663655 0.33160438910126688 0.072554300111882838 -0.11511117553710937 -0.050985067582556179
leaf_weight=38 23 28 31 24 23 39 25 23 20 32 36 20 24 34 25 35
leaf_count=38 23 28 31 24 23 39 25 23 20 32 36 20 24 34 25 35
internal_value=-0.000103665 -0.00976361 -0.0228384 -0.00579579 0.0080076 0.0272395 0.00874892 0.0450903 0.140704 0.00703983 -0.0213768 0.0596679 0.165414 -0.0802409 -0.00696497 0.0174962
internal_weight=480 457 429 398 374 336 313 274 78 196 164 69 44 95 59 55
internal_count=480 457 429 398 374 336 313 274 78 196 164 69 44 95 59 55
is_linear=0
shrinkage=0.05


Tree=199
num_leaves=18
num_cat=0
split_feature=0 5 0 2 5 5 2 2 1 2 1 1 2 1 2 1 1
split_gain=346.818 805.531 542.275 2434.74 809.463 369.525 745.592 448.742 1039.44 550.111 133.647 375.708 185.223 395.559 150.696 77.865 74.5159
threshold=15373.500000000002 1603.0994304377643 15374.500000000002 9.5000000000000018 13332.505445196502 753.19013452455317 15.500000000000002 13.500000000000002 118119.50000000001 15.500000000000002 118125.00000000001 118136.50000000001 9.5000000000000018 118158.00000000001 13.500000000000002 118096.00000000001 118199.50000000001
decision_type=2 2 2 2 2 2 2 2 2 2 2 2 2 2 2 2 2
left_child=1 -1 3 -2 5 7 10 8 -4 -9 15 -12 -13 -14 16 -7 -15
right_child=2 -3 4 -5 -6 6 -8 9 -10 -11 11 12 13 14 -16 -17 -18
leaf_value=-0.10447287186980247 0.23048427248001102 0.3212552299499512 0.44401792855489824 -0.40825154402771519 0.2780786440922664 -0.01850137332001248 -0.29675743304766139 -0.20626102114717165 -0.02133063077926636 0.13227476477622988 0.19002200663089752 -0.12829335978434933 0.17866817477803965 0.066720976307988164 -0.15134938831130665 -0.12178953045772181 -0.061992963758000931
leaf_weight=20 25 25 21 37 26 37 26 24 28 24 25 31 26 23 24 36 22
leaf_count=20 25 25 21 37 26 37 26 24 28 24 25 31 26 23 24 36 22
internal_value=-9.84797e-05 0.132043 -0.0137683 -0.150697 0.00899198 -0.0111701 -0.0433099 0.0716644 0.178104 -0.0369931 -0.0138919 0.0129615 -0.0221696 0.0124603 -0.0501688 -0.069438 0.00379416
internal_weight=480 45 435 62 373 347 250 97 49 48 224 151 126 95 69 73 45
internal_count=480 45 435 62 373 347 250 97 49 48 224 151 126 95 69 73 45
is_linear=0
shrinkage=0.05


end of trees

feature_importances:
Column_1=970
Column_5=925
Column_2=753
Column_0=728
Column_3=22

parameters:
[boosting: gbdt]
[objective: regression]
[metric: l1]
[tree_learner: serial]
[device_type: cpu]
[data_sample_strategy: bagging]
[data: ]
[valid: ]
[num_iterations: 200]
[learning_rate: 0.05]
[num_leaves: 31]
[num_threads: 0]
[seed: 42]
[deterministic: 0]
[force_col_wise: 0]
[force_row_wise: 0]
[histogram_pool_size: -1]
[max_depth: -1]
[min_data_in_leaf: 20]
[min_sum_hessian_in_leaf: 0.001]
[bagging_fraction: 0.8]
[pos_bagging_fraction: 1]
[neg_bagging_fraction: 1]
[bagging_freq: 5]
[bagging_seed: 400]
[bagging_by_query: 0]
[feature_fraction: 0.9]
[feature_fraction_bynode: 1]
[feature_fraction_seed: 30056]
[extra_trees: 0]
[extra_seed: 12879]
[early_stopping_round: 0]
[early_stopping_min_delta: 0]
[first_metric_only: 0]
[max_delta_step: 0]
[lambda_l1: 0]
[lambda_l2: 0]
[linear_lambda: 0]
[min_gain_to_split: 0]
[drop_rate: 0.1]
[max_drop: 50]
[skip_drop: 0.5]
[xgboost_dart_mode: 0]
[uniform_drop: 0]
[drop_seed: 17869]
[top_rate: 0.2]
[other_rate: 0.1]
[min_data_per_group: 100]
[max_cat_threshold: 32]
[cat_l2: 10]
[cat_smooth: 10]
[max_cat_to_onehot: 4]
[top_k: 20]
[monotone_constraints: ]
[monotone_constraints_method: basic]
[monotone_penalty: 0]
[feature_contri: ]
[forcedsplits_filename: ]
[refit_decay_rate: 0.9]
[cegb_tradeoff: 1]
[cegb_penalty_split: 0]
[cegb_penalty_feature_lazy: ]
[cegb_penalty_feature_coupled: ]
[path_smooth: 0]
[interaction_constraints: ]
[verbosity: -1]
[saved_feature_importance_type: 0]
[use_quantized_grad: 0]
[num_grad_quant_bins: 4]
[quant_train_renew_leaf: 0]
[stochastic_rounding: 1]
[linear_tree: 0]
[max_bin: 255]
[max_bin_by_feature: ]
[min_data_in_bin: 3]
[bin_construct_sample_cnt: 200000]
[data_random_seed: 175]
[is_enable_sparse: 1]
[enable_bundle: 1]
[use_missing: 1]
[zero_as_missing: 0]
[feature_pre_filter: 1]
[pre_partition: 0]
[two_round: 0]
[header: 0]
[label_column: ]
[weight_column: ]
[group_column: ]
[ignore_column: ]
[categorical_feature: ]
[forcedbins_filename: ]
[precise_float_parser: 0]
[parser_config_file: ]
[objective_seed: 16083]
[num_class: 1]
[is_unbalance: 0]
[scale_pos_weight: 1]
[sigmoid: 1]
[boost_from_average: 1]
[reg_sqrt: 0]
[alpha: 0.9]
[fair_c: 1]
[poisson_max_delta_step: 0.7]
[tweedie_variance_power: 1.5]
[lambdarank_truncation_level: 30]
[lambdarank_norm: 1]
[label_gain: ]
[lambdarank_position_bias_regularization: 0]
[eval_at: ]
[multi_error_top_k: 1]
[auc_mu_weights: ]
[num_machines: 1]
[local_listen_port: 12400]
[time_out: 120]
[machine_list_filename: ]
[machines: ]
[gpu_platform_id: -1]
[gpu_device_id: -1]
[gpu_device_id_list: ]
[gpu_use_dp: 0]
[num_gpu: 1]

end of parameters

pandas_categorical:null
